SNP,gene,tRNA_gene,lincRNA_gene,miRNA_gene,mRNA,transcript,lincRNA,miRNA,exon,CDS,five_prime_UTR,three_prime_UTR,contig
chr1:439962,0,0,0,0,0,0,0,0,0,0,0,0,0
chr1:1072919,1,0,0,0,1,0,0,0,1,1,1,0,0
chr1:1443463,0,0,0,0,0,0,0,0,0,0,0,0,0
chr1:2885647,1,0,0,0,1,0,0,0,0,0,0,0,0
chr1:2887352,1,0,0,0,1,0,0,0,0,0,0,0,0
chr1:2890233,1,0,0,0,1,0,0,0,1,0,0,1,0
chr1:2891119,1,0,0,0,1,0,0,0,1,1,0,1,0
chr1:2891806,1,0,0,0,1,0,0,0,1,0,0,1,0
chr1:2891885,1,0,0,0,1,0,0,0,1,0,0,1,0
chr1:2892099,1,0,0,0,1,0,0,0,1,0,0,1,0
chr1:2990334,1,0,0,0,1,0,0,0,0,0,0,0,0
chr1:2993267,1,0,0,0,1,0,0,0,0,0,0,0,0
chr1:2997967,0,0,0,0,0,0,0,0,0,0,0,0,0
chr1:3696343,0,0,0,0,0,0,0,0,0,0,0,0,0
chr1:3973281,0,0,0,0,0,0,0,0,0,0,0,0,0
chr1:4114033,1,0,0,0,1,0,0,0,0,0,0,0,0
chr1:4840255,1,0,0,0,1,0,0,0,1,1,0,0,0
chr1:5014900,0,0,0,0,0,0,0,0,0,0,0,0,0
chr1:5209162,0,0,0,0,0,0,0,0,0,0,0,0,0
chr1:6536337,0,0,0,0,0,0,0,0,0,0,0,0,0
chr1:6710194,0,0,0,0,0,0,0,0,0,0,0,0,0
chr1:6917843,1,0,0,0,1,0,0,0,1,0,1,0,0
chr1:7320376,0,0,0,0,0,0,0,0,0,0,0,0,0
chr1:8681812,0,0,0,0,0,0,0,0,0,0,0,0,0
chr1:8702448,1,0,0,0,1,0,0,0,1,1,0,0,0
chr1:9776987,1,0,0,0,1,0,0,0,1,1,0,0,0
chr1:9781279,0,0,0,0,0,0,0,0,0,0,0,0,0
chr1:9998865,0,0,0,0,0,0,0,0,0,0,0,0,0
chr1:10575003,0,0,0,0,0,0,0,0,0,0,0,0,0
chr1:13830434,0,0,0,0,0,0,0,0,0,0,0,0,0
chr1:13860865,0,0,0,0,0,0,0,0,0,0,0,0,0
chr1:14082823,1,0,0,0,1,0,0,0,0,0,0,0,0
chr1:15340778,0,0,0,0,0,0,0,0,0,0,0,0,0
chr1:15387756,0,0,0,0,0,0,0,0,0,0,0,0,0
chr1:15387789,0,0,0,0,0,0,0,0,0,0,0,0,0
chr1:15387801,0,0,0,0,0,0,0,0,0,0,0,0,0
chr1:15387827,0,0,0,0,0,0,0,0,0,0,0,0,0
chr1:15444757,0,0,0,0,0,0,0,0,0,0,0,0,0
chr1:16509562,0,0,0,0,0,0,0,0,0,0,0,0,0
chr1:17026273,0,0,0,0,0,0,0,0,0,0,0,0,0
chr1:17315185,1,0,0,0,1,0,0,0,0,0,0,0,0
chr1:19316889,1,0,0,0,1,0,0,0,0,0,0,0,0
chr1:19702417,0,0,0,0,0,0,0,0,0,0,0,0,0
chr1:19703331,0,0,0,0,0,0,0,0,0,0,0,0,0
chr1:19704093,0,0,0,0,0,0,0,0,0,0,0,0,0
chr1:19724719,0,0,0,0,0,0,0,0,0,0,0,0,0
chr1:19725292,0,0,0,0,0,0,0,0,0,0,0,0,0
chr1:23055879,0,0,0,0,0,0,0,0,0,0,0,0,0
chr1:24062367,0,0,0,0,0,0,0,0,0,0,0,0,0
chr1:25271302,0,0,0,0,0,0,0,0,0,0,0,0,0
chr1:26866497,0,0,0,0,0,0,0,0,0,0,0,0,0
chr1:27338155,0,0,0,0,0,0,0,0,0,0,0,0,0
chr1:27339237,0,0,0,0,0,0,0,0,0,0,0,0,0
chr1:27340691,0,0,0,0,0,0,0,0,0,0,0,0,0
chr1:28418496,0,0,0,0,0,0,0,0,0,0,0,0,0
chr1:28486368,0,0,0,0,0,0,0,0,0,0,0,0,0
chr1:29828549,0,0,0,0,0,0,0,0,0,0,0,0,0
chr1:29876722,0,0,0,0,0,0,0,0,0,0,0,0,0
chr1:30547166,0,0,0,0,0,0,0,0,0,0,0,0,0
chr1:30547168,0,0,0,0,0,0,0,0,0,0,0,0,0
chr1:30807984,0,0,0,0,0,0,0,0,0,0,0,0,0
chr1:30808005,0,0,0,0,0,0,0,0,0,0,0,0,0
chr1:30808360,0,0,0,0,0,0,0,0,0,0,0,0,0
chr1:31497418,0,0,0,0,0,0,0,0,0,0,0,0,0
chr1:36485056,1,0,0,0,1,0,0,0,0,0,0,0,0
chr1:36485083,1,0,0,0,1,0,0,0,0,0,0,0,0
chr1:36754731,1,0,0,0,1,0,0,0,1,0,1,0,0
chr1:37677313,0,0,0,0,0,0,0,0,0,0,0,0,0
chr1:37792708,0,0,0,0,0,0,0,0,0,0,0,0,0
chr1:37814268,0,0,0,0,0,0,0,0,0,0,0,0,0
chr1:37904675,0,0,0,0,0,0,0,0,0,0,0,0,0
chr1:38111021,0,0,0,0,0,0,0,0,0,0,0,0,0
chr1:38522002,1,0,0,0,1,0,0,0,1,0,0,1,0
chr1:38706121,0,0,0,0,0,0,0,0,0,0,0,0,0
chr1:38706570,0,0,0,0,0,0,0,0,0,0,0,0,0
chr1:38706819,0,0,0,0,0,0,0,0,0,0,0,0,0
chr1:38707483,0,0,0,0,0,0,0,0,0,0,0,0,0
chr1:38708392,0,0,0,0,0,0,0,0,0,0,0,0,0
chr1:38708566,0,0,0,0,0,0,0,0,0,0,0,0,0
chr1:38899035,0,0,0,0,0,0,0,0,0,0,0,0,0
chr1:39926041,0,0,0,0,0,0,0,0,0,0,0,0,0
chr1:40920185,0,0,0,0,0,0,0,0,0,0,0,0,0
chr1:40934227,0,0,0,0,0,0,0,0,0,0,0,0,0
chr1:41790769,0,0,0,0,0,0,0,0,0,0,0,0,0
chr1:41791324,0,0,0,0,0,0,0,0,0,0,0,0,0
chr1:41791504,0,0,0,0,0,0,0,0,0,0,0,0,0
chr1:41807066,0,0,0,0,0,0,0,0,0,0,0,0,0
chr1:41896476,0,0,0,0,0,0,0,0,0,0,0,0,0
chr1:41896739,0,0,0,0,0,0,0,0,0,0,0,0,0
chr1:42248139,0,0,0,0,0,0,0,0,0,0,0,0,0
chr1:45116011,0,0,0,0,0,0,0,0,0,0,0,0,0
chr1:45130194,0,0,0,0,0,0,0,0,0,0,0,0,0
chr1:45561108,0,0,0,0,0,0,0,0,0,0,0,0,0
chr1:46032028,0,0,0,0,0,0,0,0,0,0,0,0,0
chr1:48358759,0,0,0,0,0,0,0,0,0,0,0,0,0
chr1:48394833,0,0,0,0,0,0,0,0,0,0,0,0,0
chr1:48397898,0,0,0,0,0,0,0,0,0,0,0,0,0
chr1:48414860,0,0,0,0,0,0,0,0,0,0,0,0,0
chr1:48601825,0,0,0,0,0,0,0,0,0,0,0,0,0
chr1:48605456,0,0,0,0,0,0,0,0,0,0,0,0,0
chr1:48634491,0,0,0,0,0,0,0,0,0,0,0,0,0
chr1:48635776,0,0,0,0,0,0,0,0,0,0,0,0,0
chr1:48644518,0,0,0,0,0,0,0,0,0,0,0,0,0
chr1:48646460,0,0,0,0,0,0,0,0,0,0,0,0,0
chr1:48649168,0,0,0,0,0,0,0,0,0,0,0,0,0
chr1:48674620,0,0,0,0,0,0,0,0,0,0,0,0,0
chr1:48694111,0,0,0,0,0,0,0,0,0,0,0,0,0
chr1:48702156,0,0,0,0,0,0,0,0,0,0,0,0,0
chr1:48718626,0,0,0,0,0,0,0,0,0,0,0,0,0
chr1:48728740,0,0,0,0,0,0,0,0,0,0,0,0,0
chr1:48735409,0,0,0,0,0,0,0,0,0,0,0,0,0
chr1:48738539,0,0,0,0,0,0,0,0,0,0,0,0,0
chr1:48746709,0,0,0,0,0,0,0,0,0,0,0,0,0
chr1:48763528,0,0,0,0,0,0,0,0,0,0,0,0,0
chr1:48802628,0,0,0,0,0,0,0,0,0,0,0,0,0
chr1:48853508,0,0,0,0,0,0,0,0,0,0,0,0,0
chr1:48855774,0,0,0,0,0,0,0,0,0,0,0,0,0
chr1:49044287,0,0,0,0,0,0,0,0,0,0,0,0,0
chr1:49758534,0,0,0,0,0,0,0,0,0,0,0,0,0
chr1:50241480,0,0,0,0,0,0,0,0,0,0,0,0,0
chr1:50242719,0,0,0,0,0,0,0,0,0,0,0,0,0
chr1:51729145,0,0,0,0,0,0,0,0,0,0,0,0,0
chr1:53364858,0,0,0,0,0,0,0,0,0,0,0,0,0
chr1:54259207,0,0,0,0,0,0,0,0,0,0,0,0,0
chr1:55200905,0,0,0,0,0,0,0,0,0,0,0,0,0
chr1:55207964,0,0,0,0,0,0,0,0,0,0,0,0,0
chr1:55208556,0,0,0,0,0,0,0,0,0,0,0,0,0
chr1:55219354,0,0,0,0,0,0,0,0,0,0,0,0,0
chr1:56415099,0,0,0,0,0,0,0,0,0,0,0,0,0
chr1:56473370,0,0,0,0,0,0,0,0,0,0,0,0,0
chr1:56592739,0,0,0,0,0,0,0,0,0,0,0,0,0
chr1:56605296,0,0,0,0,0,0,0,0,0,0,0,0,0
chr1:56651298,0,0,0,0,0,0,0,0,0,0,0,0,0
chr1:56679000,0,0,0,0,0,0,0,0,0,0,0,0,0
chr1:58057587,1,0,0,0,1,0,0,0,1,1,0,0,0
chr1:59437068,0,0,0,0,0,0,0,0,0,0,0,0,0
chr1:59444856,1,0,0,0,1,0,0,0,1,0,1,0,0
chr1:59445257,0,0,0,0,0,0,0,0,0,0,0,0,0
chr1:59445695,0,0,0,0,0,0,0,0,0,0,0,0,0
chr1:59445710,0,0,0,0,0,0,0,0,0,0,0,0,0
chr1:59445813,0,0,0,0,0,0,0,0,0,0,0,0,0
chr1:59455183,0,0,0,0,0,0,0,0,0,0,0,0,0
chr1:59455351,0,0,0,0,0,0,0,0,0,0,0,0,0
chr1:59455429,0,0,0,0,0,0,0,0,0,0,0,0,0
chr1:59483009,0,0,0,0,0,0,0,0,0,0,0,0,0
chr1:59483508,0,0,0,0,0,0,0,0,0,0,0,0,0
chr1:59484561,0,0,0,0,0,0,0,0,0,0,0,0,0
chr1:59485395,0,0,0,0,0,0,0,0,0,0,0,0,0
chr1:59486567,0,0,0,0,0,0,0,0,0,0,0,0,0
chr1:59486848,0,0,0,0,0,0,0,0,0,0,0,0,0
chr1:59493536,0,0,0,0,0,0,0,0,0,0,0,0,0
chr1:59493911,0,0,0,0,0,0,0,0,0,0,0,0,0
chr1:59494663,0,0,0,0,0,0,0,0,0,0,0,0,0
chr1:59496793,0,0,0,0,0,0,0,0,0,0,0,0,0
chr1:59497092,0,0,0,0,0,0,0,0,0,0,0,0,0
chr1:59497427,0,0,0,0,0,0,0,0,0,0,0,0,0
chr1:59498025,0,0,0,0,0,0,0,0,0,0,0,0,0
chr1:59499990,0,0,0,0,0,0,0,0,0,0,0,0,0
chr1:59502967,0,0,0,0,0,0,0,0,0,0,0,0,0
chr1:59504375,0,0,0,0,0,0,0,0,0,0,0,0,0
chr1:59504432,0,0,0,0,0,0,0,0,0,0,0,0,0
chr1:59505027,0,0,0,0,0,0,0,0,0,0,0,0,0
chr1:59505396,0,0,0,0,0,0,0,0,0,0,0,0,0
chr1:59506203,0,0,0,0,0,0,0,0,0,0,0,0,0
chr1:59515517,0,0,0,0,0,0,0,0,0,0,0,0,0
chr1:59518937,0,0,0,0,0,0,0,0,0,0,0,0,0
chr1:59519730,0,0,0,0,0,0,0,0,0,0,0,0,0
chr1:59520099,0,0,0,0,0,0,0,0,0,0,0,0,0
chr1:59521026,0,0,0,0,0,0,0,0,0,0,0,0,0
chr1:59526062,0,0,0,0,0,0,0,0,0,0,0,0,0
chr1:59527136,0,0,0,0,0,0,0,0,0,0,0,0,0
chr1:59528108,0,0,0,0,0,0,0,0,0,0,0,0,0
chr1:59531166,0,0,0,0,0,0,0,0,0,0,0,0,0
chr1:59536544,0,0,0,0,0,0,0,0,0,0,0,0,0
chr1:59536561,0,0,0,0,0,0,0,0,0,0,0,0,0
chr1:59538473,0,0,0,0,0,0,0,0,0,0,0,0,0
chr1:59539610,0,0,0,0,0,0,0,0,0,0,0,0,0
chr1:59554528,0,0,0,0,0,0,0,0,0,0,0,0,0
chr1:59555359,0,0,0,0,0,0,0,0,0,0,0,0,0
chr1:59559363,0,0,0,0,0,0,0,0,0,0,0,0,0
chr1:59560340,0,0,0,0,0,0,0,0,0,0,0,0,0
chr1:59560544,0,0,0,0,0,0,0,0,0,0,0,0,0
chr1:59560813,0,0,0,0,0,0,0,0,0,0,0,0,0
chr1:59562475,0,0,0,0,0,0,0,0,0,0,0,0,0
chr1:59562888,0,0,0,0,0,0,0,0,0,0,0,0,0
chr1:59562955,0,0,0,0,0,0,0,0,0,0,0,0,0
chr1:59566551,0,0,0,0,0,0,0,0,0,0,0,0,0
chr1:59566768,0,0,0,0,0,0,0,0,0,0,0,0,0
chr1:59566798,0,0,0,0,0,0,0,0,0,0,0,0,0
chr1:59568108,0,0,0,0,0,0,0,0,0,0,0,0,0
chr1:59568666,0,0,0,0,0,0,0,0,0,0,0,0,0
chr1:59574424,0,0,0,0,0,0,0,0,0,0,0,0,0
chr1:59578275,0,0,0,0,0,0,0,0,0,0,0,0,0
chr1:59590872,0,0,0,0,0,0,0,0,0,0,0,0,0
chr1:59632582,0,0,0,0,0,0,0,0,0,0,0,0,0
chr1:59634254,0,0,0,0,0,0,0,0,0,0,0,0,0
chr1:59647602,0,0,0,0,0,0,0,0,0,0,0,0,0
chr1:59652118,0,0,0,0,0,0,0,0,0,0,0,0,0
chr1:59652928,0,0,0,0,0,0,0,0,0,0,0,0,0
chr1:59656855,0,0,0,0,0,0,0,0,0,0,0,0,0
chr1:59658053,0,0,0,0,0,0,0,0,0,0,0,0,0
chr1:59662416,0,0,0,0,0,0,0,0,0,0,0,0,0
chr1:59663283,0,0,0,0,0,0,0,0,0,0,0,0,0
chr1:59664847,0,0,0,0,0,0,0,0,0,0,0,0,0
chr1:59665372,0,0,0,0,0,0,0,0,0,0,0,0,0
chr1:59665404,0,0,0,0,0,0,0,0,0,0,0,0,0
chr1:59674716,0,0,0,0,0,0,0,0,0,0,0,0,0
chr1:59674961,0,0,0,0,0,0,0,0,0,0,0,0,0
chr1:59676890,0,0,0,0,0,0,0,0,0,0,0,0,0
chr1:59677877,0,0,0,0,0,0,0,0,0,0,0,0,0
chr1:59678467,0,0,0,0,0,0,0,0,0,0,0,0,0
chr1:59678795,0,0,0,0,0,0,0,0,0,0,0,0,0
chr1:59679777,0,0,0,0,0,0,0,0,0,0,0,0,0
chr1:59679806,0,0,0,0,0,0,0,0,0,0,0,0,0
chr1:59681716,0,0,0,0,0,0,0,0,0,0,0,0,0
chr1:59683616,0,0,0,0,0,0,0,0,0,0,0,0,0
chr1:59684120,0,0,0,0,0,0,0,0,0,0,0,0,0
chr1:59692162,0,0,0,0,0,0,0,0,0,0,0,0,0
chr1:59692309,0,0,0,0,0,0,0,0,0,0,0,0,0
chr1:59692594,0,0,0,0,0,0,0,0,0,0,0,0,0
chr1:59693099,0,0,0,0,0,0,0,0,0,0,0,0,0
chr1:59695058,0,0,0,0,0,0,0,0,0,0,0,0,0
chr1:59695673,0,0,0,0,0,0,0,0,0,0,0,0,0
chr1:59706978,0,0,0,0,0,0,0,0,0,0,0,0,0
chr1:59707018,0,0,0,0,0,0,0,0,0,0,0,0,0
chr1:59708214,0,0,0,0,0,0,0,0,0,0,0,0,0
chr1:59727047,0,0,0,0,0,0,0,0,0,0,0,0,0
chr1:59727715,0,0,0,0,0,0,0,0,0,0,0,0,0
chr1:59728750,0,0,0,0,0,0,0,0,0,0,0,0,0
chr1:59738271,0,0,0,0,0,0,0,0,0,0,0,0,0
chr1:59738390,0,0,0,0,0,0,0,0,0,0,0,0,0
chr1:59740236,0,0,0,0,0,0,0,0,0,0,0,0,0
chr1:59740817,0,0,0,0,0,0,0,0,0,0,0,0,0
chr1:59740995,0,0,0,0,0,0,0,0,0,0,0,0,0
chr1:59741329,0,0,0,0,0,0,0,0,0,0,0,0,0
chr1:59741849,0,0,0,0,0,0,0,0,0,0,0,0,0
chr1:59742333,0,0,0,0,0,0,0,0,0,0,0,0,0
chr1:59742483,0,0,0,0,0,0,0,0,0,0,0,0,0
chr1:59742699,0,0,0,0,0,0,0,0,0,0,0,0,0
chr1:59749896,0,0,0,0,0,0,0,0,0,0,0,0,0
chr1:59754464,0,0,0,0,0,0,0,0,0,0,0,0,0
chr1:59754611,0,0,0,0,0,0,0,0,0,0,0,0,0
chr1:59754678,0,0,0,0,0,0,0,0,0,0,0,0,0
chr1:59754703,0,0,0,0,0,0,0,0,0,0,0,0,0
chr1:59754902,0,0,0,0,0,0,0,0,0,0,0,0,0
chr1:59755035,0,0,0,0,0,0,0,0,0,0,0,0,0
chr1:59759352,0,0,0,0,0,0,0,0,0,0,0,0,0
chr1:59770085,1,0,0,0,1,0,0,0,0,0,0,0,0
chr1:59778730,1,0,0,0,1,0,0,0,1,0,1,0,0
chr1:59781520,1,0,0,0,1,0,0,0,1,1,1,0,0
chr1:59784014,1,0,0,0,1,0,0,0,0,0,0,0,0
chr1:59788389,0,0,0,0,0,0,0,0,0,0,0,0,0
chr1:59821587,0,0,0,0,0,0,0,0,0,0,0,0,0
chr1:59821815,0,0,0,0,0,0,0,0,0,0,0,0,0
chr1:59824061,0,0,0,0,0,0,0,0,0,0,0,0,0
chr1:59838457,0,0,0,0,0,0,0,0,0,0,0,0,0
chr1:59840431,0,0,0,0,0,0,0,0,0,0,0,0,0
chr1:59841382,0,0,0,0,0,0,0,0,0,0,0,0,0
chr1:59877636,0,0,0,0,0,0,0,0,0,0,0,0,0
chr1:60341001,1,0,0,0,1,0,0,0,1,0,1,1,0
chr1:60747112,1,0,0,0,1,0,0,0,0,0,0,0,0
chr1:60747247,1,0,0,0,1,0,0,0,1,1,0,0,0
chr1:60749156,0,0,0,0,0,0,0,0,0,0,0,0,0
chr1:60749494,0,0,0,0,0,0,0,0,0,0,0,0,0
chr1:60751065,0,0,0,0,0,0,0,0,0,0,0,0,0
chr1:60751394,0,0,0,0,0,0,0,0,0,0,0,0,0
chr1:60777743,0,0,0,0,0,0,0,0,0,0,0,0,0
chr1:60811984,0,0,0,0,0,0,0,0,0,0,0,0,0
chr1:62288356,0,0,0,0,0,0,0,0,0,0,0,0,0
chr1:63477258,0,0,0,0,0,0,0,0,0,0,0,0,0
chr1:63967541,0,0,0,0,0,0,0,0,0,0,0,0,0
chr1:66644278,1,0,0,0,1,0,0,0,0,0,0,0,0
chr1:66817817,0,0,0,0,0,0,0,0,0,0,0,0,0
chr1:66826690,1,0,0,0,1,0,0,0,0,0,0,0,0
chr1:66827464,1,0,0,0,1,0,0,0,1,1,0,0,0
chr1:68946072,0,0,0,0,0,0,0,0,0,0,0,0,0
chr1:68946110,0,0,0,0,0,0,0,0,0,0,0,0,0
chr1:70865372,1,0,0,0,1,0,0,0,1,1,0,0,0
chr1:70969763,0,0,0,0,0,0,0,0,0,0,0,0,0
chr1:71427850,0,0,0,0,0,0,0,0,0,0,0,0,0
chr1:71516672,0,0,0,0,0,0,0,0,0,0,0,0,0
chr1:71517746,0,0,0,0,0,0,0,0,0,0,0,0,0
chr1:71846195,1,0,0,0,1,0,0,0,0,0,0,0,0
chr1:73842101,0,0,0,0,0,0,0,0,0,0,0,0,0
chr1:73873385,0,0,0,0,0,0,0,0,0,0,0,0,0
chr1:73874770,0,0,0,0,0,0,0,0,0,0,0,0,0
chr1:73896690,0,0,0,0,0,0,0,0,0,0,0,0,0
chr1:73899593,0,0,0,0,0,0,0,0,0,0,0,0,0
chr1:73900417,0,0,0,0,0,0,0,0,0,0,0,0,0
chr1:73969082,0,0,0,0,0,0,0,0,0,0,0,0,0
chr1:73971811,1,0,0,0,1,0,0,0,1,1,0,0,0
chr1:74035453,0,0,0,0,0,0,0,0,0,0,0,0,0
chr1:74040632,0,0,0,0,0,0,0,0,0,0,0,0,0
chr1:74178339,0,0,0,0,0,0,0,0,0,0,0,0,0
chr1:74206333,0,0,0,0,0,0,0,0,0,0,0,0,0
chr1:74208039,0,0,0,0,0,0,0,0,0,0,0,0,0
chr1:74208320,0,0,0,0,0,0,0,0,0,0,0,0,0
chr1:76017849,0,0,0,0,0,0,0,0,0,0,0,0,0
chr1:76147351,0,0,0,0,0,0,0,0,0,0,0,0,0
chr1:77295645,0,0,0,0,0,0,0,0,0,0,0,0,0
chr1:77324769,0,0,0,0,0,0,0,0,0,0,0,0,0
chr1:80667088,0,0,0,0,0,0,0,0,0,0,0,0,0
chr1:81307101,0,0,0,0,0,0,0,0,0,0,0,0,0
chr1:81309112,1,0,0,0,1,0,0,0,1,1,0,0,0
chr1:81342015,1,0,0,0,1,0,0,0,0,0,0,0,0
chr1:81459477,0,0,0,0,0,0,0,0,0,0,0,0,0
chr1:81618399,0,0,0,0,0,0,0,0,0,0,0,0,0
chr1:81620134,0,0,0,0,0,0,0,0,0,0,0,0,0
chr1:81620850,0,0,0,0,0,0,0,0,0,0,0,0,0
chr1:81801271,0,0,0,0,0,0,0,0,0,0,0,0,0
chr1:81966428,0,0,0,0,0,0,0,0,0,0,0,0,0
chr1:82032607,0,0,0,0,0,0,0,0,0,0,0,0,0
chr1:82032669,0,0,0,0,0,0,0,0,0,0,0,0,0
chr1:83191487,0,0,0,0,0,0,0,0,0,0,0,0,0
chr1:83232964,0,0,0,0,0,0,0,0,0,0,0,0,0
chr1:83268168,0,0,0,0,0,0,0,0,0,0,0,0,0
chr1:83394428,0,0,0,0,0,0,0,0,0,0,0,0,0
chr1:83640673,0,0,0,0,0,0,0,0,0,0,0,0,0
chr1:84024482,0,0,0,0,0,0,0,0,0,0,0,0,0
chr1:84614934,1,0,0,0,1,0,0,0,1,0,1,0,0
chr1:84757469,0,0,0,0,0,0,0,0,0,0,0,0,0
chr1:86779634,0,0,0,0,0,0,0,0,0,0,0,0,0
chr1:86785980,0,0,0,0,0,0,0,0,0,0,0,0,0
chr1:86799223,0,0,0,0,0,0,0,0,0,0,0,0,0
chr1:86859886,0,0,0,0,0,0,0,0,0,0,0,0,0
chr1:86860145,0,0,0,0,0,0,0,0,0,0,0,0,0
chr1:86861081,0,0,0,0,0,0,0,0,0,0,0,0,0
chr1:86861148,0,0,0,0,0,0,0,0,0,0,0,0,0
chr1:86890724,0,0,0,0,0,0,0,0,0,0,0,0,0
chr1:86907330,0,0,0,0,0,0,0,0,0,0,0,0,0
chr1:86910298,0,0,0,0,0,0,0,0,0,0,0,0,0
chr1:86915702,0,0,0,0,0,0,0,0,0,0,0,0,0
chr1:86918775,0,0,0,0,0,0,0,0,0,0,0,0,0
chr1:86928125,0,0,0,0,0,0,0,0,0,0,0,0,0
chr1:86928151,0,0,0,0,0,0,0,0,0,0,0,0,0
chr1:86938059,0,0,0,0,0,0,0,0,0,0,0,0,0
chr1:86940602,0,0,0,0,0,0,0,0,0,0,0,0,0
chr1:86941580,0,0,0,0,0,0,0,0,0,0,0,0,0
chr1:86943988,0,0,0,0,0,0,0,0,0,0,0,0,0
chr1:87014878,0,0,0,0,0,0,0,0,0,0,0,0,0
chr1:87021341,0,0,0,0,0,0,0,0,0,0,0,0,0
chr1:87031567,0,0,0,0,0,0,0,0,0,0,0,0,0
chr1:87033600,0,0,0,0,0,0,0,0,0,0,0,0,0
chr1:87041388,0,0,0,0,0,0,0,0,0,0,0,0,0
chr1:87583561,0,0,0,0,0,0,0,0,0,0,0,0,0
chr1:88324344,0,0,0,0,0,0,0,0,0,0,0,0,0
chr1:88324418,0,0,0,0,0,0,0,0,0,0,0,0,0
chr1:88437984,0,0,0,0,0,0,0,0,0,0,0,0,0
chr1:88661739,0,0,0,0,0,0,0,0,0,0,0,0,0
chr1:89266052,1,0,0,0,1,0,0,0,0,0,0,0,0
chr1:89822350,0,0,0,0,0,0,0,0,0,0,0,0,0
chr1:89875834,0,0,0,0,0,0,0,0,0,0,0,0,0
chr1:89947524,1,0,0,0,1,0,0,0,1,0,1,0,0
chr1:92368573,0,0,0,0,0,0,0,0,0,0,0,0,0
chr1:92622190,0,0,0,0,0,0,0,0,0,0,0,0,0
chr1:92683469,0,0,0,0,0,0,0,0,0,0,0,0,0
chr1:92724455,0,0,0,0,0,0,0,0,0,0,0,0,0
chr1:92724523,0,0,0,0,0,0,0,0,0,0,0,0,0
chr1:92739297,0,0,0,0,0,0,0,0,0,0,0,0,0
chr1:92819732,0,0,0,0,0,0,0,0,0,0,0,0,0
chr1:93276557,0,0,0,0,0,0,0,0,0,0,0,0,0
chr1:94392339,0,0,0,0,0,0,0,0,0,0,0,0,0
chr1:94937251,0,0,0,0,0,0,0,0,0,0,0,0,0
chr1:94937402,0,0,0,0,0,0,0,0,0,0,0,0,0
chr1:96298838,0,0,0,0,0,0,0,0,0,0,0,0,0
chr1:97715381,0,0,0,0,0,0,0,0,0,0,0,0,0
chr1:98160647,0,0,0,0,0,0,0,0,0,0,0,0,0
chr1:98268416,0,0,0,0,0,0,0,0,0,0,0,0,0
chr1:98269821,0,0,0,0,0,0,0,0,0,0,0,0,0
chr1:98488463,0,0,0,0,0,0,0,0,0,0,0,0,0
chr1:98960106,0,0,0,0,0,0,0,0,0,0,0,0,0
chr1:100352362,0,0,0,0,0,0,0,0,0,0,0,0,0
chr1:103117333,0,0,0,0,0,0,0,0,0,0,0,0,0
chr1:105950157,0,0,0,0,0,0,0,0,0,0,0,0,0
chr1:106540248,0,0,0,0,0,0,0,0,0,0,0,0,0
chr1:106692785,0,0,0,0,0,0,0,0,0,0,0,0,0
chr1:107433993,0,0,0,0,0,0,0,0,0,0,0,0,0
chr1:108202839,1,0,0,0,1,0,0,0,0,0,0,0,0
chr1:114227906,0,0,0,0,0,0,0,0,0,0,0,0,0
chr1:115470792,0,0,0,0,0,0,0,0,0,0,0,0,0
chr1:115470905,0,0,0,0,0,0,0,0,0,0,0,0,0
chr1:117943971,0,0,0,0,0,0,0,0,0,0,0,0,0
chr1:117985756,0,0,0,0,0,0,0,0,0,0,0,0,0
chr1:119345215,0,0,0,0,0,0,0,0,0,0,0,0,0
chr1:119520637,0,0,0,0,0,0,0,0,0,0,0,0,0
chr1:119522648,0,0,0,0,0,0,0,0,0,0,0,0,0
chr1:119603709,0,0,0,0,0,0,0,0,0,0,0,0,0
chr1:119636649,0,0,0,0,0,0,0,0,0,0,0,0,0
chr1:119680275,0,0,0,0,0,0,0,0,0,0,0,0,0
chr1:119680432,0,0,0,0,0,0,0,0,0,0,0,0,0
chr1:119681135,0,0,0,0,0,0,0,0,0,0,0,0,0
chr1:119717447,0,0,0,0,0,0,0,0,0,0,0,0,0
chr1:119749397,0,0,0,0,0,0,0,0,0,0,0,0,0
chr1:119753588,0,0,0,0,0,0,0,0,0,0,0,0,0
chr1:119757515,0,0,0,0,0,0,0,0,0,0,0,0,0
chr1:119800829,0,0,0,0,0,0,0,0,0,0,0,0,0
chr1:119832353,0,0,0,0,0,0,0,0,0,0,0,0,0
chr1:120151697,0,0,0,0,0,0,0,0,0,0,0,0,0
chr1:120325954,0,0,0,0,0,0,0,0,0,0,0,0,0
chr1:120329540,0,0,0,0,0,0,0,0,0,0,0,0,0
chr1:120427790,0,0,0,0,0,0,0,0,0,0,0,0,0
chr1:120467085,0,0,0,0,0,0,0,0,0,0,0,0,0
chr1:120539130,0,0,0,0,0,0,0,0,0,0,0,0,0
chr1:120693198,0,0,0,0,0,0,0,0,0,0,0,0,0
chr1:120805447,1,0,0,0,1,0,0,0,0,0,0,0,0
chr1:120936462,0,0,0,0,0,0,0,0,0,0,0,0,0
chr1:121228876,0,0,0,0,0,0,0,0,0,0,0,0,0
chr1:122700254,0,0,0,0,0,0,0,0,0,0,0,0,0
chr1:123007437,0,0,0,0,0,0,0,0,0,0,0,0,0
chr1:123095519,0,0,0,0,0,0,0,0,0,0,0,0,0
chr1:123138988,0,0,0,0,0,0,0,0,0,0,0,0,0
chr1:123144835,0,0,0,0,0,0,0,0,0,0,0,0,0
chr1:123205625,0,0,0,0,0,0,0,0,0,0,0,0,0
chr1:123210359,0,0,0,0,0,0,0,0,0,0,0,0,0
chr1:123263043,0,0,0,0,0,0,0,0,0,0,0,0,0
chr1:123268058,0,0,0,0,0,0,0,0,0,0,0,0,0
chr1:123692034,0,0,0,0,0,0,0,0,0,0,0,0,0
chr1:123787697,0,0,0,0,0,0,0,0,0,0,0,0,0
chr1:124190352,0,0,0,0,0,0,0,0,0,0,0,0,0
chr1:126313457,0,0,0,0,0,0,0,0,0,0,0,0,0
chr1:127336633,0,0,0,0,0,0,0,0,0,0,0,0,0
chr1:127441624,0,0,0,0,0,0,0,0,0,0,0,0,0
chr1:128317955,0,0,0,0,0,0,0,0,0,0,0,0,0
chr1:128872562,0,0,0,0,0,0,0,0,0,0,0,0,0
chr1:128889577,0,0,0,0,0,0,0,0,0,0,0,0,0
chr1:128891380,0,0,0,0,0,0,0,0,0,0,0,0,0
chr1:128964178,0,0,1,0,0,0,1,0,0,0,0,0,0
chr1:129480597,0,0,0,0,0,0,0,0,0,0,0,0,0
chr1:129611281,0,0,0,0,0,0,0,0,0,0,0,0,0
chr1:129664584,0,0,0,0,0,0,0,0,0,0,0,0,0
chr1:129669978,0,0,0,0,0,0,0,0,0,0,0,0,0
chr1:133134812,0,0,0,0,0,0,0,0,0,0,0,0,0
chr1:133754693,0,0,0,0,0,0,0,0,0,0,0,0,0
chr1:136987675,0,0,0,0,0,0,0,0,0,0,0,0,0
chr1:138414447,0,0,0,0,0,0,0,0,0,0,0,0,0
chr1:142701386,0,0,0,0,0,0,0,0,0,0,0,0,0
chr1:142758244,0,0,0,0,0,0,0,0,0,0,0,0,0
chr1:142816571,0,0,0,0,0,0,0,0,0,0,0,0,0
chr1:142938350,0,0,0,0,0,0,0,0,0,0,0,0,0
chr1:143454259,0,0,0,0,0,0,0,0,0,0,0,0,0
chr1:143491729,0,0,0,0,0,0,0,0,0,0,0,0,0
chr1:143569456,0,0,0,0,0,0,0,0,0,0,0,0,0
chr1:143808106,0,0,0,0,0,0,0,0,0,0,0,0,0
chr1:143916803,0,0,0,0,0,0,0,0,0,0,0,0,0
chr1:144216699,0,0,0,0,0,0,0,0,0,0,0,0,0
chr1:144319983,0,0,0,0,0,0,0,0,0,0,0,0,0
chr1:144328445,0,0,0,0,0,0,0,0,0,0,0,0,0
chr1:144626579,0,0,0,0,0,0,0,0,0,0,0,0,0
chr1:144656491,0,0,0,0,0,0,0,0,0,0,0,0,0
chr1:144840237,0,0,0,0,0,0,0,0,0,0,0,0,0
chr1:144966745,0,0,0,0,0,0,0,0,0,0,0,0,0
chr1:145002365,0,0,0,0,0,0,0,0,0,0,0,0,0
chr1:145036589,0,0,0,0,0,0,0,0,0,0,0,0,0
chr1:145054230,0,0,0,0,0,0,0,0,0,0,0,0,0
chr1:145086727,0,0,0,0,0,0,0,0,0,0,0,0,0
chr1:145096503,0,0,0,0,0,0,0,0,0,0,0,0,0
chr1:145110459,0,0,0,0,0,0,0,0,0,0,0,0,0
chr1:145121905,0,0,0,0,0,0,0,0,0,0,0,0,0
chr1:145129884,0,0,0,0,0,0,0,0,0,0,0,0,0
chr1:145239616,0,0,0,0,0,0,0,0,0,0,0,0,0
chr1:145239754,0,0,0,0,0,0,0,0,0,0,0,0,0
chr1:145465762,0,0,0,0,0,0,0,0,0,0,0,0,0
chr1:145670390,0,0,0,0,0,0,0,0,0,0,0,0,0
chr1:146622241,0,0,0,0,0,0,0,0,0,0,0,0,0
chr1:148287505,0,0,0,0,0,0,0,0,0,0,0,0,0
chr1:148311944,0,0,0,0,0,0,0,0,0,0,0,0,0
chr1:148350887,0,0,0,0,0,0,0,0,0,0,0,0,0
chr1:148357885,0,0,0,0,0,0,0,0,0,0,0,0,0
chr1:148362566,0,0,0,0,0,0,0,0,0,0,0,0,0
chr1:150385588,0,0,0,0,0,0,0,0,0,0,0,0,0
chr1:150784732,0,0,0,0,0,0,0,0,0,0,0,0,0
chr1:150785445,0,0,0,0,0,0,0,0,0,0,0,0,0
chr1:150792230,0,0,0,0,0,0,0,0,0,0,0,0,0
chr1:150855124,0,0,0,0,0,0,0,0,0,0,0,0,0
chr1:150916781,0,0,0,0,0,0,0,0,0,0,0,0,0
chr1:150920506,0,0,0,0,0,0,0,0,0,0,0,0,0
chr1:150920969,0,0,0,0,0,0,0,0,0,0,0,0,0
chr1:150921012,0,0,0,0,0,0,0,0,0,0,0,0,0
chr1:150921157,0,0,0,0,0,0,0,0,0,0,0,0,0
chr1:150943836,0,0,0,0,0,0,0,0,0,0,0,0,0
chr1:150945306,0,0,0,0,0,0,0,0,0,0,0,0,0
chr1:150960924,0,0,0,0,0,0,0,0,0,0,0,0,0
chr1:150970766,0,0,0,0,0,0,0,0,0,0,0,0,0
chr1:150986066,0,0,0,0,0,0,0,0,0,0,0,0,0
chr1:150991549,0,0,0,0,0,0,0,0,0,0,0,0,0
chr1:150993656,0,0,0,0,0,0,0,0,0,0,0,0,0
chr1:150996201,0,0,0,0,0,0,0,0,0,0,0,0,0
chr1:150997790,0,0,0,0,0,0,0,0,0,0,0,0,0
chr1:150999455,0,0,0,0,0,0,0,0,0,0,0,0,0
chr1:151000778,0,0,0,0,0,0,0,0,0,0,0,0,0
chr1:151002484,0,0,0,0,0,0,0,0,0,0,0,0,0
chr1:151004720,0,0,0,0,0,0,0,0,0,0,0,0,0
chr1:151006030,0,0,0,0,0,0,0,0,0,0,0,0,0
chr1:151020936,0,0,0,0,0,0,0,0,0,0,0,0,0
chr1:151022030,0,0,0,0,0,0,0,0,0,0,0,0,0
chr1:151023259,0,0,0,0,0,0,0,0,0,0,0,0,0
chr1:151068593,0,0,0,0,0,0,0,0,0,0,0,0,0
chr1:153276608,0,0,0,0,0,0,0,0,0,0,0,0,0
chr1:153596621,0,0,0,0,0,0,0,0,0,0,0,0,0
chr1:153598203,0,0,0,0,0,0,0,0,0,0,0,0,0
chr1:155289900,0,0,0,0,0,0,0,0,0,0,0,0,0
chr1:157968706,0,0,0,0,0,0,0,0,0,0,0,0,0
chr1:157986913,0,0,0,0,0,0,0,0,0,0,0,0,0
chr1:158810140,0,0,0,0,0,0,0,0,0,0,0,0,0
chr1:160540851,0,0,0,0,0,0,0,0,0,0,0,0,0
chr1:163370769,0,0,0,0,0,0,0,0,0,0,0,0,0
chr1:165669935,0,0,0,0,0,0,0,0,0,0,0,0,0
chr1:165688651,0,0,0,0,0,0,0,0,0,0,0,0,0
chr1:166281715,0,0,0,0,0,0,0,0,0,0,0,0,0
chr1:171968716,0,0,0,0,0,0,0,0,0,0,0,0,0
chr1:172091157,0,0,0,0,0,0,0,0,0,0,0,0,0
chr1:172721819,1,0,0,0,1,0,0,0,0,0,0,0,0
chr1:172724693,1,0,0,0,1,0,0,0,0,0,0,0,0
chr1:172724855,1,0,0,0,1,0,0,0,1,0,1,0,0
chr1:172832503,1,0,0,0,1,0,0,0,1,0,0,1,0
chr1:172833141,1,0,0,0,1,0,0,0,1,1,0,1,0
chr1:172836975,1,0,0,0,1,0,0,0,1,0,1,1,0
chr1:172839030,1,0,0,0,1,0,0,0,1,1,0,0,0
chr1:172873132,0,0,0,0,0,0,0,0,0,0,0,0,0
chr1:172964180,0,0,0,0,0,0,0,0,0,0,0,0,0
chr1:172964483,0,0,0,0,0,0,0,0,0,0,0,0,0
chr1:173490035,0,0,0,0,0,0,0,0,0,0,0,0,0
chr1:173703921,1,0,0,0,1,0,0,0,0,0,0,0,0
chr1:174714662,0,0,0,0,0,0,0,0,0,0,0,0,0
chr1:181619290,0,0,0,0,0,0,0,0,0,0,0,0,0
chr1:182666374,0,0,0,0,0,0,0,0,0,0,0,0,0
chr1:183917710,0,0,0,0,0,0,0,0,0,0,0,0,0
chr1:184106345,0,0,0,0,0,0,0,0,0,0,0,0,0
chr1:184930893,0,0,0,0,0,0,0,0,0,0,0,0,0
chr1:186307794,0,0,0,0,0,0,0,0,0,0,0,0,0
chr1:191400397,0,0,0,0,0,0,0,0,0,0,0,0,0
chr1:193839103,0,0,0,0,0,0,0,0,0,0,0,0,0
chr1:194119362,1,0,0,0,1,0,0,0,1,1,0,0,0
chr1:194354992,0,0,0,0,0,0,0,0,0,0,0,0,0
chr1:194421621,0,0,0,0,0,0,0,0,0,0,0,0,0
chr1:194428355,0,0,0,0,0,0,0,0,0,0,0,0,0
chr1:194449932,0,0,0,0,0,0,0,0,0,0,0,0,0
chr1:194535083,0,0,0,0,0,0,0,0,0,0,0,0,0
chr1:194564188,0,0,0,0,0,0,0,0,0,0,0,0,0
chr1:194575299,0,0,0,0,0,0,0,0,0,0,0,0,0
chr1:194603113,0,0,0,0,0,0,0,0,0,0,0,0,0
chr1:194682589,0,0,0,0,0,0,0,0,0,0,0,0,0
chr1:194686339,0,0,0,0,0,0,0,0,0,0,0,0,0
chr1:194686988,0,0,0,0,0,0,0,0,0,0,0,0,0
chr1:194687678,0,0,0,0,0,0,0,0,0,0,0,0,0
chr1:194689483,1,0,0,0,1,0,0,0,0,0,0,0,0
chr1:194689609,1,0,0,0,1,0,0,0,0,0,0,0,0
chr1:194689758,1,0,0,0,1,0,0,0,0,0,0,0,0
chr1:194689764,1,0,0,0,1,0,0,0,0,0,0,0,0
chr1:194689780,1,0,0,0,1,0,0,0,0,0,0,0,0
chr1:194690991,1,0,0,0,1,0,0,0,1,1,0,0,0
chr1:194692335,1,0,0,0,1,0,0,0,1,0,0,1,0
chr1:194693893,1,0,0,0,1,0,0,0,1,1,0,0,0
chr1:194694553,1,0,0,0,1,0,0,0,0,0,0,0,0
chr1:194694721,1,0,0,0,1,0,0,0,1,1,1,0,0
chr1:194694769,1,0,0,0,1,0,0,0,1,1,0,0,0
chr1:194694989,1,0,0,0,1,0,0,0,1,1,1,0,0
chr1:194695030,1,0,0,0,1,0,0,0,1,1,1,0,0
chr1:194695250,1,0,0,0,1,0,0,0,1,1,1,0,0
chr1:194695429,1,0,0,0,1,0,0,0,1,1,1,0,0
chr1:194697712,0,0,0,0,0,0,0,0,0,0,0,0,0
chr1:194763529,0,0,0,0,0,0,0,0,0,0,0,0,0
chr1:194764492,0,0,0,0,0,0,0,0,0,0,0,0,0
chr1:194764568,0,0,0,0,0,0,0,0,0,0,0,0,0
chr1:194780451,0,0,0,0,0,0,0,0,0,0,0,0,0
chr1:194786125,0,0,0,0,0,0,0,0,0,0,0,0,0
chr1:194790624,0,0,0,0,0,0,0,0,0,0,0,0,0
chr1:194872982,0,0,0,0,0,0,0,0,0,0,0,0,0
chr1:194894819,0,0,0,0,0,0,0,0,0,0,0,0,0
chr1:195095186,0,0,0,0,0,0,0,0,0,0,0,0,0
chr1:195142493,0,0,0,0,0,0,0,0,0,0,0,0,0
chr1:195163332,0,0,0,0,0,0,0,0,0,0,0,0,0
chr1:195293132,1,0,0,0,1,0,0,0,0,0,0,0,0
chr1:195484293,0,0,0,0,0,0,0,0,0,0,0,0,0
chr1:196969820,0,0,0,0,0,0,0,0,0,0,0,0,0
chr1:197068871,0,0,0,0,0,0,0,0,0,0,0,0,0
chr1:197923349,0,0,0,0,0,0,0,0,0,0,0,0,0
chr1:198260066,1,0,0,0,1,0,0,0,1,1,0,0,0
chr1:199204361,0,0,0,0,0,0,0,0,0,0,0,0,0
chr1:199205889,0,0,0,0,0,0,0,0,0,0,0,0,0
chr1:199765393,0,0,0,0,0,0,0,0,0,0,0,0,0
chr1:202099127,0,0,0,0,0,0,0,0,0,0,0,0,0
chr1:202300307,0,0,0,0,0,0,0,0,0,0,0,0,0
chr1:202300426,0,0,0,0,0,0,0,0,0,0,0,0,0
chr1:202300427,0,0,0,0,0,0,0,0,0,0,0,0,0
chr1:202300439,0,0,0,0,0,0,0,0,0,0,0,0,0
chr1:202300881,0,0,0,0,0,0,0,0,0,0,0,0,0
chr1:202300969,0,0,0,0,0,0,0,0,0,0,0,0,0
chr1:202412182,0,0,0,0,0,0,0,0,0,0,0,0,0
chr1:202793587,0,0,0,0,0,0,0,0,0,0,0,0,0
chr1:202928235,0,0,0,0,0,0,0,0,0,0,0,0,0
chr1:202929172,0,0,0,0,0,0,0,0,0,0,0,0,0
chr1:202930006,0,0,0,0,0,0,0,0,0,0,0,0,0
chr1:202930839,0,0,0,0,0,0,0,0,0,0,0,0,0
chr1:203516736,0,0,0,0,0,0,0,0,0,0,0,0,0
chr1:205626906,0,0,0,0,0,0,0,0,0,0,0,0,0
chr1:205693078,0,0,0,0,0,0,0,0,0,0,0,0,0
chr1:206256101,0,0,0,0,0,0,0,0,0,0,0,0,0
chr1:209261836,0,0,0,0,0,0,0,0,0,0,0,0,0
chr1:209763756,0,0,0,0,0,0,0,0,0,0,0,0,0
chr1:209784889,0,0,0,0,0,0,0,0,0,0,0,0,0
chr1:209799962,0,0,0,0,0,0,0,0,0,0,0,0,0
chr1:209826223,0,0,0,0,0,0,0,0,0,0,0,0,0
chr1:209843853,0,0,0,0,0,0,0,0,0,0,0,0,0
chr1:211006796,0,0,0,0,0,0,0,0,0,0,0,0,0
chr1:211006806,0,0,0,0,0,0,0,0,0,0,0,0,0
chr1:211040774,0,0,0,0,0,0,0,0,0,0,0,0,0
chr1:211040893,0,0,0,0,0,0,0,0,0,0,0,0,0
chr1:211041080,0,0,0,0,0,0,0,0,0,0,0,0,0
chr1:211042321,1,0,0,0,1,0,0,0,0,0,0,0,0
chr1:212347699,0,0,0,0,0,0,0,0,0,0,0,0,0
chr1:212362044,0,0,0,0,0,0,0,0,0,0,0,0,0
chr1:214307511,0,0,0,0,0,0,0,0,0,0,0,0,0
chr1:214423717,0,0,0,0,0,0,0,0,0,0,0,0,0
chr1:216212325,0,0,0,0,0,0,0,0,0,0,0,0,0
chr1:216245841,0,0,0,0,0,0,0,0,0,0,0,0,0
chr1:216276999,0,0,0,0,0,0,0,0,0,0,0,0,0
chr1:216500263,0,0,0,0,0,0,0,0,0,0,0,0,0
chr1:216700712,0,0,0,0,0,0,0,0,0,0,0,0,0
chr1:216700715,0,0,0,0,0,0,0,0,0,0,0,0,0
chr1:216700817,0,0,0,0,0,0,0,0,0,0,0,0,0
chr1:219101199,0,0,0,0,0,0,0,0,0,0,0,0,0
chr1:219120620,0,0,0,0,0,0,0,0,0,0,0,0,0
chr1:219121377,0,0,0,0,0,0,0,0,0,0,0,0,0
chr1:219685125,0,0,0,0,0,0,0,0,0,0,0,0,0
chr1:219953821,0,0,0,0,0,0,0,0,0,0,0,0,0
chr1:219958196,1,0,0,0,1,0,0,0,1,1,0,0,0
chr1:220408533,0,0,0,0,0,0,0,0,0,0,0,0,0
chr1:220532374,0,0,0,0,0,0,0,0,0,0,0,0,0
chr1:221210535,0,0,0,0,0,0,0,0,0,0,0,0,0
chr1:221641392,0,0,0,0,0,0,0,0,0,0,0,0,0
chr1:221691453,0,0,0,0,0,0,0,0,0,0,0,0,0
chr1:221789189,0,0,0,0,0,0,0,0,0,0,0,0,0
chr1:221964775,0,0,0,0,0,0,0,0,0,0,0,0,0
chr1:222262919,0,0,0,0,0,0,0,0,0,0,0,0,0
chr1:222271295,0,0,0,0,0,0,0,0,0,0,0,0,0
chr1:222273453,0,0,0,0,0,0,0,0,0,0,0,0,0
chr1:222287978,0,0,0,0,0,0,0,0,0,0,0,0,0
chr1:222296618,0,0,0,0,0,0,0,0,0,0,0,0,0
chr1:222301146,0,0,0,0,0,0,0,0,0,0,0,0,0
chr1:222303950,0,0,0,0,0,0,0,0,0,0,0,0,0
chr1:222315238,0,0,0,0,0,0,0,0,0,0,0,0,0
chr1:223289717,1,0,0,0,1,0,0,0,1,1,0,0,0
chr1:223290002,1,0,0,0,1,0,0,0,1,1,0,0,0
chr1:223290330,1,0,0,0,1,0,0,0,1,1,0,0,0
chr1:223290637,1,0,0,0,1,0,0,0,1,1,0,0,0
chr1:225099807,0,0,0,0,0,0,0,0,0,0,0,0,0
chr1:225632263,0,0,0,0,0,0,0,0,0,0,0,0,0
chr1:226813567,0,0,0,0,0,0,0,0,0,0,0,0,0
chr1:227853450,0,0,0,0,0,0,0,0,0,0,0,0,0
chr1:228777066,1,0,0,0,1,0,0,0,1,1,0,0,0
chr1:228950975,0,0,0,0,0,0,0,0,0,0,0,0,0
chr1:229512649,0,0,0,0,0,0,0,0,0,0,0,0,0
chr1:229809993,1,0,0,0,1,0,0,0,1,1,0,0,0
chr1:235530755,0,0,0,0,0,0,0,0,0,0,0,0,0
chr1:235946420,0,0,0,0,0,0,0,0,0,0,0,0,0
chr1:237121086,0,0,0,0,0,0,0,0,0,0,0,0,0
chr1:237174619,1,0,0,0,1,0,0,0,0,0,0,0,0
chr1:238135225,0,0,0,0,0,0,0,0,0,0,0,0,0
chr1:238155788,1,0,0,0,1,0,0,0,0,0,0,0,0
chr1:238799413,1,0,0,0,1,0,0,0,0,0,0,0,0
chr1:238799466,1,0,0,0,1,0,0,0,0,0,0,0,0
chr1:238799994,0,0,0,0,0,0,0,0,0,0,0,0,0
chr1:239847912,0,0,0,0,0,0,0,0,0,0,0,0,0
chr1:240926863,0,0,0,0,0,0,0,0,0,0,0,0,0
chr1:242703799,1,0,0,0,1,0,0,0,1,1,0,0,0
chr1:244885752,1,0,0,0,1,0,0,0,0,0,0,0,0
chr1:246444677,0,0,0,0,0,0,0,0,0,0,0,0,0
chr1:246547269,0,0,0,0,0,0,0,0,0,0,0,0,0
chr1:247843850,0,0,0,0,0,0,0,0,0,0,0,0,0
chr1:247843869,0,0,0,0,0,0,0,0,0,0,0,0,0
chr1:247869020,0,0,0,0,0,0,0,0,0,0,0,0,0
chr1:247870259,0,0,0,0,0,0,0,0,0,0,0,0,0
chr1:247871136,0,0,0,0,0,0,0,0,0,0,0,0,0
chr1:247880217,0,0,0,0,0,0,0,0,0,0,0,0,0
chr1:247885051,0,0,0,0,0,0,0,0,0,0,0,0,0
chr1:247887869,0,0,0,0,0,0,0,0,0,0,0,0,0
chr1:247909884,0,0,0,0,0,0,0,0,0,0,0,0,0
chr1:247910824,0,0,0,0,0,0,0,0,0,0,0,0,0
chr1:247976672,0,0,0,0,0,0,0,0,0,0,0,0,0
chr1:248015662,0,0,0,0,0,0,0,0,0,0,0,0,0
chr1:248016999,0,0,0,0,0,0,0,0,0,0,0,0,0
chr1:248042847,0,0,0,0,0,0,0,0,0,0,0,0,0
chr1:248043247,0,0,0,0,0,0,0,0,0,0,0,0,0
chr1:248043413,0,0,0,0,0,0,0,0,0,0,0,0,0
chr1:248043578,0,0,0,0,0,0,0,0,0,0,0,0,0
chr1:248043597,0,0,0,0,0,0,0,0,0,0,0,0,0
chr1:248043849,0,0,0,0,0,0,0,0,0,0,0,0,0
chr1:249381181,1,0,0,0,1,0,0,0,0,0,0,0,0
chr1:252580814,0,0,0,0,0,0,0,0,0,0,0,0,0
chr1:252580873,0,0,0,0,0,0,0,0,0,0,0,0,0
chr1:252581402,0,0,0,0,0,0,0,0,0,0,0,0,0
chr1:253737454,0,0,0,0,0,0,0,0,0,0,0,0,0
chr1:255244926,1,0,0,0,1,0,0,0,1,1,0,0,0
chr1:255326997,0,0,0,0,0,0,0,0,0,0,0,0,0
chr1:255424673,0,0,0,0,0,0,0,0,0,0,0,0,0
chr1:255770250,0,0,0,0,0,0,0,0,0,0,0,0,0
chr1:255778004,0,0,0,0,0,0,0,0,0,0,0,0,0
chr1:256774092,0,0,0,0,0,0,0,0,0,0,0,0,0
chr1:257266130,0,0,0,0,0,0,0,0,0,0,0,0,0
chr1:257655325,1,0,0,0,1,0,0,0,0,0,0,0,0
chr1:257656655,1,0,0,0,1,0,0,0,0,0,0,0,0
chr1:257657731,0,0,0,0,0,0,0,0,0,0,0,0,0
chr1:259158172,0,0,0,0,0,0,0,0,0,0,0,0,0
chr1:259490702,0,0,0,0,0,0,0,0,0,0,0,0,0
chr1:259495918,1,0,0,0,1,0,0,0,1,0,0,1,0
chr1:259497244,0,0,0,0,0,0,0,0,0,0,0,0,0
chr1:259504934,0,0,0,0,0,0,0,0,0,0,0,0,0
chr1:260928282,0,0,0,0,0,0,0,0,0,0,0,0,0
chr1:261224933,0,0,0,0,0,0,0,0,0,0,0,0,0
chr1:261584021,0,0,0,0,0,0,0,0,0,0,0,0,0
chr1:261893696,0,0,0,0,0,0,0,0,0,0,0,0,0
chr1:262388549,0,0,0,0,0,0,0,0,0,0,0,0,0
chr1:262389616,0,0,0,0,0,0,0,0,0,0,0,0,0
chr1:262397207,0,0,0,0,0,0,0,0,0,0,0,0,0
chr1:264034648,0,0,0,0,0,0,0,0,0,0,0,0,0
chr1:265209283,0,0,0,0,0,0,0,0,0,0,0,0,0
chr1:268597308,0,0,0,0,0,0,0,0,0,0,0,0,0
chr1:268599245,0,0,0,0,0,0,0,0,0,0,0,0,0
chr1:268600729,0,0,0,0,0,0,0,0,0,0,0,0,0
chr1:268610216,0,0,0,0,0,0,0,0,0,0,0,0,0
chr1:268618123,0,0,0,0,0,0,0,0,0,0,0,0,0
chr1:268618211,0,0,0,0,0,0,0,0,0,0,0,0,0
chr1:268619212,0,0,0,0,0,0,0,0,0,0,0,0,0
chr1:268634077,0,0,0,0,0,0,0,0,0,0,0,0,0
chr1:268634754,0,0,0,0,0,0,0,0,0,0,0,0,0
chr1:268635116,0,0,0,0,0,0,0,0,0,0,0,0,0
chr1:268636767,0,0,0,0,0,0,0,0,0,0,0,0,0
chr1:268638313,0,0,0,0,0,0,0,0,0,0,0,0,0
chr1:268639340,0,0,0,0,0,0,0,0,0,0,0,0,0
chr1:268646474,0,0,0,0,0,0,0,0,0,0,0,0,0
chr1:268647580,0,0,0,0,0,0,0,0,0,0,0,0,0
chr1:268649420,0,0,0,0,0,0,0,0,0,0,0,0,0
chr1:268653516,0,0,0,0,0,0,0,0,0,0,0,0,0
chr1:268654882,0,0,0,0,0,0,0,0,0,0,0,0,0
chr1:268656201,0,0,0,0,0,0,0,0,0,0,0,0,0
chr1:268656629,0,0,0,0,0,0,0,0,0,0,0,0,0
chr1:268698374,0,0,0,0,0,0,0,0,0,0,0,0,0
chr1:268698416,0,0,0,0,0,0,0,0,0,0,0,0,0
chr1:268700179,0,0,0,0,0,0,0,0,0,0,0,0,0
chr1:268732090,0,0,0,0,0,0,0,0,0,0,0,0,0
chr1:268732680,0,0,0,0,0,0,0,0,0,0,0,0,0
chr1:268732909,0,0,0,0,0,0,0,0,0,0,0,0,0
chr1:268742423,0,0,0,0,0,0,0,0,0,0,0,0,0
chr1:268743487,0,0,0,0,0,0,0,0,0,0,0,0,0
chr1:268746120,0,0,0,0,0,0,0,0,0,0,0,0,0
chr1:268751393,0,0,0,0,0,0,0,0,0,0,0,0,0
chr1:268756796,0,0,0,0,0,0,0,0,0,0,0,0,0
chr1:268767411,1,0,0,0,1,0,0,0,0,0,0,0,0
chr1:268774997,0,0,0,0,0,0,0,0,0,0,0,0,0
chr1:268777521,0,0,0,0,0,0,0,0,0,0,0,0,0
chr1:268778830,0,0,0,0,0,0,0,0,0,0,0,0,0
chr1:268783155,1,0,0,0,1,0,0,0,0,0,0,0,0
chr1:268821636,0,0,0,0,0,0,0,0,0,0,0,0,0
chr1:268823240,0,0,0,0,0,0,0,0,0,0,0,0,0
chr1:268824939,0,0,0,0,0,0,0,0,0,0,0,0,0
chr1:268826729,0,0,0,0,0,0,0,0,0,0,0,0,0
chr1:268829933,0,0,0,0,0,0,0,0,0,0,0,0,0
chr1:268836597,0,0,0,0,0,0,0,0,0,0,0,0,0
chr1:268846532,0,0,0,0,0,0,0,0,0,0,0,0,0
chr1:269053338,0,0,0,0,0,0,0,0,0,0,0,0,0
chr1:271528158,1,0,0,0,1,0,0,0,1,1,0,0,0
chr1:271528811,0,0,0,0,0,0,0,0,0,0,0,0,0
chr1:271555314,0,0,0,0,0,0,0,0,0,0,0,0,0
chr1:274055443,1,0,0,0,1,0,0,0,1,0,0,1,0
chr1:275443343,0,0,0,0,0,0,0,0,0,0,0,0,0
chr1:277374182,0,0,0,0,0,0,0,0,0,0,0,0,0
chr1:277985442,0,0,0,0,0,0,0,0,0,0,0,0,0
chr1:278005108,0,0,0,0,0,0,0,0,0,0,0,0,0
chr1:278243100,0,0,0,0,0,0,0,0,0,0,0,0,0
chr1:278777672,0,0,0,0,0,0,0,0,0,0,0,0,0
chr1:279379563,0,0,0,0,0,0,0,0,0,0,0,0,0
chr1:279612397,0,0,0,0,0,0,0,0,0,0,0,0,0
chr1:279612673,0,0,0,0,0,0,0,0,0,0,0,0,0
chr1:280288822,1,0,0,0,1,0,0,0,0,0,0,0,0
chr1:280309987,0,0,0,0,0,0,0,0,0,0,0,0,0
chr1:280311063,0,0,0,0,0,0,0,0,0,0,0,0,0
chr1:280312090,0,0,0,0,0,0,0,0,0,0,0,0,0
chr1:280323865,0,0,0,0,0,0,0,0,0,0,0,0,0
chr1:280332792,0,0,0,0,0,0,0,0,0,0,0,0,0
chr1:280333005,0,0,0,0,0,0,0,0,0,0,0,0,0
chr1:280333028,0,0,0,0,0,0,0,0,0,0,0,0,0
chr1:280333636,0,0,0,0,0,0,0,0,0,0,0,0,0
chr1:280356449,0,0,0,0,0,0,0,0,0,0,0,0,0
chr1:280358498,0,0,0,0,0,0,0,0,0,0,0,0,0
chr1:280361281,0,0,0,0,0,0,0,0,0,0,0,0,0
chr1:280362944,0,0,0,0,0,0,0,0,0,0,0,0,0
chr1:280363142,0,0,0,0,0,0,0,0,0,0,0,0,0
chr1:280363172,0,0,0,0,0,0,0,0,0,0,0,0,0
chr1:280363411,0,0,0,0,0,0,0,0,0,0,0,0,0
chr1:280364204,0,0,0,0,0,0,0,0,0,0,0,0,0
chr1:280364544,0,0,0,0,0,0,0,0,0,0,0,0,0
chr1:280364565,0,0,0,0,0,0,0,0,0,0,0,0,0
chr1:280366593,0,0,0,0,0,0,0,0,0,0,0,0,0
chr1:280368376,0,0,0,0,0,0,0,0,0,0,0,0,0
chr1:280548627,0,0,0,0,0,0,0,0,0,0,0,0,0
chr1:280649929,0,0,0,0,0,0,0,0,0,0,0,0,0
chr1:281282285,1,0,0,0,1,0,0,0,0,0,0,0,0
chr1:281622752,1,0,0,0,1,0,0,0,1,1,0,0,0
chr1:281759161,1,0,0,0,1,0,0,0,1,1,0,1,0
chr1:282303328,0,0,0,0,0,0,0,0,0,0,0,0,0
chr1:282304119,1,0,0,0,1,0,0,0,1,1,0,1,0
chr1:282308958,1,0,0,0,1,0,0,0,1,0,1,0,0
chr1:282316542,0,0,0,0,0,0,0,0,0,0,0,0,0
chr1:283409142,0,0,0,0,0,0,0,0,0,0,0,0,0
chr1:283778227,0,0,0,0,0,0,0,0,0,0,0,0,0
chr1:283851155,0,0,0,0,0,0,0,0,0,0,0,0,0
chr1:284130058,0,0,0,0,0,0,0,0,0,0,0,0,0
chr1:284751855,0,0,0,0,0,0,0,0,0,0,0,0,0
chr1:284752003,0,0,0,0,0,0,0,0,0,0,0,0,0
chr1:284785626,0,0,0,0,0,0,0,0,0,0,0,0,0
chr1:287670134,0,0,0,0,0,0,0,0,0,0,0,0,0
chr1:287911082,0,0,0,0,0,0,0,0,0,0,0,0,0
chr1:287911650,0,0,0,0,0,0,0,0,0,0,0,0,0
chr1:288022438,1,0,0,0,1,0,0,0,1,1,0,0,0
chr1:288029977,0,0,0,0,0,0,0,0,0,0,0,0,0
chr1:288486008,0,0,0,0,0,0,0,0,0,0,0,0,0
chr1:288493489,0,0,0,0,0,0,0,0,0,0,0,0,0
chr1:288752698,0,0,0,0,0,0,0,0,0,0,0,0,0
chr1:290271614,1,0,0,0,1,0,0,0,1,0,1,0,0
chr1:291106143,0,0,0,0,0,0,0,0,0,0,0,0,0
chr1:291107823,1,0,0,0,1,0,0,0,1,0,1,0,0
chr1:291289695,0,0,0,0,0,0,0,0,0,0,0,0,0
chr1:291322146,0,0,0,0,0,0,0,0,0,0,0,0,0
chr1:291517226,1,0,0,0,1,0,0,0,0,0,0,0,0
chr1:292210722,0,0,0,0,0,0,0,0,0,0,0,0,0
chr1:293133851,0,0,0,0,0,0,0,0,0,0,0,0,0
chr1:293224548,1,0,0,0,1,0,0,0,0,0,0,0,0
chr1:295603715,0,0,0,0,0,0,0,0,0,0,0,0,0
chr1:296179675,1,0,0,0,1,0,0,0,1,1,0,0,0
chr1:296179692,1,0,0,0,1,0,0,0,1,1,0,0,0
chr1:297275818,0,0,0,0,0,0,0,0,0,0,0,0,0
chr1:297552569,0,0,0,0,0,0,0,0,0,0,0,0,0
chr1:298030413,0,0,0,0,0,0,0,0,0,0,0,0,0
chr1:298091003,0,0,0,0,0,0,0,0,0,0,0,0,0
chr1:300783008,0,0,0,0,0,0,0,0,0,0,0,0,0
chr1:301723813,1,0,0,0,1,0,0,0,1,1,1,1,0
chr1:303266961,0,0,0,0,0,0,0,0,0,0,0,0,0
chr1:304073895,1,0,0,0,1,0,0,0,0,0,0,0,0
chr1:306025821,0,0,0,0,0,0,0,0,0,0,0,0,0
chr1:306267019,0,0,0,0,0,0,0,0,0,0,0,0,0
chr1:306291723,0,0,0,0,0,0,0,0,0,0,0,0,0
chr1:306400913,0,0,0,0,0,0,0,0,0,0,0,0,0
chr1:306417736,0,0,0,0,0,0,0,0,0,0,0,0,0
chr1:306457694,0,0,0,0,0,0,0,0,0,0,0,0,0
chr1:306458170,0,0,0,0,0,0,0,0,0,0,0,0,0
chr1:306480501,1,0,0,0,1,0,0,0,0,0,0,0,0
chr1:306544860,0,0,0,0,0,0,0,0,0,0,0,0,0
chr1:306560627,0,0,0,0,0,0,0,0,0,0,0,0,0
chr1:306590309,0,0,0,0,0,0,0,0,0,0,0,0,0
chr1:306622902,0,0,0,0,0,0,0,0,0,0,0,0,0
chr1:306677511,0,0,0,0,0,0,0,0,0,0,0,0,0
chr1:306719704,0,0,0,0,0,0,0,0,0,0,0,0,0
chr1:306732552,0,0,0,0,0,0,0,0,0,0,0,0,0
chr1:306749901,0,0,0,0,0,0,0,0,0,0,0,0,0
chr1:306762389,1,0,0,0,1,0,0,0,0,0,0,0,0
chr1:306782451,0,0,0,0,0,0,0,0,0,0,0,0,0
chr1:306819857,0,0,0,0,0,0,0,0,0,0,0,0,0
chr1:306876554,0,0,0,0,0,0,0,0,0,0,0,0,0
chr1:306949055,0,0,0,0,0,0,0,0,0,0,0,0,0
chr1:306966979,0,0,0,0,0,0,0,0,0,0,0,0,0
chr2:546130,0,0,0,0,0,0,0,0,0,0,0,0,0
chr2:546160,0,0,0,0,0,0,0,0,0,0,0,0,0
chr2:1342165,1,0,0,0,1,0,0,0,1,1,0,0,0
chr2:1426927,1,0,0,0,1,0,0,0,1,1,0,0,0
chr2:1680742,1,0,0,0,1,0,0,0,1,1,0,0,0
chr2:1688789,0,0,0,0,0,0,0,0,0,0,0,0,0
chr2:1688842,0,0,0,0,0,0,0,0,0,0,0,0,0
chr2:2630238,0,0,0,0,0,0,0,0,0,0,0,0,0
chr2:3194958,1,0,0,0,1,0,0,0,1,1,0,1,0
chr2:3406152,1,0,0,0,1,0,0,0,0,0,0,0,0
chr2:3452455,0,0,0,0,0,0,0,0,0,0,0,0,0
chr2:3547624,1,0,0,0,1,0,0,0,0,0,0,0,0
chr2:4164622,0,0,0,0,0,0,0,0,0,0,0,0,0
chr2:4165136,0,0,0,0,0,0,0,0,0,0,0,0,0
chr2:4320930,0,0,0,0,0,0,0,0,0,0,0,0,0
chr2:5630136,0,0,0,0,0,0,0,0,0,0,0,0,0
chr2:5700291,0,0,0,0,0,0,0,0,0,0,0,0,0
chr2:5881242,0,0,0,0,0,0,0,0,0,0,0,0,0
chr2:5946382,0,0,0,0,0,0,0,0,0,0,0,0,0
chr2:5959821,0,0,0,0,0,0,0,0,0,0,0,0,0
chr2:6103090,0,0,0,0,0,0,0,0,0,0,0,0,0
chr2:6126417,1,0,0,0,1,0,0,0,1,0,1,0,0
chr2:6127013,1,0,0,0,1,0,0,0,1,0,1,0,0
chr2:6127033,1,0,0,0,1,0,0,0,1,0,1,0,0
chr2:6127623,1,0,0,0,1,0,0,0,1,0,1,0,0
chr2:6133569,0,0,0,0,0,0,0,0,0,0,0,0,0
chr2:6288683,0,0,0,0,0,0,0,0,0,0,0,0,0
chr2:6508826,1,0,0,0,1,0,0,0,1,1,0,0,0
chr2:6554379,0,0,0,0,0,0,0,0,0,0,0,0,0
chr2:6563547,0,0,0,0,0,0,0,0,0,0,0,0,0
chr2:6565124,1,0,0,0,1,0,0,0,0,0,0,0,0
chr2:6565181,1,0,0,0,1,0,0,0,0,0,0,0,0
chr2:6568400,1,0,0,0,1,0,0,0,1,0,1,1,0
chr2:6569306,1,0,0,0,1,0,0,0,1,0,1,1,0
chr2:6572018,1,0,0,0,1,0,0,0,1,0,1,1,0
chr2:6574879,0,0,0,0,0,0,0,0,0,0,0,0,0
chr2:6611427,0,0,0,0,0,0,0,0,0,0,0,0,0
chr2:6633084,0,0,0,0,0,0,0,0,0,0,0,0,0
chr2:6636680,0,0,0,0,0,0,0,0,0,0,0,0,0
chr2:6636689,0,0,0,0,0,0,0,0,0,0,0,0,0
chr2:6637089,1,0,0,0,1,0,0,0,0,0,0,0,0
chr2:6637230,1,0,0,0,1,0,0,0,0,0,0,0,0
chr2:6637298,1,0,0,0,1,0,0,0,0,0,0,0,0
chr2:6637355,1,0,0,0,1,0,0,0,0,0,0,0,0
chr2:6865448,1,0,0,0,1,0,0,0,1,1,0,0,0
chr2:6869671,1,0,0,0,1,0,0,0,1,1,0,1,0
chr2:6882383,0,0,0,0,0,0,0,0,0,0,0,0,0
chr2:7103029,0,0,0,0,0,0,0,0,0,0,0,0,0
chr2:7103146,0,0,0,0,0,0,0,0,0,0,0,0,0
chr2:7104329,0,0,0,0,0,0,0,0,0,0,0,0,0
chr2:7104391,0,0,0,0,0,0,0,0,0,0,0,0,0
chr2:7113574,1,0,0,0,1,0,0,0,0,0,0,0,0
chr2:7118834,1,0,0,0,1,0,0,0,1,0,0,1,0
chr2:7288370,0,0,0,0,0,0,0,0,0,0,0,0,0
chr2:7602513,0,0,0,0,0,0,0,0,0,0,0,0,0
chr2:9092616,1,0,0,0,1,0,0,0,0,0,0,0,0
chr2:9092754,1,0,0,0,1,0,0,0,0,0,0,0,0
chr2:9093141,1,0,0,0,1,0,0,0,0,0,0,0,0
chr2:9272432,0,0,0,0,0,0,0,0,0,0,0,0,0
chr2:9275224,1,0,0,0,1,0,0,0,0,0,0,0,0
chr2:9288397,0,0,0,0,0,0,0,0,0,0,0,0,0
chr2:9313024,1,0,0,0,1,0,0,0,1,1,0,0,0
chr2:10583075,0,0,0,0,0,0,0,0,0,0,0,0,0
chr2:10670813,0,0,0,0,0,0,0,0,0,0,0,0,0
chr2:10683059,0,0,0,0,0,0,0,0,0,0,0,0,0
chr2:10902091,0,0,0,0,0,0,0,0,0,0,0,0,0
chr2:11369306,0,0,0,0,0,0,0,0,0,0,0,0,0
chr2:15094751,1,0,0,0,1,0,0,0,1,1,0,1,0
chr2:16406195,0,0,0,0,0,0,0,0,0,0,0,0,0
chr2:17839462,0,0,0,0,0,0,0,0,0,0,0,0,0
chr2:18573831,0,0,0,0,0,0,0,0,0,0,0,0,0
chr2:18878056,0,0,0,0,0,0,0,0,0,0,0,0,0
chr2:19071200,0,0,0,0,0,0,0,0,0,0,0,0,0
chr2:19364305,1,0,0,0,1,0,0,0,0,0,0,0,0
chr2:21409761,0,0,0,0,0,0,0,0,0,0,0,0,0
chr2:21492917,1,0,0,0,1,0,0,0,0,0,0,0,0
chr2:21640221,0,0,0,0,0,0,0,0,0,0,0,0,0
chr2:21705864,0,0,0,0,0,0,0,0,0,0,0,0,0
chr2:21823874,1,0,0,0,1,0,0,0,0,0,0,0,0
chr2:21824022,1,0,0,0,1,0,0,0,0,0,0,0,0
chr2:21824077,1,0,0,0,1,0,0,0,0,0,0,0,0
chr2:21824529,1,0,0,0,1,0,0,0,0,0,0,0,0
chr2:21824844,1,0,0,0,1,0,0,0,1,1,0,0,0
chr2:22069730,0,0,0,0,0,0,0,0,0,0,0,0,0
chr2:22945481,0,0,0,0,0,0,0,0,0,0,0,0,0
chr2:23087166,0,0,0,0,0,0,0,0,0,0,0,0,0
chr2:23587428,0,0,0,0,0,0,0,0,0,0,0,0,0
chr2:24981538,0,0,0,0,0,0,0,0,0,0,0,0,0
chr2:25252592,0,0,0,0,0,0,0,0,0,0,0,0,0
chr2:25483870,0,0,0,0,0,0,0,0,0,0,0,0,0
chr2:25534698,0,0,0,0,0,0,0,0,0,0,0,0,0
chr2:25567883,0,0,0,0,0,0,0,0,0,0,0,0,0
chr2:25922739,0,0,0,0,0,0,0,0,0,0,0,0,0
chr2:25923593,0,0,0,0,0,0,0,0,0,0,0,0,0
chr2:25944543,0,0,0,0,0,0,0,0,0,0,0,0,0
chr2:25945167,1,0,0,0,1,0,0,0,1,0,0,1,0
chr2:25945785,1,0,0,0,1,0,0,0,0,0,0,0,0
chr2:25946372,1,0,0,0,1,0,0,0,1,1,0,0,0
chr2:25968752,0,0,0,0,0,0,0,0,0,0,0,0,0
chr2:25972407,0,0,0,0,0,0,0,0,0,0,0,0,0
chr2:25983495,0,0,0,0,0,0,0,0,0,0,0,0,0
chr2:25997550,0,0,0,0,0,0,0,0,0,0,0,0,0
chr2:26264226,0,0,0,0,0,0,0,0,0,0,0,0,0
chr2:26431699,0,0,0,0,0,0,0,0,0,0,0,0,0
chr2:26488936,0,0,0,0,0,0,0,0,0,0,0,0,0
chr2:27631538,1,0,0,0,1,0,0,0,1,1,0,0,0
chr2:28940339,0,0,0,0,0,0,0,0,0,0,0,0,0
chr2:29257883,0,0,0,0,0,0,0,0,0,0,0,0,0
chr2:29464564,0,0,0,0,0,0,0,0,0,0,0,0,0
chr2:30973111,0,0,0,0,0,0,0,0,0,0,0,0,0
chr2:31915541,0,0,0,0,0,0,0,0,0,0,0,0,0
chr2:32793643,0,0,0,0,0,0,0,0,0,0,0,0,0
chr2:33767716,1,0,0,0,1,0,0,0,0,0,0,0,0
chr2:34011558,1,0,0,0,1,0,0,0,1,1,0,0,0
chr2:35312250,0,0,0,0,0,0,0,0,0,0,0,0,0
chr2:35770789,0,0,0,0,0,0,0,0,0,0,0,0,0
chr2:38351561,1,0,0,0,1,0,0,0,1,1,0,0,0
chr2:38684495,0,0,0,0,0,0,0,0,0,0,0,0,0
chr2:38685153,0,0,0,0,0,0,0,0,0,0,0,0,0
chr2:38685340,0,0,0,0,0,0,0,0,0,0,0,0,0
chr2:38685385,0,0,0,0,0,0,0,0,0,0,0,0,0
chr2:38685609,0,0,0,0,0,0,0,0,0,0,0,0,0
chr2:38685695,0,0,0,0,0,0,0,0,0,0,0,0,0
chr2:38685764,0,0,0,0,0,0,0,0,0,0,0,0,0
chr2:38686034,0,0,0,0,0,0,0,0,0,0,0,0,0
chr2:38686077,0,0,0,0,0,0,0,0,0,0,0,0,0
chr2:38686523,0,0,0,0,0,0,0,0,0,0,0,0,0
chr2:38686904,0,0,0,0,0,0,0,0,0,0,0,0,0
chr2:38687002,0,0,0,0,0,0,0,0,0,0,0,0,0
chr2:38687733,0,0,0,0,0,0,0,0,0,0,0,0,0
chr2:38688030,0,0,0,0,0,0,0,0,0,0,0,0,0
chr2:38690406,0,0,0,0,0,0,0,0,0,0,0,0,0
chr2:38692577,0,0,0,0,0,0,0,0,0,0,0,0,0
chr2:38967446,0,0,0,0,0,0,0,0,0,0,0,0,0
chr2:38972416,0,0,0,0,0,0,0,0,0,0,0,0,0
chr2:38985886,0,0,0,0,0,0,0,0,0,0,0,0,0
chr2:39057817,0,0,0,0,0,0,0,0,0,0,0,0,0
chr2:39068924,0,0,0,0,0,0,0,0,0,0,0,0,0
chr2:39069144,0,0,0,0,0,0,0,0,0,0,0,0,0
chr2:39069439,0,0,0,0,0,0,0,0,0,0,0,0,0
chr2:39071176,0,0,0,0,0,0,0,0,0,0,0,0,0
chr2:39072272,0,0,0,0,0,0,0,0,0,0,0,0,0
chr2:39073743,0,0,0,0,0,0,0,0,0,0,0,0,0
chr2:43117766,0,0,0,0,0,0,0,0,0,0,0,0,0
chr2:43232882,0,0,0,0,0,0,0,0,0,0,0,0,0
chr2:43912622,0,0,0,0,0,0,0,0,0,0,0,0,0
chr2:43929920,0,0,0,0,0,0,0,0,0,0,0,0,0
chr2:43960258,0,0,0,0,0,0,0,0,0,0,0,0,0
chr2:44424202,0,0,0,0,0,0,0,0,0,0,0,0,0
chr2:44636062,1,0,0,0,1,0,0,0,1,0,1,1,0
chr2:47683088,0,0,0,0,0,0,0,0,0,0,0,0,0
chr2:50483202,1,0,0,0,1,0,0,0,0,0,0,0,0
chr2:50668497,0,0,0,0,0,0,0,0,0,0,0,0,0
chr2:50713530,0,0,0,0,0,0,0,0,0,0,0,0,0
chr2:50844481,0,0,0,0,0,0,0,0,0,0,0,0,0
chr2:51107611,1,0,0,0,1,0,0,0,0,0,0,0,0
chr2:51113360,0,0,0,0,0,0,0,0,0,0,0,0,0
chr2:51166360,1,0,0,0,1,0,0,0,1,0,0,1,0
chr2:51510159,1,0,0,0,1,0,0,0,1,0,1,0,0
chr2:51733418,0,0,0,0,0,0,0,0,0,0,0,0,0
chr2:51733604,0,0,0,0,0,0,0,0,0,0,0,0,0
chr2:51733953,0,0,0,0,0,0,0,0,0,0,0,0,0
chr2:51738271,0,0,0,0,0,0,0,0,0,0,0,0,0
chr2:51774828,0,0,0,0,0,0,0,0,0,0,0,0,0
chr2:51951474,0,0,0,0,0,0,0,0,0,0,0,0,0
chr2:51985076,0,0,0,0,0,0,0,0,0,0,0,0,0
chr2:52001321,1,0,0,0,1,0,0,0,0,0,0,0,0
chr2:52008198,1,0,0,0,1,0,0,0,1,0,0,1,0
chr2:52047189,0,0,0,0,0,0,0,0,0,0,0,0,0
chr2:52108173,0,0,0,0,0,0,0,0,0,0,0,0,0
chr2:52119880,0,0,0,0,0,0,0,0,0,0,0,0,0
chr2:52131357,0,0,0,0,0,0,0,0,0,0,0,0,0
chr2:52138074,0,0,0,0,0,0,0,0,0,0,0,0,0
chr2:52213789,0,0,0,0,0,0,0,0,0,0,0,0,0
chr2:52309354,0,0,0,0,0,0,0,0,0,0,0,0,0
chr2:52552828,0,0,0,0,0,0,0,0,0,0,0,0,0
chr2:53220184,0,0,0,0,0,0,0,0,0,0,0,0,0
chr2:53274382,1,0,0,0,1,0,0,0,1,1,0,0,0
chr2:53274801,1,0,0,0,1,0,0,0,1,1,0,0,0
chr2:53275762,1,0,0,0,1,0,0,0,1,1,0,0,0
chr2:53275918,1,0,0,0,1,0,0,0,1,1,0,0,0
chr2:53509740,0,0,0,0,0,0,0,0,0,0,0,0,0
chr2:53790317,1,0,0,0,1,0,0,0,0,0,0,0,0
chr2:53791421,1,0,0,0,1,0,0,0,1,1,0,0,0
chr2:53988847,0,0,0,0,0,0,0,0,0,0,0,0,0
chr2:54010670,0,0,0,0,0,0,0,0,0,0,0,0,0
chr2:54221638,0,0,0,0,0,0,0,0,0,0,0,0,0
chr2:54243398,0,0,0,0,0,0,0,0,0,0,0,0,0
chr2:54449311,0,0,0,0,0,0,0,0,0,0,0,0,0
chr2:54682045,0,0,0,0,0,0,0,0,0,0,0,0,0
chr2:54712668,0,0,0,0,0,0,0,0,0,0,0,0,0
chr2:54743135,0,0,0,0,0,0,0,0,0,0,0,0,0
chr2:54745914,0,0,0,0,0,0,0,0,0,0,0,0,0
chr2:54983284,1,0,0,0,1,0,0,0,1,1,0,0,0
chr2:54984302,0,0,0,0,0,0,0,0,0,0,0,0,0
chr2:54984430,0,0,0,0,0,0,0,0,0,0,0,0,0
chr2:54984618,0,0,0,0,0,0,0,0,0,0,0,0,0
chr2:54984663,0,0,0,0,0,0,0,0,0,0,0,0,0
chr2:54985606,0,0,0,0,0,0,0,0,0,0,0,0,0
chr2:54987401,0,0,0,0,0,0,0,0,0,0,0,0,0
chr2:54987456,0,0,0,0,0,0,0,0,0,0,0,0,0
chr2:54987505,0,0,0,0,0,0,0,0,0,0,0,0,0
chr2:54988631,0,0,0,0,0,0,0,0,0,0,0,0,0
chr2:54990714,0,0,0,0,0,0,0,0,0,0,0,0,0
chr2:54992404,0,0,0,0,0,0,0,0,0,0,0,0,0
chr2:54996018,0,0,0,0,0,0,0,0,0,0,0,0,0
chr2:54996795,0,0,0,0,0,0,0,0,0,0,0,0,0
chr2:55002971,0,0,0,0,0,0,0,0,0,0,0,0,0
chr2:55022226,0,0,0,0,0,0,0,0,0,0,0,0,0
chr2:55039321,0,0,0,0,0,0,0,0,0,0,0,0,0
chr2:55041304,0,0,0,0,0,0,0,0,0,0,0,0,0
chr2:55041887,0,0,0,0,0,0,0,0,0,0,0,0,0
chr2:55042163,0,0,0,0,0,0,0,0,0,0,0,0,0
chr2:55042298,0,0,0,0,0,0,0,0,0,0,0,0,0
chr2:55044022,0,0,0,0,0,0,0,0,0,0,0,0,0
chr2:55044762,0,0,0,0,0,0,0,0,0,0,0,0,0
chr2:55044797,0,0,0,0,0,0,0,0,0,0,0,0,0
chr2:55045892,0,0,0,0,0,0,0,0,0,0,0,0,0
chr2:55047764,0,0,0,0,0,0,0,0,0,0,0,0,0
chr2:55048642,0,0,0,0,0,0,0,0,0,0,0,0,0
chr2:55050376,0,0,0,0,0,0,0,0,0,0,0,0,0
chr2:55051141,0,0,0,0,0,0,0,0,0,0,0,0,0
chr2:55052181,0,0,0,0,0,0,0,0,0,0,0,0,0
chr2:55052676,0,0,0,0,0,0,0,0,0,0,0,0,0
chr2:55078026,0,0,0,0,0,0,0,0,0,0,0,0,0
chr2:55078128,0,0,0,0,0,0,0,0,0,0,0,0,0
chr2:55085032,0,0,0,0,0,0,0,0,0,0,0,0,0
chr2:55086354,0,0,0,0,0,0,0,0,0,0,0,0,0
chr2:55086366,0,0,0,0,0,0,0,0,0,0,0,0,0
chr2:55086446,0,0,0,0,0,0,0,0,0,0,0,0,0
chr2:55093872,0,0,0,0,0,0,0,0,0,0,0,0,0
chr2:55094114,0,0,0,0,0,0,0,0,0,0,0,0,0
chr2:55109029,0,0,0,0,0,0,0,0,0,0,0,0,0
chr2:55109741,0,0,0,0,0,0,0,0,0,0,0,0,0
chr2:55111757,0,0,0,0,0,0,0,0,0,0,0,0,0
chr2:55131219,0,0,0,0,0,0,0,0,0,0,0,0,0
chr2:55132289,0,0,0,0,0,0,0,0,0,0,0,0,0
chr2:55133600,0,0,0,0,0,0,0,0,0,0,0,0,0
chr2:55134204,0,0,0,0,0,0,0,0,0,0,0,0,0
chr2:55134744,0,0,0,0,0,0,0,0,0,0,0,0,0
chr2:55356331,0,0,0,0,0,0,0,0,0,0,0,0,0
chr2:55361004,0,0,0,0,0,0,0,0,0,0,0,0,0
chr2:55361116,0,0,0,0,0,0,0,0,0,0,0,0,0
chr2:55361884,0,0,0,0,0,0,0,0,0,0,0,0,0
chr2:55362229,0,0,0,0,0,0,0,0,0,0,0,0,0
chr2:55363472,0,0,0,0,0,0,0,0,0,0,0,0,0
chr2:55384183,0,0,0,0,0,0,0,0,0,0,0,0,0
chr2:55385130,0,0,0,0,0,0,0,0,0,0,0,0,0
chr2:55385234,0,0,0,0,0,0,0,0,0,0,0,0,0
chr2:55385246,0,0,0,0,0,0,0,0,0,0,0,0,0
chr2:55385789,0,0,0,0,0,0,0,0,0,0,0,0,0
chr2:55389321,0,0,0,0,0,0,0,0,0,0,0,0,0
chr2:55389542,0,0,0,0,0,0,0,0,0,0,0,0,0
chr2:55407081,0,0,0,0,0,0,0,0,0,0,0,0,0
chr2:55437192,0,0,0,0,0,0,0,0,0,0,0,0,0
chr2:56017209,0,0,0,0,0,0,0,0,0,0,0,0,0
chr2:56266587,0,0,0,0,0,0,0,0,0,0,0,0,0
chr2:56319405,1,0,0,0,1,0,0,0,1,1,0,0,0
chr2:56347589,0,0,0,0,0,0,0,0,0,0,0,0,0
chr2:56395135,0,0,0,0,0,0,0,0,0,0,0,0,0
chr2:56419521,1,0,0,0,1,0,0,0,1,1,0,0,0
chr2:56432152,0,0,0,0,0,0,0,0,0,0,0,0,0
chr2:56526867,0,0,0,0,0,0,0,0,0,0,0,0,0
chr2:56544464,0,0,0,0,0,0,0,0,0,0,0,0,0
chr2:56548305,0,0,0,0,0,0,0,0,0,0,0,0,0
chr2:56685037,0,0,0,0,0,0,0,0,0,0,0,0,0
chr2:56789857,0,0,0,0,0,0,0,0,0,0,0,0,0
chr2:56799377,0,0,0,0,0,0,0,0,0,0,0,0,0
chr2:56802531,0,0,0,0,0,0,0,0,0,0,0,0,0
chr2:56934445,0,0,0,0,0,0,0,0,0,0,0,0,0
chr2:56952816,0,0,0,0,0,0,0,0,0,0,0,0,0
chr2:57472186,1,0,0,0,1,0,0,0,0,0,0,0,0
chr2:57879743,0,0,1,0,0,0,1,0,1,0,0,0,0
chr2:58174802,1,0,0,0,1,0,0,0,1,0,1,0,0
chr2:58583397,0,0,0,0,0,0,0,0,0,0,0,0,0
chr2:58652115,0,0,0,0,0,0,0,0,0,0,0,0,0
chr2:58732817,0,0,0,0,0,0,0,0,0,0,0,0,0
chr2:58878424,1,0,0,0,1,0,0,0,1,1,0,0,0
chr2:59006289,0,0,0,0,0,0,0,0,0,0,0,0,0
chr2:59021676,0,0,0,0,0,0,0,0,0,0,0,0,0
chr2:59027735,0,0,0,0,0,0,0,0,0,0,0,0,0
chr2:59225553,0,0,0,0,0,0,0,0,0,0,0,0,0
chr2:59229637,1,0,0,0,1,0,0,0,1,0,1,0,0
chr2:59429449,0,0,0,0,0,0,0,0,0,0,0,0,0
chr2:59579947,0,0,0,0,0,0,0,0,0,0,0,0,0
chr2:59827882,1,0,0,0,1,0,0,0,1,1,0,0,0
chr2:59866664,0,0,0,0,0,0,0,0,0,0,0,0,0
chr2:60099362,1,0,0,0,1,0,0,0,1,1,1,1,0
chr2:60103385,1,0,0,0,1,0,0,0,1,0,0,1,0
chr2:60758860,1,0,0,0,1,0,0,0,0,0,0,0,0
chr2:60762801,1,0,0,0,1,0,0,0,1,1,0,1,0
chr2:60919645,0,0,0,0,0,0,0,0,0,0,0,0,0
chr2:60959579,0,0,0,0,0,0,0,0,0,0,0,0,0
chr2:60959864,0,0,0,0,0,0,0,0,0,0,0,0,0
chr2:60963000,0,0,0,0,0,0,0,0,0,0,0,0,0
chr2:60963001,0,0,0,0,0,0,0,0,0,0,0,0,0
chr2:61070711,0,0,0,0,0,0,0,0,0,0,0,0,0
chr2:61129068,0,0,0,0,0,0,0,0,0,0,0,0,0
chr2:61129243,0,0,0,0,0,0,0,0,0,0,0,0,0
chr2:61175725,0,0,0,0,0,0,0,0,0,0,0,0,0
chr2:61180474,0,0,0,0,0,0,0,0,0,0,0,0,0
chr2:61181109,0,0,0,0,0,0,0,0,0,0,0,0,0
chr2:61202974,0,0,0,0,0,0,0,0,0,0,0,0,0
chr2:61451707,0,0,0,0,0,0,0,0,0,0,0,0,0
chr2:61514952,0,0,0,0,0,0,0,0,0,0,0,0,0
chr2:61533055,1,0,0,0,1,0,0,0,1,0,0,1,0
chr2:61538094,0,0,0,0,0,0,0,0,0,0,0,0,0
chr2:61561583,0,0,0,0,0,0,0,0,0,0,0,0,0
chr2:61630257,0,0,0,0,0,0,0,0,0,0,0,0,0
chr2:61636134,0,0,0,0,0,0,0,0,0,0,0,0,0
chr2:61646172,0,0,0,0,0,0,0,0,0,0,0,0,0
chr2:61686391,0,0,0,0,0,0,0,0,0,0,0,0,0
chr2:61687503,0,0,0,0,0,0,0,0,0,0,0,0,0
chr2:61688275,0,0,0,0,0,0,0,0,0,0,0,0,0
chr2:61780556,0,0,0,0,0,0,0,0,0,0,0,0,0
chr2:61792584,0,0,0,0,0,0,0,0,0,0,0,0,0
chr2:62260176,1,0,0,0,1,0,0,0,0,0,0,0,0
chr2:62291546,0,0,0,0,0,0,0,0,0,0,0,0,0
chr2:62291899,0,0,0,0,0,0,0,0,0,0,0,0,0
chr2:62538748,0,0,0,0,0,0,0,0,0,0,0,0,0
chr2:62601070,0,0,0,0,0,0,0,0,0,0,0,0,0
chr2:62631113,0,0,0,0,0,0,0,0,0,0,0,0,0
chr2:62632244,0,0,0,0,0,0,0,0,0,0,0,0,0
chr2:62636002,0,0,0,0,0,0,0,0,0,0,0,0,0
chr2:62637619,0,0,0,0,0,0,0,0,0,0,0,0,0
chr2:62642513,0,0,0,0,0,0,0,0,0,0,0,0,0
chr2:62688884,0,0,0,0,0,0,0,0,0,0,0,0,0
chr2:62744645,0,0,0,0,0,0,0,0,0,0,0,0,0
chr2:62746143,0,0,0,0,0,0,0,0,0,0,0,0,0
chr2:62853963,0,0,0,0,0,0,0,0,0,0,0,0,0
chr2:62855203,0,0,0,0,0,0,0,0,0,0,0,0,0
chr2:62921521,0,0,0,0,0,0,0,0,0,0,0,0,0
chr2:62928325,0,0,0,0,0,0,0,0,0,0,0,0,0
chr2:62944313,0,0,0,0,0,0,0,0,0,0,0,0,0
chr2:63037720,0,0,0,0,0,0,0,0,0,0,0,0,0
chr2:63105495,0,0,0,0,0,0,0,0,0,0,0,0,0
chr2:63116780,0,0,0,0,0,0,0,0,0,0,0,0,0
chr2:63116839,0,0,0,0,0,0,0,0,0,0,0,0,0
chr2:63170832,0,0,0,0,0,0,0,0,0,0,0,0,0
chr2:63170935,0,0,0,0,0,0,0,0,0,0,0,0,0
chr2:63389087,0,0,0,0,0,0,0,0,0,0,0,0,0
chr2:63389116,0,0,0,0,0,0,0,0,0,0,0,0,0
chr2:63414855,1,0,0,0,1,0,0,0,0,0,0,0,0
chr2:63415847,1,0,0,0,1,0,0,0,0,0,0,0,0
chr2:63416025,1,0,0,0,1,0,0,0,1,1,0,0,0
chr2:63416069,1,0,0,0,1,0,0,0,0,0,0,0,0
chr2:63416118,1,0,0,0,1,0,0,0,0,0,0,0,0
chr2:63416443,1,0,0,0,1,0,0,0,0,0,0,0,0
chr2:63424212,0,0,0,0,0,0,0,0,0,0,0,0,0
chr2:63427103,0,0,0,0,0,0,0,0,0,0,0,0,0
chr2:63429063,0,0,0,0,0,0,0,0,0,0,0,0,0
chr2:63431522,1,0,0,0,1,0,0,0,1,0,0,1,0
chr2:63431727,1,0,0,0,1,0,0,0,1,1,0,0,0
chr2:63434050,1,0,0,0,1,0,0,0,1,1,0,0,0
chr2:63436553,0,0,0,0,0,0,0,0,0,0,0,0,0
chr2:63436659,0,0,0,0,0,0,0,0,0,0,0,0,0
chr2:63437053,0,0,0,0,0,0,0,0,0,0,0,0,0
chr2:63521816,0,0,0,0,0,0,0,0,0,0,0,0,0
chr2:63531468,0,0,0,0,0,0,0,0,0,0,0,0,0
chr2:63606699,0,0,0,0,0,0,0,0,0,0,0,0,0
chr2:63639536,0,0,0,0,0,0,0,0,0,0,0,0,0
chr2:63643025,0,0,0,0,0,0,0,0,0,0,0,0,0
chr2:64091669,0,0,0,0,0,0,0,0,0,0,0,0,0
chr2:64106135,0,0,0,0,0,0,0,0,0,0,0,0,0
chr2:64118155,0,0,0,0,0,0,0,0,0,0,0,0,0
chr2:64159939,0,0,0,0,0,0,0,0,0,0,0,0,0
chr2:64225876,0,0,0,0,0,0,0,0,0,0,0,0,0
chr2:64242123,0,0,0,0,0,0,0,0,0,0,0,0,0
chr2:64248338,0,0,0,0,0,0,0,0,0,0,0,0,0
chr2:64256651,0,0,0,0,0,0,0,0,0,0,0,0,0
chr2:64266151,0,0,0,0,0,0,0,0,0,0,0,0,0
chr2:64279253,0,0,0,0,0,0,0,0,0,0,0,0,0
chr2:64282389,0,0,0,0,0,0,0,0,0,0,0,0,0
chr2:64325828,1,0,0,0,1,0,0,0,0,0,0,0,0
chr2:64328105,1,0,0,0,1,0,0,0,0,0,0,0,0
chr2:64350008,0,0,0,0,0,0,0,0,0,0,0,0,0
chr2:64378023,1,0,0,0,1,0,0,0,0,0,0,0,0
chr2:64411465,0,0,0,0,0,0,0,0,0,0,0,0,0
chr2:64413465,0,0,0,0,0,0,0,0,0,0,0,0,0
chr2:64424940,0,0,0,0,0,0,0,0,0,0,0,0,0
chr2:64570979,0,0,0,0,0,0,0,0,0,0,0,0,0
chr2:64582107,0,0,0,0,0,0,0,0,0,0,0,0,0
chr2:64593807,1,0,0,0,1,0,0,0,1,0,1,1,0
chr2:64638046,0,0,0,0,0,0,0,0,0,0,0,0,0
chr2:64643371,0,0,0,0,0,0,0,0,0,0,0,0,0
chr2:64645515,0,0,0,0,0,0,0,0,0,0,0,0,0
chr2:64658085,0,0,0,0,0,0,0,0,0,0,0,0,0
chr2:64718240,0,0,0,0,0,0,0,0,0,0,0,0,0
chr2:64787000,0,0,0,0,0,0,0,0,0,0,0,0,0
chr2:64831481,0,0,0,0,0,0,0,0,0,0,0,0,0
chr2:64902977,0,0,0,0,0,0,0,0,0,0,0,0,0
chr2:64938734,0,0,0,0,0,0,0,0,0,0,0,0,0
chr2:64942877,0,0,0,0,0,0,0,0,0,0,0,0,0
chr2:64956834,0,0,0,0,0,0,0,0,0,0,0,0,0
chr2:64991270,0,0,0,0,0,0,0,0,0,0,0,0,0
chr2:64995150,0,0,0,0,0,0,0,0,0,0,0,0,0
chr2:65014068,0,0,0,0,0,0,0,0,0,0,0,0,0
chr2:65016594,0,0,0,0,0,0,0,0,0,0,0,0,0
chr2:65032729,0,0,0,0,0,0,0,0,0,0,0,0,0
chr2:65035919,0,0,0,0,0,0,0,0,0,0,0,0,0
chr2:65058249,0,0,0,0,0,0,0,0,0,0,0,0,0
chr2:65063826,0,0,0,0,0,0,0,0,0,0,0,0,0
chr2:65076123,0,0,0,0,0,0,0,0,0,0,0,0,0
chr2:65078138,0,0,0,0,0,0,0,0,0,0,0,0,0
chr2:65096220,0,0,0,0,0,0,0,0,0,0,0,0,0
chr2:65168082,0,0,0,0,0,0,0,0,0,0,0,0,0
chr2:65170068,0,0,0,0,0,0,0,0,0,0,0,0,0
chr2:65171755,0,0,0,0,0,0,0,0,0,0,0,0,0
chr2:65464296,0,0,0,0,0,0,0,0,0,0,0,0,0
chr2:65518634,0,0,0,0,0,0,0,0,0,0,0,0,0
chr2:65538025,0,0,0,0,0,0,0,0,0,0,0,0,0
chr2:65540531,0,0,0,0,0,0,0,0,0,0,0,0,0
chr2:65546062,1,0,0,0,1,0,0,0,1,0,1,0,0
chr2:65594577,0,0,0,0,0,0,0,0,0,0,0,0,0
chr2:65602374,0,0,0,0,0,0,0,0,0,0,0,0,0
chr2:65653183,0,0,0,0,0,0,0,0,0,0,0,0,0
chr2:65734187,0,0,0,0,0,0,0,0,0,0,0,0,0
chr2:65740943,1,0,0,0,1,0,0,0,1,0,1,0,0
chr2:66091686,0,0,0,0,0,0,0,0,0,0,0,0,0
chr2:67086868,0,0,0,0,0,0,0,0,0,0,0,0,0
chr2:67135805,0,0,0,0,0,0,0,0,0,0,0,0,0
chr2:67294895,0,0,0,0,0,0,0,0,0,0,0,0,0
chr2:71826275,0,0,0,0,0,0,0,0,0,0,0,0,0
chr2:72504664,0,0,0,0,0,0,0,0,0,0,0,0,0
chr2:72680209,0,0,0,0,0,0,0,0,0,0,0,0,0
chr2:73189870,0,0,0,0,0,0,0,0,0,0,0,0,0
chr2:74039152,0,0,0,0,0,0,0,0,0,0,0,0,0
chr2:74221931,0,0,0,0,0,0,0,0,0,0,0,0,0
chr2:76066897,0,0,0,0,0,0,0,0,0,0,0,0,0
chr2:80411241,0,0,0,0,0,0,0,0,0,0,0,0,0
chr2:80666152,0,0,0,0,0,0,0,0,0,0,0,0,0
chr2:96341600,0,0,0,0,0,0,0,0,0,0,0,0,0
chr2:96343724,0,0,0,0,0,0,0,0,0,0,0,0,0
chr2:100628800,0,0,0,0,0,0,0,0,0,0,0,0,0
chr2:102405799,0,0,0,0,0,0,0,0,0,0,0,0,0
chr2:108757499,1,0,0,0,1,0,0,0,0,0,0,0,0
chr2:111301024,0,0,0,0,0,0,0,0,0,0,0,0,0
chr2:111569779,0,0,0,0,0,0,0,0,0,0,0,0,0
chr2:111777549,0,0,0,0,0,0,0,0,0,0,0,0,0
chr2:111923238,0,0,0,0,0,0,0,0,0,0,0,0,0
chr2:113679632,0,0,0,0,0,0,0,0,0,0,0,0,0
chr2:115358717,0,0,0,0,0,0,0,0,0,0,0,0,0
chr2:115382766,0,0,0,0,0,0,0,0,0,0,0,0,0
chr2:115791691,0,0,0,0,0,0,0,0,0,0,0,0,0
chr2:118963207,0,0,0,0,0,0,0,0,0,0,0,0,0
chr2:119601134,0,0,0,0,0,0,0,0,0,0,0,0,0
chr2:119705181,0,0,0,0,0,0,0,0,0,0,0,0,0
chr2:119745016,0,0,0,0,0,0,0,0,0,0,0,0,0
chr2:119827747,0,0,0,0,0,0,0,0,0,0,0,0,0
chr2:119834954,0,0,0,0,0,0,0,0,0,0,0,0,0
chr2:120344467,0,0,0,0,0,0,0,0,0,0,0,0,0
chr2:122934076,0,0,0,0,0,0,0,0,0,0,0,0,0
chr2:132132499,0,0,0,0,0,0,0,0,0,0,0,0,0
chr2:132176817,0,0,0,0,0,0,0,0,0,0,0,0,0
chr2:132526530,0,0,0,0,0,0,0,0,0,0,0,0,0
chr2:133772960,1,0,0,0,1,0,0,0,1,1,0,0,0
chr2:134565955,0,0,0,0,0,0,0,0,0,0,0,0,0
chr2:136681778,0,0,0,0,0,0,0,0,0,0,0,0,0
chr2:136683459,0,0,0,0,0,0,0,0,0,0,0,0,0
chr2:139757013,0,0,0,0,0,0,0,0,0,0,0,0,0
chr2:139767237,0,0,0,0,0,0,0,0,0,0,0,0,0
chr2:140370621,0,0,0,0,0,0,0,0,0,0,0,0,0
chr2:140545557,0,0,0,0,0,0,0,0,0,0,0,0,0
chr2:140664895,0,0,0,0,0,0,0,0,0,0,0,0,0
chr2:140672508,0,0,0,0,0,0,0,0,0,0,0,0,0
chr2:140790393,0,0,0,0,0,0,0,0,0,0,0,0,0
chr2:140968402,0,0,0,0,0,0,0,0,0,0,0,0,0
chr2:141065536,0,0,0,0,0,0,0,0,0,0,0,0,0
chr2:142067690,0,0,0,0,0,0,0,0,0,0,0,0,0
chr2:145548351,0,0,0,0,0,0,0,0,0,0,0,0,0
chr2:145633165,0,0,0,0,0,0,0,0,0,0,0,0,0
chr2:145636932,0,0,0,0,0,0,0,0,0,0,0,0,0
chr2:146078946,0,0,0,0,0,0,0,0,0,0,0,0,0
chr2:146079103,0,0,0,0,0,0,0,0,0,0,0,0,0
chr2:146175206,0,0,0,0,0,0,0,0,0,0,0,0,0
chr2:146194159,0,0,0,0,0,0,0,0,0,0,0,0,0
chr2:146203643,0,0,0,0,0,0,0,0,0,0,0,0,0
chr2:146206163,0,0,0,0,0,0,0,0,0,0,0,0,0
chr2:146206211,0,0,0,0,0,0,0,0,0,0,0,0,0
chr2:147948473,0,0,0,0,0,0,0,0,0,0,0,0,0
chr2:148160433,0,0,0,0,0,0,0,0,0,0,0,0,0
chr2:148740595,0,0,0,0,0,0,0,0,0,0,0,0,0
chr2:149442014,0,0,0,0,0,0,0,0,0,0,0,0,0
chr2:149444517,0,0,0,0,0,0,0,0,0,0,0,0,0
chr2:149444570,0,0,0,0,0,0,0,0,0,0,0,0,0
chr2:149448670,0,0,0,0,0,0,0,0,0,0,0,0,0
chr2:149451486,0,0,0,0,0,0,0,0,0,0,0,0,0
chr2:149457541,0,0,0,0,0,0,0,0,0,0,0,0,0
chr2:149467328,0,0,0,0,0,0,0,0,0,0,0,0,0
chr2:149467402,0,0,0,0,0,0,0,0,0,0,0,0,0
chr2:149469109,0,0,0,0,0,0,0,0,0,0,0,0,0
chr2:149471564,0,0,0,0,0,0,0,0,0,0,0,0,0
chr2:149475241,0,0,0,0,0,0,0,0,0,0,0,0,0
chr2:149487961,0,0,0,0,0,0,0,0,0,0,0,0,0
chr2:149489205,0,0,0,0,0,0,0,0,0,0,0,0,0
chr2:149489247,0,0,0,0,0,0,0,0,0,0,0,0,0
chr2:149489288,0,0,0,0,0,0,0,0,0,0,0,0,0
chr2:149495848,0,0,0,0,0,0,0,0,0,0,0,0,0
chr2:149498151,0,0,0,0,0,0,0,0,0,0,0,0,0
chr2:149498163,0,0,0,0,0,0,0,0,0,0,0,0,0
chr2:149498642,0,0,0,0,0,0,0,0,0,0,0,0,0
chr2:149499972,0,0,0,0,0,0,0,0,0,0,0,0,0
chr2:149500238,0,0,0,0,0,0,0,0,0,0,0,0,0
chr2:149500680,0,0,0,0,0,0,0,0,0,0,0,0,0
chr2:149501232,0,0,0,0,0,0,0,0,0,0,0,0,0
chr2:149501318,0,0,0,0,0,0,0,0,0,0,0,0,0
chr2:149511454,0,0,0,0,0,0,0,0,0,0,0,0,0
chr2:149511522,0,0,0,0,0,0,0,0,0,0,0,0,0
chr2:149512323,0,0,0,0,0,0,0,0,0,0,0,0,0
chr2:149524864,0,0,0,0,0,0,0,0,0,0,0,0,0
chr2:149526444,0,0,0,0,0,0,0,0,0,0,0,0,0
chr2:149526969,0,0,0,0,0,0,0,0,0,0,0,0,0
chr2:149527078,0,0,0,0,0,0,0,0,0,0,0,0,0
chr2:149527675,0,0,0,0,0,0,0,0,0,0,0,0,0
chr2:149528618,0,0,0,0,0,0,0,0,0,0,0,0,0
chr2:149528677,0,0,0,0,0,0,0,0,0,0,0,0,0
chr2:149529438,0,0,0,0,0,0,0,0,0,0,0,0,0
chr2:149530805,0,0,0,0,0,0,0,0,0,0,0,0,0
chr2:149540312,0,0,0,0,0,0,0,0,0,0,0,0,0
chr2:149544532,0,0,0,0,0,0,0,0,0,0,0,0,0
chr2:149545733,0,0,0,0,0,0,0,0,0,0,0,0,0
chr2:149676003,0,0,0,0,0,0,0,0,0,0,0,0,0
chr2:150773061,0,0,0,0,0,0,0,0,0,0,0,0,0
chr2:151337788,0,0,0,0,0,0,0,0,0,0,0,0,0
chr2:151432994,0,0,0,0,0,0,0,0,0,0,0,0,0
chr2:151487304,0,0,0,0,0,0,0,0,0,0,0,0,0
chr2:151661448,0,0,0,0,0,0,0,0,0,0,0,0,0
chr2:151731908,0,0,0,0,0,0,0,0,0,0,0,0,0
chr2:151991980,0,0,0,0,0,0,0,0,0,0,0,0,0
chr2:152150447,0,0,0,0,0,0,0,0,0,0,0,0,0
chr2:153448252,1,0,0,0,1,0,0,0,1,0,0,1,0
chr2:153449700,1,0,0,0,1,0,0,0,1,1,0,0,0
chr2:153450942,0,0,0,0,0,0,0,0,0,0,0,0,0
chr2:153498820,0,0,0,0,0,0,0,0,0,0,0,0,0
chr2:154178202,0,0,0,0,0,0,0,0,0,0,0,0,0
chr2:154388242,0,0,0,0,0,0,0,0,0,0,0,0,0
chr2:155240952,0,0,0,0,0,0,0,0,0,0,0,0,0
chr2:155254720,0,0,0,0,0,0,0,0,0,0,0,0,0
chr2:155298715,0,0,0,0,0,0,0,0,0,0,0,0,0
chr2:155302790,1,0,0,0,1,0,0,0,0,0,0,0,0
chr2:155303080,1,0,0,0,1,0,0,0,0,0,0,0,0
chr2:155303551,1,0,0,0,1,0,0,0,1,0,1,0,0
chr2:155308109,0,0,0,0,0,0,0,0,0,0,0,0,0
chr2:156517022,0,0,0,0,0,0,0,0,0,0,0,0,0
chr2:156771223,0,0,0,0,0,0,0,0,0,0,0,0,0
chr2:156887097,1,0,0,0,1,0,0,0,1,0,1,0,0
chr2:156949748,1,0,0,0,1,0,0,0,1,0,1,0,0
chr2:156982567,0,0,0,0,0,0,0,0,0,0,0,0,0
chr2:157066457,0,0,0,0,0,0,0,0,0,0,0,0,0
chr2:157070985,0,0,0,0,0,0,0,0,0,0,0,0,0
chr2:157071073,0,0,0,0,0,0,0,0,0,0,0,0,0
chr2:157128292,0,0,0,0,0,0,0,0,0,0,0,0,0
chr2:157128399,0,0,0,0,0,0,0,0,0,0,0,0,0
chr2:157221060,1,0,0,0,1,0,0,0,1,0,0,1,0
chr2:157222145,1,0,0,0,1,0,0,0,0,0,0,0,0
chr2:157354416,0,0,0,0,0,0,0,0,0,0,0,0,0
chr2:157356138,0,0,0,0,0,0,0,0,0,0,0,0,0
chr2:157429744,0,0,0,0,0,0,0,0,0,0,0,0,0
chr2:157460500,0,0,0,0,0,0,0,0,0,0,0,0,0
chr2:157461508,0,0,0,0,0,0,0,0,0,0,0,0,0
chr2:157527864,0,0,0,0,0,0,0,0,0,0,0,0,0
chr2:157592687,0,0,0,0,0,0,0,0,0,0,0,0,0
chr2:157606152,0,0,0,0,0,0,0,0,0,0,0,0,0
chr2:157768234,0,1,0,0,0,1,0,0,1,0,0,0,0
chr2:162750749,0,0,0,0,0,0,0,0,0,0,0,0,0
chr2:163959900,0,0,0,0,0,0,0,0,0,0,0,0,0
chr2:164417640,0,0,0,0,0,0,0,0,0,0,0,0,0
chr2:165708542,0,0,0,0,0,0,0,0,0,0,0,0,0
chr2:165752857,0,0,0,0,0,0,0,0,0,0,0,0,0
chr2:165777178,0,0,0,0,0,0,0,0,0,0,0,0,0
chr2:165796337,0,0,0,0,0,0,0,0,0,0,0,0,0
chr2:165798338,0,0,0,0,0,0,0,0,0,0,0,0,0
chr2:167036640,0,0,0,0,0,0,0,0,0,0,0,0,0
chr2:167126688,0,0,0,0,0,0,0,0,0,0,0,0,0
chr2:167128598,0,0,0,0,0,0,0,0,0,0,0,0,0
chr2:168131002,0,0,0,0,0,0,0,0,0,0,0,0,0
chr2:168497798,0,0,0,0,0,0,0,0,0,0,0,0,0
chr2:168544993,1,0,0,0,1,0,0,0,0,0,0,0,0
chr2:169022076,0,0,0,0,0,0,0,0,0,0,0,0,0
chr2:169023307,1,0,0,0,1,0,0,0,1,1,1,0,0
chr2:169024213,1,0,0,0,1,0,0,0,0,0,0,0,0
chr2:169039349,0,0,0,0,0,0,0,0,0,0,0,0,0
chr2:169040179,0,0,0,0,0,0,0,0,0,0,0,0,0
chr2:169040219,0,0,0,0,0,0,0,0,0,0,0,0,0
chr2:169041975,0,0,0,0,0,0,0,0,0,0,0,0,0
chr2:169074042,0,0,0,0,0,0,0,0,0,0,0,0,0
chr2:169081709,0,0,0,0,0,0,0,0,0,0,0,0,0
chr2:169081770,0,0,0,0,0,0,0,0,0,0,0,0,0
chr2:169083379,0,0,0,0,0,0,0,0,0,0,0,0,0
chr2:169087198,0,0,0,0,0,0,0,0,0,0,0,0,0
chr2:169090579,0,0,0,0,0,0,0,0,0,0,0,0,0
chr2:169093865,0,0,0,0,0,0,0,0,0,0,0,0,0
chr2:169147859,0,0,0,0,0,0,0,0,0,0,0,0,0
chr2:169148365,0,0,0,0,0,0,0,0,0,0,0,0,0
chr2:169148676,0,0,0,0,0,0,0,0,0,0,0,0,0
chr2:169168953,0,0,0,0,0,0,0,0,0,0,0,0,0
chr2:169169483,0,0,0,0,0,0,0,0,0,0,0,0,0
chr2:169169711,0,0,0,0,0,0,0,0,0,0,0,0,0
chr2:169170165,0,0,0,0,0,0,0,0,0,0,0,0,0
chr2:169171508,0,0,0,0,0,0,0,0,0,0,0,0,0
chr2:169172134,0,0,0,0,0,0,0,0,0,0,0,0,0
chr2:169172688,0,0,0,0,0,0,0,0,0,0,0,0,0
chr2:169173667,0,0,0,0,0,0,0,0,0,0,0,0,0
chr2:169174283,0,0,0,0,0,0,0,0,0,0,0,0,0
chr2:169174312,0,0,0,0,0,0,0,0,0,0,0,0,0
chr2:169179715,0,0,0,0,0,0,0,0,0,0,0,0,0
chr2:169182295,1,0,0,0,1,0,0,0,1,1,0,0,0
chr2:169200910,0,0,0,0,0,0,0,0,0,0,0,0,0
chr2:169268430,1,0,0,0,1,0,0,0,0,0,0,0,0
chr2:169268766,1,0,0,0,1,0,0,0,1,1,0,0,0
chr2:169270399,1,0,0,0,1,0,0,0,0,0,0,0,0
chr2:169272584,0,0,0,0,0,0,0,0,0,0,0,0,0
chr2:169272707,0,0,0,0,0,0,0,0,0,0,0,0,0
chr2:169380540,1,0,0,0,1,0,0,0,1,1,0,0,0
chr2:169401371,0,0,0,0,0,0,0,0,0,0,0,0,0
chr2:169402421,0,0,0,0,0,0,0,0,0,0,0,0,0
chr2:169402434,0,0,0,0,0,0,0,0,0,0,0,0,0
chr2:170311046,0,0,0,0,0,0,0,0,0,0,0,0,0
chr2:170392085,0,0,0,0,0,0,0,0,0,0,0,0,0
chr2:170424078,0,0,0,0,0,0,0,0,0,0,0,0,0
chr2:170424518,0,0,0,0,0,0,0,0,0,0,0,0,0
chr2:170426645,1,0,0,0,1,0,0,0,0,0,0,0,0
chr2:170428678,1,0,0,0,1,0,0,0,0,0,0,0,0
chr2:170429550,1,0,0,0,1,0,0,0,0,0,0,0,0
chr2:170431858,1,0,0,0,1,0,0,0,0,0,0,0,0
chr2:170432404,1,0,0,0,1,0,0,0,0,0,0,0,0
chr2:170434683,1,0,0,0,1,0,0,0,1,0,0,1,0
chr2:170436386,1,0,0,0,1,0,0,0,1,0,0,1,0
chr2:170443381,0,0,0,0,0,0,0,0,0,0,0,0,0
chr2:170444297,0,0,0,0,0,0,0,0,0,0,0,0,0
chr2:170444389,0,0,0,0,0,0,0,0,0,0,0,0,0
chr2:170444674,0,0,0,0,0,0,0,0,0,0,0,0,0
chr2:170445382,0,0,0,0,0,0,0,0,0,0,0,0,0
chr2:170445415,0,0,0,0,0,0,0,0,0,0,0,0,0
chr2:170446238,0,0,0,0,0,0,0,0,0,0,0,0,0
chr2:170446337,0,0,0,0,0,0,0,0,0,0,0,0,0
chr2:170447719,0,0,0,0,0,0,0,0,0,0,0,0,0
chr2:170448934,0,0,0,0,0,0,0,0,0,0,0,0,0
chr2:170449315,0,0,0,0,0,0,0,0,0,0,0,0,0
chr2:170456034,0,0,0,0,0,0,0,0,0,0,0,0,0
chr2:170456207,0,0,0,0,0,0,0,0,0,0,0,0,0
chr2:170456383,0,0,0,0,0,0,0,0,0,0,0,0,0
chr2:170466015,0,0,0,0,0,0,0,0,0,0,0,0,0
chr2:170467105,0,0,0,0,0,0,0,0,0,0,0,0,0
chr2:170467542,0,0,0,0,0,0,0,0,0,0,0,0,0
chr2:170473329,0,0,0,0,0,0,0,0,0,0,0,0,0
chr2:170474631,0,0,0,0,0,0,0,0,0,0,0,0,0
chr2:170475029,0,0,0,0,0,0,0,0,0,0,0,0,0
chr2:170506489,0,0,0,0,0,0,0,0,0,0,0,0,0
chr2:170531262,0,0,0,0,0,0,0,0,0,0,0,0,0
chr2:170531290,0,0,0,0,0,0,0,0,0,0,0,0,0
chr2:170532706,0,0,0,0,0,0,0,0,0,0,0,0,0
chr2:170532993,0,0,0,0,0,0,0,0,0,0,0,0,0
chr2:170533203,0,0,0,0,0,0,0,0,0,0,0,0,0
chr2:170534075,0,0,0,0,0,0,0,0,0,0,0,0,0
chr2:170535229,0,0,0,0,0,0,0,0,0,0,0,0,0
chr2:170535247,0,0,0,0,0,0,0,0,0,0,0,0,0
chr2:170535313,0,0,0,0,0,0,0,0,0,0,0,0,0
chr2:170536249,0,0,0,0,0,0,0,0,0,0,0,0,0
chr2:170538144,0,0,0,0,0,0,0,0,0,0,0,0,0
chr2:170538400,0,0,0,0,0,0,0,0,0,0,0,0,0
chr2:170539944,0,0,0,0,0,0,0,0,0,0,0,0,0
chr2:170540115,0,0,0,0,0,0,0,0,0,0,0,0,0
chr2:170540972,0,0,0,0,0,0,0,0,0,0,0,0,0
chr2:170581021,0,0,0,0,0,0,0,0,0,0,0,0,0
chr2:170585543,0,0,0,0,0,0,0,0,0,0,0,0,0
chr2:170585679,0,0,0,0,0,0,0,0,0,0,0,0,0
chr2:170596391,0,0,0,0,0,0,0,0,0,0,0,0,0
chr2:170597477,0,0,0,0,0,0,0,0,0,0,0,0,0
chr2:170601206,0,0,0,0,0,0,0,0,0,0,0,0,0
chr2:170602214,1,0,0,0,1,0,0,0,1,1,0,0,0
chr2:170649587,0,0,0,0,0,0,0,0,0,0,0,0,0
chr2:170979540,0,0,0,0,0,0,0,0,0,0,0,0,0
chr2:170979925,0,0,0,0,0,0,0,0,0,0,0,0,0
chr2:170980760,0,0,0,0,0,0,0,0,0,0,0,0,0
chr2:170980991,0,0,0,0,0,0,0,0,0,0,0,0,0
chr2:170982338,0,0,0,0,0,0,0,0,0,0,0,0,0
chr2:170983264,0,0,0,0,0,0,0,0,0,0,0,0,0
chr2:170983489,0,0,0,0,0,0,0,0,0,0,0,0,0
chr2:170983813,0,0,0,0,0,0,0,0,0,0,0,0,0
chr2:172685866,0,0,0,0,0,0,0,0,0,0,0,0,0
chr2:173807410,0,0,0,0,0,0,0,0,0,0,0,0,0
chr2:174148193,0,0,0,0,0,0,0,0,0,0,0,0,0
chr2:175347363,0,0,0,0,0,0,0,0,0,0,0,0,0
chr2:176561871,0,0,0,0,0,0,0,0,0,0,0,0,0
chr2:178528521,0,0,0,0,0,0,0,0,0,0,0,0,0
chr2:178803614,0,0,0,0,0,0,0,0,0,0,0,0,0
chr2:178803713,0,0,0,0,0,0,0,0,0,0,0,0,0
chr2:178807874,0,0,0,0,0,0,0,0,0,0,0,0,0
chr2:178809907,0,0,0,0,0,0,0,0,0,0,0,0,0
chr2:178812059,0,0,0,0,0,0,0,0,0,0,0,0,0
chr2:178815782,0,0,0,0,0,0,0,0,0,0,0,0,0
chr2:178823763,0,0,0,0,0,0,0,0,0,0,0,0,0
chr2:178826028,0,0,0,0,0,0,0,0,0,0,0,0,0
chr2:178854949,0,0,0,0,0,0,0,0,0,0,0,0,0
chr2:178855973,0,0,0,0,0,0,0,0,0,0,0,0,0
chr2:178862225,0,0,0,0,0,0,0,0,0,0,0,0,0
chr2:178867459,0,0,0,0,0,0,0,0,0,0,0,0,0
chr2:178869462,0,0,0,0,0,0,0,0,0,0,0,0,0
chr2:178871125,0,0,0,0,0,0,0,0,0,0,0,0,0
chr2:178873823,0,0,0,0,0,0,0,0,0,0,0,0,0
chr2:178877923,0,0,0,0,0,0,0,0,0,0,0,0,0
chr2:178879242,0,0,0,0,0,0,0,0,0,0,0,0,0
chr2:178879841,0,0,0,0,0,0,0,0,0,0,0,0,0
chr2:178880606,0,0,0,0,0,0,0,0,0,0,0,0,0
chr2:178889802,0,0,0,0,0,0,0,0,0,0,0,0,0
chr2:178902561,0,0,0,0,0,0,0,0,0,0,0,0,0
chr2:178934839,0,0,0,0,0,0,0,0,0,0,0,0,0
chr2:178954765,0,0,0,0,0,0,0,0,0,0,0,0,0
chr2:178994073,0,0,0,0,0,0,0,0,0,0,0,0,0
chr2:179353724,0,0,0,0,0,0,0,0,0,0,0,0,0
chr2:180274636,0,0,0,0,0,0,0,0,0,0,0,0,0
chr2:180890951,0,0,0,0,0,0,0,0,0,0,0,0,0
chr2:181178653,0,0,0,0,0,0,0,0,0,0,0,0,0
chr2:181180848,0,0,0,0,0,0,0,0,0,0,0,0,0
chr2:181282100,0,0,0,0,0,0,0,0,0,0,0,0,0
chr2:181375740,0,0,0,0,0,0,0,0,0,0,0,0,0
chr2:181466637,0,0,0,0,0,0,0,0,0,0,0,0,0
chr2:181594609,0,0,0,0,0,0,0,0,0,0,0,0,0
chr2:181888542,0,0,0,0,0,0,0,0,0,0,0,0,0
chr2:182141788,0,0,0,0,0,0,0,0,0,0,0,0,0
chr2:182173309,0,0,0,0,0,0,0,0,0,0,0,0,0
chr2:182177391,0,0,0,0,0,0,0,0,0,0,0,0,0
chr2:182207479,0,0,0,0,0,0,0,0,0,0,0,0,0
chr2:182226099,0,0,0,0,0,0,0,0,0,0,0,0,0
chr2:182232999,0,0,0,0,0,0,0,0,0,0,0,0,0
chr2:182564489,1,0,0,0,1,0,0,0,1,0,1,0,0
chr2:182648940,0,0,0,0,0,0,0,0,0,0,0,0,0
chr2:182689597,0,0,0,0,0,0,0,0,0,0,0,0,0
chr2:182759502,0,0,0,0,0,0,0,0,0,0,0,0,0
chr2:182759510,0,0,0,0,0,0,0,0,0,0,0,0,0
chr2:182759618,0,0,0,0,0,0,0,0,0,0,0,0,0
chr2:183196344,1,0,0,0,1,0,0,0,0,0,0,0,0
chr2:183400136,0,0,0,0,0,0,0,0,0,0,0,0,0
chr2:183967006,0,0,0,0,0,0,0,0,0,0,0,0,0
chr2:184418271,0,0,0,0,0,0,0,0,0,0,0,0,0
chr2:185603414,0,0,0,0,0,0,0,0,0,0,0,0,0
chr2:185609390,0,0,0,0,0,0,0,0,0,0,0,0,0
chr2:185609944,0,0,0,0,0,0,0,0,0,0,0,0,0
chr2:186046940,0,0,0,0,0,0,0,0,0,0,0,0,0
chr2:186182297,0,0,0,0,0,0,0,0,0,0,0,0,0
chr2:187504367,0,0,0,0,0,0,0,0,0,0,0,0,0
chr2:187817095,0,0,0,0,0,0,0,0,0,0,0,0,0
chr2:188876035,0,0,0,0,0,0,0,0,0,0,0,0,0
chr2:191023947,0,0,0,0,0,0,0,0,0,0,0,0,0
chr2:192114137,0,0,0,0,0,0,0,0,0,0,0,0,0
chr2:192536093,1,0,0,0,1,0,0,0,1,0,0,1,0
chr2:192688179,1,0,0,0,1,0,0,0,1,0,1,0,0
chr2:193508005,0,0,0,0,0,0,0,0,0,0,0,0,0
chr2:194052023,0,0,0,0,0,0,0,0,0,0,0,0,0
chr2:194613292,0,0,0,0,0,0,0,0,0,0,0,0,0
chr2:195576319,0,0,0,0,0,0,0,0,0,0,0,0,0
chr2:197579784,0,0,0,0,0,0,0,0,0,0,0,0,0
chr2:198172871,0,0,0,0,0,0,0,0,0,0,0,0,0
chr2:201515423,0,0,0,0,0,0,0,0,0,0,0,0,0
chr2:202239075,0,0,0,0,0,0,0,0,0,0,0,0,0
chr2:203639045,0,0,0,0,0,0,0,0,0,0,0,0,0
chr2:204643113,0,0,0,0,0,0,0,0,0,0,0,0,0
chr2:206224137,0,0,0,0,0,0,0,0,0,0,0,0,0
chr2:209136291,0,0,0,0,0,0,0,0,0,0,0,0,0
chr2:209203879,0,0,1,0,0,0,1,0,0,0,0,0,0
chr2:211725223,0,0,0,0,0,0,0,0,0,0,0,0,0
chr2:211799159,0,0,0,0,0,0,0,0,0,0,0,0,0
chr2:211799201,0,0,0,0,0,0,0,0,0,0,0,0,0
chr2:212460787,1,0,0,0,1,0,0,0,1,0,0,1,0
chr2:214756926,0,0,0,0,0,0,0,0,0,0,0,0,0
chr2:214869402,0,0,0,0,0,0,0,0,0,0,0,0,0
chr2:214877391,0,0,0,0,0,0,0,0,0,0,0,0,0
chr2:215179447,0,0,0,0,0,0,0,0,0,0,0,0,0
chr2:215657375,0,0,0,0,0,0,0,0,0,0,0,0,0
chr2:215661307,0,0,0,0,0,0,0,0,0,0,0,0,0
chr2:215661340,0,0,0,0,0,0,0,0,0,0,0,0,0
chr2:215672627,0,0,0,0,0,0,0,0,0,0,0,0,0
chr2:216065043,0,0,0,0,0,0,0,0,0,0,0,0,0
chr2:216493040,1,0,0,0,1,0,0,0,1,0,1,0,0
chr2:216892984,1,0,0,0,1,0,0,0,1,0,0,1,0
chr2:217612161,0,0,0,0,0,0,0,0,0,0,0,0,0
chr2:217675426,0,0,0,0,0,0,0,0,0,0,0,0,0
chr2:218310859,1,0,0,0,1,0,0,0,1,1,0,0,0
chr2:218321867,0,0,0,0,0,0,0,0,0,0,0,0,0
chr2:218532221,1,0,0,0,1,0,0,0,1,0,1,1,0
chr2:219066992,0,0,0,0,0,0,0,0,0,0,0,0,0
chr2:219225705,1,0,0,0,1,0,0,0,1,0,0,1,0
chr2:219227272,1,0,0,0,1,0,0,0,1,1,1,0,0
chr2:219344761,1,0,0,0,1,0,0,0,1,0,1,0,0
chr2:219454403,0,0,0,0,0,0,0,0,0,0,0,0,0
chr2:219457819,1,0,0,0,1,0,0,0,1,1,0,0,0
chr2:219460603,0,0,0,0,0,0,0,0,0,0,0,0,0
chr2:219460745,0,0,0,0,0,0,0,0,0,0,0,0,0
chr2:219818842,0,0,0,0,0,0,0,0,0,0,0,0,0
chr2:221064574,1,0,0,0,1,0,0,0,0,0,0,0,0
chr2:221091136,0,0,0,0,0,0,0,0,0,0,0,0,0
chr2:221092498,0,0,0,0,0,0,0,0,0,0,0,0,0
chr2:221362878,0,0,0,0,0,0,0,0,0,0,0,0,0
chr2:221371754,0,0,0,0,0,0,0,0,0,0,0,0,0
chr2:221399401,1,0,0,0,1,0,0,0,0,0,0,0,0
chr2:221786056,1,0,0,0,1,0,0,0,1,0,1,0,0
chr2:221855042,1,0,0,0,1,0,0,0,1,0,0,1,0
chr2:221855050,1,0,0,0,1,0,0,0,1,0,0,1,0
chr2:222319579,1,0,0,0,1,0,0,0,0,0,0,0,0
chr2:222319679,1,0,0,0,1,0,0,0,0,0,0,0,0
chr2:222319770,1,0,0,0,1,0,0,0,0,0,0,0,0
chr2:222319804,1,0,0,0,1,0,0,0,0,0,0,0,0
chr2:222319984,1,0,0,0,1,0,0,0,0,0,0,0,0
chr2:222321083,1,0,0,0,1,0,0,0,0,0,0,0,0
chr2:222321863,1,0,0,0,1,0,0,0,0,0,0,0,0
chr2:222322436,1,0,0,0,1,0,0,0,0,0,0,0,0
chr2:222322712,1,0,0,0,1,0,0,0,0,0,0,0,0
chr2:222323314,1,0,0,0,1,0,0,0,1,1,0,0,0
chr2:222323749,1,0,0,0,1,0,0,0,0,0,0,0,0
chr2:222324459,1,0,0,0,1,0,0,0,0,0,0,0,0
chr2:222325460,1,0,0,0,1,0,0,0,1,1,0,0,0
chr2:222496259,0,0,0,0,0,0,0,0,0,0,0,0,0
chr2:222597330,0,0,0,0,0,0,0,0,0,0,0,0,0
chr2:222639223,0,0,0,0,0,0,0,0,0,0,0,0,0
chr2:222656740,0,0,0,0,0,0,0,0,0,0,0,0,0
chr2:222692804,0,0,0,0,0,0,0,0,0,0,0,0,0
chr2:222721784,1,0,0,0,1,0,0,0,1,0,0,1,0
chr2:223462256,0,0,0,0,0,0,0,0,0,0,0,0,0
chr2:224123737,0,0,0,0,0,0,0,0,0,0,0,0,0
chr2:224124396,0,0,0,0,0,0,0,0,0,0,0,0,0
chr2:224133946,1,0,0,0,1,0,0,0,0,0,0,0,0
chr2:224192037,0,0,0,0,0,0,0,0,0,0,0,0,0
chr2:224196568,0,0,0,0,0,0,0,0,0,0,0,0,0
chr2:224197167,0,0,0,0,0,0,0,0,0,0,0,0,0
chr2:224246208,0,0,0,0,0,0,0,0,0,0,0,0,0
chr2:224440376,0,0,0,0,0,0,0,0,0,0,0,0,0
chr2:224442105,0,0,0,0,0,0,0,0,0,0,0,0,0
chr2:224446660,1,0,0,0,1,0,0,0,1,0,0,1,0
chr2:224483689,0,0,0,0,0,0,0,0,0,0,0,0,0
chr2:224671980,0,0,0,0,0,0,0,0,0,0,0,0,0
chr2:224723956,0,0,0,0,0,0,0,0,0,0,0,0,0
chr2:224792439,0,0,0,0,0,0,0,0,0,0,0,0,0
chr2:225523747,1,0,0,0,1,0,0,0,1,1,0,0,0
chr2:226051803,1,0,0,0,1,0,0,0,0,0,0,0,0
chr2:226121550,0,0,0,0,0,0,0,0,0,0,0,0,0
chr2:226123819,0,0,0,0,0,0,0,0,0,0,0,0,0
chr2:226140766,0,0,0,0,0,0,0,0,0,0,0,0,0
chr2:226141794,1,0,0,0,1,0,0,0,1,0,0,1,0
chr2:226142937,1,0,0,0,1,0,0,0,1,0,0,1,0
chr2:226273774,0,0,0,0,0,0,0,0,0,0,0,0,0
chr2:226441393,0,0,0,0,0,0,0,0,0,0,0,0,0
chr2:227409813,0,0,0,0,0,0,0,0,0,0,0,0,0
chr2:227425660,0,0,0,0,0,0,0,0,0,0,0,0,0
chr2:227432062,0,0,0,0,0,0,0,0,0,0,0,0,0
chr2:227434070,0,0,0,0,0,0,0,0,0,0,0,0,0
chr2:227437805,0,0,0,0,0,0,0,0,0,0,0,0,0
chr2:227484315,0,0,0,0,0,0,0,0,0,0,0,0,0
chr2:229447717,0,0,0,0,0,0,0,0,0,0,0,0,0
chr2:230048543,0,0,1,0,0,0,1,0,1,0,0,0,0
chr2:230988700,1,0,0,0,1,0,0,0,0,0,0,0,0
chr2:231332557,0,0,0,0,0,0,0,0,0,0,0,0,0
chr2:231358701,0,0,0,0,0,0,0,0,0,0,0,0,0
chr2:231363973,0,0,0,0,0,0,0,0,0,0,0,0,0
chr2:235285239,0,0,0,0,0,0,0,0,0,0,0,0,0
chr2:235285268,0,0,0,0,0,0,0,0,0,0,0,0,0
chr2:236532803,0,0,0,0,0,0,0,0,0,0,0,0,0
chr2:237309625,1,0,0,0,1,0,0,0,0,0,0,0,0
chr2:237882451,0,0,0,0,0,0,0,0,0,0,0,0,0
chr2:238169202,0,0,0,0,0,0,0,0,0,0,0,0,0
chr2:238225419,0,0,0,0,0,0,0,0,0,0,0,0,0
chr2:238226973,0,0,0,0,0,0,0,0,0,0,0,0,0
chr2:238227033,0,0,0,0,0,0,0,0,0,0,0,0,0
chr2:238513885,0,0,0,0,0,0,0,0,0,0,0,0,0
chr2:239395965,0,0,0,0,0,0,0,0,0,0,0,0,0
chr2:239396083,0,0,0,0,0,0,0,0,0,0,0,0,0
chr2:239402848,1,0,0,0,1,0,0,0,0,0,0,0,0
chr2:239402902,1,0,0,0,1,0,0,0,0,0,0,0,0
chr2:239402975,1,0,0,0,1,0,0,0,1,0,0,1,0
chr2:239403222,1,0,0,0,1,0,0,0,1,0,0,1,0
chr2:239428693,1,0,0,0,1,0,0,0,0,0,0,0,0
chr2:239428845,1,0,0,0,1,0,0,0,0,0,0,0,0
chr2:239578717,0,0,0,0,0,0,0,0,0,0,0,0,0
chr2:240242769,0,0,0,0,0,0,0,0,0,0,0,0,0
chr2:240332942,0,0,0,0,0,0,0,0,0,0,0,0,0
chr2:240366196,1,0,0,0,1,0,0,0,0,0,0,0,0
chr2:240367770,1,0,0,0,1,0,0,0,0,0,0,0,0
chr2:240367901,1,0,0,0,1,0,0,0,0,0,0,0,0
chr2:240371268,0,0,0,0,0,0,0,0,0,0,0,0,0
chr2:240481059,0,0,0,0,0,0,0,0,0,0,0,0,0
chr2:240512413,0,0,0,0,0,0,0,0,0,0,0,0,0
chr2:240572536,1,0,0,0,1,0,0,0,1,0,1,0,0
chr2:240574981,1,0,0,0,1,0,0,0,1,0,1,0,0
chr2:240575002,1,0,0,0,1,0,0,0,1,0,1,0,0
chr2:240608232,1,0,0,0,1,0,0,0,1,1,0,0,0
chr2:240687554,0,0,0,0,0,0,0,0,0,0,0,0,0
chr2:241611227,0,0,0,0,0,0,0,0,0,0,0,0,0
chr2:241672797,0,0,0,0,0,0,0,0,0,0,0,0,0
chr2:241672974,1,0,0,0,1,0,0,0,1,0,0,1,0
chr2:241767648,0,0,0,0,0,0,0,0,0,0,0,0,0
chr2:241772499,0,0,0,0,0,0,0,0,0,0,0,0,0
chr2:241780230,0,0,0,0,0,0,0,0,0,0,0,0,0
chr2:241780460,0,0,0,0,0,0,0,0,0,0,0,0,0
chr2:241780902,0,0,0,0,0,0,0,0,0,0,0,0,0
chr2:241786346,1,0,0,0,1,0,0,0,0,0,0,0,0
chr2:241791034,0,0,0,0,0,0,0,0,0,0,0,0,0
chr2:241791193,0,0,0,0,0,0,0,0,0,0,0,0,0
chr2:241792458,0,0,0,0,0,0,0,0,0,0,0,0,0
chr2:241806787,0,0,0,0,0,0,0,0,0,0,0,0,0
chr2:241821945,0,0,0,0,0,0,0,0,0,0,0,0,0
chr2:241830852,0,0,0,0,0,0,0,0,0,0,0,0,0
chr2:241969832,0,0,0,0,0,0,0,0,0,0,0,0,0
chr2:242025481,0,0,0,0,0,0,0,0,0,0,0,0,0
chr2:242180343,1,0,0,0,1,0,0,0,0,0,0,0,0
chr2:242184194,1,0,0,0,1,0,0,0,0,0,0,0,0
chr2:242381072,1,0,0,0,1,0,0,0,1,1,0,0,0
chr2:242404296,0,0,0,0,0,0,0,0,0,0,0,0,0
chr2:242518552,0,0,0,0,0,0,0,0,0,0,0,0,0
chr2:242519437,0,0,0,0,0,0,0,0,0,0,0,0,0
chr2:242520596,0,0,0,0,0,0,0,0,0,0,0,0,0
chr2:242524054,0,0,0,0,0,0,0,0,0,0,0,0,0
chr2:242524192,0,0,0,0,0,0,0,0,0,0,0,0,0
chr2:242536492,0,0,0,0,0,0,0,0,0,0,0,0,0
chr2:242537887,0,0,0,0,0,0,0,0,0,0,0,0,0
chr2:242540236,0,0,0,0,0,0,0,0,0,0,0,0,0
chr2:242544890,0,0,0,0,0,0,0,0,0,0,0,0,0
chr2:242550852,0,0,0,0,0,0,0,0,0,0,0,0,0
chr2:242553331,0,0,0,0,0,0,0,0,0,0,0,0,0
chr2:242557229,0,0,0,0,0,0,0,0,0,0,0,0,0
chr2:242557994,0,0,0,0,0,0,0,0,0,0,0,0,0
chr2:242558648,0,0,0,0,0,0,0,0,0,0,0,0,0
chr2:242560379,0,0,0,0,0,0,0,0,0,0,0,0,0
chr2:242563074,0,0,0,0,0,0,0,0,0,0,0,0,0
chr2:242564416,0,0,0,0,0,0,0,0,0,0,0,0,0
chr2:242564431,0,0,0,0,0,0,0,0,0,0,0,0,0
chr2:242572539,0,0,0,0,0,0,0,0,0,0,0,0,0
chr2:242574200,0,0,0,0,0,0,0,0,0,0,0,0,0
chr2:242574215,0,0,0,0,0,0,0,0,0,0,0,0,0
chr2:242574273,0,0,0,0,0,0,0,0,0,0,0,0,0
chr2:242575547,0,0,0,0,0,0,0,0,0,0,0,0,0
chr2:242576652,0,0,0,0,0,0,0,0,0,0,0,0,0
chr2:242578807,0,0,0,0,0,0,0,0,0,0,0,0,0
chr2:242579351,0,0,0,0,0,0,0,0,0,0,0,0,0
chr2:242579378,0,0,0,0,0,0,0,0,0,0,0,0,0
chr2:242582091,0,0,0,0,0,0,0,0,0,0,0,0,0
chr2:242602707,0,0,0,0,0,0,0,0,0,0,0,0,0
chr2:242603043,0,0,0,0,0,0,0,0,0,0,0,0,0
chr2:242614512,0,0,0,0,0,0,0,0,0,0,0,0,0
chr2:242617287,0,0,0,0,0,0,0,0,0,0,0,0,0
chr2:242620127,0,0,0,0,0,0,0,0,0,0,0,0,0
chr2:242633724,0,0,0,0,0,0,0,0,0,0,0,0,0
chr2:242633742,0,0,0,0,0,0,0,0,0,0,0,0,0
chr2:242643029,0,0,0,0,0,0,0,0,0,0,0,0,0
chr2:242643181,0,0,0,0,0,0,0,0,0,0,0,0,0
chr2:242643235,0,0,0,0,0,0,0,0,0,0,0,0,0
chr2:242645872,0,0,0,0,0,0,0,0,0,0,0,0,0
chr2:242647642,0,0,0,0,0,0,0,0,0,0,0,0,0
chr2:242649812,0,0,0,0,0,0,0,0,0,0,0,0,0
chr2:242657105,0,0,0,0,0,0,0,0,0,0,0,0,0
chr2:242674199,0,0,0,0,0,0,0,0,0,0,0,0,0
chr2:242678217,0,0,0,0,0,0,0,0,0,0,0,0,0
chr2:242678804,0,0,0,0,0,0,0,0,0,0,0,0,0
chr2:242678978,0,0,0,0,0,0,0,0,0,0,0,0,0
chr2:242680443,0,0,0,0,0,0,0,0,0,0,0,0,0
chr2:242680952,0,0,0,0,0,0,0,0,0,0,0,0,0
chr2:242685055,0,0,0,0,0,0,0,0,0,0,0,0,0
chr2:242690568,0,0,0,0,0,0,0,0,0,0,0,0,0
chr2:242696000,1,0,0,0,1,0,0,0,0,0,0,0,0
chr2:242700092,0,0,0,0,0,0,0,0,0,0,0,0,0
chr2:242748542,0,0,0,0,0,0,0,0,0,0,0,0,0
chr2:242775081,0,0,0,0,0,0,0,0,0,0,0,0,0
chr2:242777927,0,0,0,0,0,0,0,0,0,0,0,0,0
chr2:242779497,0,0,0,0,0,0,0,0,0,0,0,0,0
chr2:242779498,0,0,0,0,0,0,0,0,0,0,0,0,0
chr2:242786959,0,0,0,0,0,0,0,0,0,0,0,0,0
chr2:242813567,0,0,0,0,0,0,0,0,0,0,0,0,0
chr2:242814545,0,0,0,0,0,0,0,0,0,0,0,0,0
chr2:242839674,0,0,0,0,0,0,0,0,0,0,0,0,0
chr2:242848347,0,0,0,0,0,0,0,0,0,0,0,0,0
chr2:242866461,0,0,0,0,0,0,0,0,0,0,0,0,0
chr2:242866468,0,0,0,0,0,0,0,0,0,0,0,0,0
chr2:242869402,0,0,0,0,0,0,0,0,0,0,0,0,0
chr2:242888898,0,0,0,0,0,0,0,0,0,0,0,0,0
chr2:242913382,0,0,0,0,0,0,0,0,0,0,0,0,0
chr2:242914648,0,0,0,0,0,0,0,0,0,0,0,0,0
chr2:242916560,0,0,0,0,0,0,0,0,0,0,0,0,0
chr2:242918706,0,0,0,0,0,0,0,0,0,0,0,0,0
chr2:242969139,0,0,0,0,0,0,0,0,0,0,0,0,0
chr2:242970746,1,0,0,0,1,0,0,0,1,1,0,0,0
chr2:242980085,0,0,0,0,0,0,0,0,0,0,0,0,0
chr2:243145495,0,0,0,0,0,0,0,0,0,0,0,0,0
chr2:243172889,1,0,1,0,1,0,1,0,1,0,0,1,0
chr2:243173045,0,0,0,0,0,0,0,0,0,0,0,0,0
chr2:243173350,0,0,0,0,0,0,0,0,0,0,0,0,0
chr2:243175610,1,0,0,0,1,0,0,0,0,0,0,0,0
chr2:243178299,0,0,0,0,0,0,0,0,0,0,0,0,0
chr2:243178681,0,0,0,0,0,0,0,0,0,0,0,0,0
chr2:243285555,0,0,0,0,0,0,0,0,0,0,0,0,0
chr3:355705,0,0,0,0,0,0,0,0,0,0,0,0,0
chr3:1535271,1,0,0,0,1,0,0,0,0,0,0,0,0
chr3:1568221,0,0,0,0,0,0,0,0,0,0,0,0,0
chr3:1858973,0,0,0,0,0,0,0,0,0,0,0,0,0
chr3:1922697,0,0,0,0,0,0,0,0,0,0,0,0,0
chr3:1970688,0,0,0,0,0,0,0,0,0,0,0,0,0
chr3:4484527,1,0,0,0,1,0,0,0,0,0,0,0,0
chr3:4786600,0,0,0,0,0,0,0,0,0,0,0,0,0
chr3:5144962,0,0,0,0,0,0,0,0,0,0,0,0,0
chr3:5151356,0,0,0,0,0,0,0,0,0,0,0,0,0
chr3:5278351,0,0,0,0,0,0,0,0,0,0,0,0,0
chr3:5279062,1,0,0,0,1,0,0,0,0,0,0,0,0
chr3:6784709,0,0,0,0,0,0,0,0,0,0,0,0,0
chr3:6900327,0,0,0,0,0,0,0,0,0,0,0,0,0
chr3:7134231,0,0,0,0,0,0,0,0,0,0,0,0,0
chr3:7193356,0,0,0,0,0,0,0,0,0,0,0,0,0
chr3:7193532,0,0,0,0,0,0,0,0,0,0,0,0,0
chr3:7517611,1,0,0,0,1,0,0,0,1,0,1,0,0
chr3:8051489,1,0,0,0,1,0,0,0,0,0,0,0,0
chr3:8195091,0,0,0,0,0,0,0,0,0,0,0,0,0
chr3:8196690,0,0,0,0,0,0,0,0,0,0,0,0,0
chr3:8199584,0,0,0,0,0,0,0,0,0,0,0,0,0
chr3:8263435,1,0,0,0,1,0,0,0,1,1,0,0,0
chr3:8263538,1,0,0,0,1,0,0,0,1,1,0,0,0
chr3:8514510,0,0,0,0,0,0,0,0,0,0,0,0,0
chr3:8522145,1,0,0,0,1,0,0,0,1,0,1,0,0
chr3:8620692,0,0,0,0,0,0,0,0,0,0,0,0,0
chr3:8625458,0,0,0,0,0,0,0,0,0,0,0,0,0
chr3:8625619,0,0,0,0,0,0,0,0,0,0,0,0,0
chr3:8625970,0,0,0,0,0,0,0,0,0,0,0,0,0
chr3:8779867,1,0,0,0,1,0,0,0,1,1,0,0,0
chr3:9360507,0,0,0,0,0,0,0,0,0,0,0,0,0
chr3:9575121,1,0,0,0,1,0,0,0,1,1,1,1,0
chr3:9729339,0,0,0,0,0,0,0,0,0,0,0,0,0
chr3:9782040,0,0,0,0,0,0,0,0,0,0,0,0,0
chr3:9811768,0,0,0,0,0,0,0,0,0,0,0,0,0
chr3:9815709,1,0,0,0,1,0,0,0,1,1,0,0,0
chr3:10184500,0,0,0,0,0,0,0,0,0,0,0,0,0
chr3:11815146,0,0,0,0,0,0,0,0,0,0,0,0,0
chr3:15041402,0,0,0,0,0,0,0,0,0,0,0,0,0
chr3:15129862,0,0,0,0,0,0,0,0,0,0,0,0,0
chr3:15168496,0,0,0,0,0,0,0,0,0,0,0,0,0
chr3:15168569,0,0,0,0,0,0,0,0,0,0,0,0,0
chr3:15168594,0,0,0,0,0,0,0,0,0,0,0,0,0
chr3:16006702,0,1,0,0,0,1,0,0,1,0,0,0,0
chr3:16071032,0,0,0,0,0,0,0,0,0,0,0,0,0
chr3:16145852,0,0,0,0,0,0,0,0,0,0,0,0,0
chr3:16145912,0,0,0,0,0,0,0,0,0,0,0,0,0
chr3:17788801,0,0,0,0,0,0,0,0,0,0,0,0,0
chr3:17996299,0,0,0,0,0,0,0,0,0,0,0,0,0
chr3:18158787,0,0,0,0,0,0,0,0,0,0,0,0,0
chr3:20208803,0,0,0,0,0,0,0,0,0,0,0,0,0
chr3:20210859,0,0,0,0,0,0,0,0,0,0,0,0,0
chr3:20463903,0,0,0,0,0,0,0,0,0,0,0,0,0
chr3:20463961,0,0,0,0,0,0,0,0,0,0,0,0,0
chr3:22140081,0,0,0,0,0,0,0,0,0,0,0,0,0
chr3:23938277,0,0,0,0,0,0,0,0,0,0,0,0,0
chr3:24397368,0,0,0,0,0,0,0,0,0,0,0,0,0
chr3:24907460,0,0,0,0,0,0,0,0,0,0,0,0,0
chr3:25581983,0,0,0,0,0,0,0,0,0,0,0,0,0
chr3:26275479,0,0,0,0,0,0,0,0,0,0,0,0,0
chr3:27388774,0,0,0,0,0,0,0,0,0,0,0,0,0
chr3:27801296,0,0,0,0,0,0,0,0,0,0,0,0,0
chr3:27831483,0,0,0,0,0,0,0,0,0,0,0,0,0
chr3:28148331,0,0,0,0,0,0,0,0,0,0,0,0,0
chr3:28244853,0,0,0,0,0,0,0,0,0,0,0,0,0
chr3:28938245,0,0,0,0,0,0,0,0,0,0,0,0,0
chr3:29628735,0,0,0,0,0,0,0,0,0,0,0,0,0
chr3:29711421,0,0,0,0,0,0,0,0,0,0,0,0,0
chr3:30446844,0,0,0,0,0,0,0,0,0,0,0,0,0
chr3:30480294,0,0,0,0,0,0,0,0,0,0,0,0,0
chr3:30986470,0,0,0,0,0,0,0,0,0,0,0,0,0
chr3:31042060,0,0,0,0,0,0,0,0,0,0,0,0,0
chr3:32747452,0,0,0,0,0,0,0,0,0,0,0,0,0
chr3:33069843,0,0,0,0,0,0,0,0,0,0,0,0,0
chr3:33096585,0,0,0,0,0,0,0,0,0,0,0,0,0
chr3:33105278,0,0,0,0,0,0,0,0,0,0,0,0,0
chr3:33109012,0,0,0,0,0,0,0,0,0,0,0,0,0
chr3:33111125,0,0,0,0,0,0,0,0,0,0,0,0,0
chr3:33111172,0,0,0,0,0,0,0,0,0,0,0,0,0
chr3:33138006,1,0,0,0,1,0,0,0,1,0,1,0,0
chr3:33143150,1,0,0,0,1,0,0,0,1,0,0,1,0
chr3:33800001,0,0,0,0,0,0,0,0,0,0,0,0,0
chr3:34374434,1,0,0,0,1,0,0,0,1,0,1,0,0
chr3:35212448,0,0,0,0,0,0,0,0,0,0,0,0,0
chr3:35297344,0,0,0,0,0,0,0,0,0,0,0,0,0
chr3:35331485,0,0,0,0,0,0,0,0,0,0,0,0,0
chr3:35466870,0,0,0,0,0,0,0,0,0,0,0,0,0
chr3:35490846,0,0,0,0,0,0,0,0,0,0,0,0,0
chr3:35503089,0,0,0,0,0,0,0,0,0,0,0,0,0
chr3:35508197,0,0,0,0,0,0,0,0,0,0,0,0,0
chr3:35952367,0,0,0,0,0,0,0,0,0,0,0,0,0
chr3:37128641,0,0,0,0,0,0,0,0,0,0,0,0,0
chr3:37139575,0,0,0,0,0,0,0,0,0,0,0,0,0
chr3:37345835,0,0,0,0,0,0,0,0,0,0,0,0,0
chr3:37859930,0,0,0,0,0,0,0,0,0,0,0,0,0
chr3:38315884,0,0,0,0,0,0,0,0,0,0,0,0,0
chr3:38347870,0,0,0,0,0,0,0,0,0,0,0,0,0
chr3:38684313,0,0,0,0,0,0,0,0,0,0,0,0,0
chr3:38865584,0,0,0,0,0,0,0,0,0,0,0,0,0
chr3:38969202,0,0,0,0,0,0,0,0,0,0,0,0,0
chr3:39036137,1,0,0,0,1,0,0,0,0,0,0,0,0
chr3:39039758,1,0,0,0,1,0,0,0,0,0,0,0,0
chr3:39042782,1,0,0,0,1,0,0,0,1,1,0,0,0
chr3:39048503,0,0,0,0,0,0,0,0,0,0,0,0,0
chr3:39325858,0,0,0,0,0,0,0,0,0,0,0,0,0
chr3:39388793,0,0,0,0,0,0,0,0,0,0,0,0,0
chr3:39392650,0,0,0,0,0,0,0,0,0,0,0,0,0
chr3:39647170,0,0,0,0,0,0,0,0,0,0,0,0,0
chr3:39661883,0,0,0,0,0,0,0,0,0,0,0,0,0
chr3:39667155,0,0,0,0,0,0,0,0,0,0,0,0,0
chr3:40094968,0,0,0,0,0,0,0,0,0,0,0,0,0
chr3:40198139,0,0,0,0,0,0,0,0,0,0,0,0,0
chr3:41369448,0,0,0,0,0,0,0,0,0,0,0,0,0
chr3:41396211,0,0,0,0,0,0,0,0,0,0,0,0,0
chr3:41555545,0,0,0,0,0,0,0,0,0,0,0,0,0
chr3:41984053,0,0,0,0,0,0,0,0,0,0,0,0,0
chr3:42188044,0,0,0,0,0,0,0,0,0,0,0,0,0
chr3:42273110,0,0,0,0,0,0,0,0,0,0,0,0,0
chr3:42396933,0,0,0,0,0,0,0,0,0,0,0,0,0
chr3:42866331,0,0,0,0,0,0,0,0,0,0,0,0,0
chr3:43700792,1,0,0,0,1,0,0,0,1,1,0,0,0
chr3:43701314,0,0,0,0,0,0,0,0,0,0,0,0,0
chr3:43701370,0,0,0,0,0,0,0,0,0,0,0,0,0
chr3:43704797,1,0,0,0,1,0,0,0,0,0,0,0,0
chr3:43706298,1,0,0,0,1,0,0,0,0,0,0,0,0
chr3:43707865,0,0,0,0,0,0,0,0,0,0,0,0,0
chr3:43708234,0,0,0,0,0,0,0,0,0,0,0,0,0
chr3:43708440,0,0,0,0,0,0,0,0,0,0,0,0,0
chr3:43708682,0,0,0,0,0,0,0,0,0,0,0,0,0
chr3:43708688,0,0,0,0,0,0,0,0,0,0,0,0,0
chr3:43708923,0,0,0,0,0,0,0,0,0,0,0,0,0
chr3:43709017,0,0,0,0,0,0,0,0,0,0,0,0,0
chr3:43725321,0,0,0,0,0,0,0,0,0,0,0,0,0
chr3:43725997,0,0,0,0,0,0,0,0,0,0,0,0,0
chr3:43727900,0,0,0,0,0,0,0,0,0,0,0,0,0
chr3:43728446,0,0,0,0,0,0,0,0,0,0,0,0,0
chr3:43728482,0,0,0,0,0,0,0,0,0,0,0,0,0
chr3:43728703,0,0,0,0,0,0,0,0,0,0,0,0,0
chr3:43729062,0,0,0,0,0,0,0,0,0,0,0,0,0
chr3:43729377,0,0,0,0,0,0,0,0,0,0,0,0,0
chr3:43730183,0,0,0,0,0,0,0,0,0,0,0,0,0
chr3:43735083,0,0,0,0,0,0,0,0,0,0,0,0,0
chr3:43735391,0,0,0,0,0,0,0,0,0,0,0,0,0
chr3:43735492,0,0,0,0,0,0,0,0,0,0,0,0,0
chr3:43735924,0,0,0,0,0,0,0,0,0,0,0,0,0
chr3:43735960,0,0,0,0,0,0,0,0,0,0,0,0,0
chr3:43735982,0,0,0,0,0,0,0,0,0,0,0,0,0
chr3:43736586,0,0,0,0,0,0,0,0,0,0,0,0,0
chr3:43736817,0,0,0,0,0,0,0,0,0,0,0,0,0
chr3:43736903,0,0,0,0,0,0,0,0,0,0,0,0,0
chr3:43737186,0,0,0,0,0,0,0,0,0,0,0,0,0
chr3:43738656,0,0,0,0,0,0,0,0,0,0,0,0,0
chr3:43779856,0,0,0,0,0,0,0,0,0,0,0,0,0
chr3:43804025,0,0,0,0,0,0,0,0,0,0,0,0,0
chr3:43804294,1,0,0,0,1,0,0,0,1,0,0,1,0
chr3:43804429,1,0,0,0,1,0,0,0,1,0,0,1,0
chr3:43804994,1,0,0,0,1,0,0,0,0,0,0,0,0
chr3:43805252,1,0,0,0,1,0,0,0,0,0,0,0,0
chr3:43806534,1,0,0,0,1,0,0,0,1,1,0,0,0
chr3:43807379,1,0,0,0,1,0,0,0,0,0,0,0,0
chr3:43809116,0,0,0,0,0,0,0,0,0,0,0,0,0
chr3:43809347,0,0,0,0,0,0,0,0,0,0,0,0,0
chr3:43809372,0,0,0,0,0,0,0,0,0,0,0,0,0
chr3:43824223,0,0,0,0,0,0,0,0,0,0,0,0,0
chr3:43825681,1,0,0,0,1,0,0,0,0,0,0,0,0
chr3:43841370,0,0,0,0,0,0,0,0,0,0,0,0,0
chr3:43842075,0,0,0,0,0,0,0,0,0,0,0,0,0
chr3:43842397,0,0,0,0,0,0,0,0,0,0,0,0,0
chr3:43844767,0,0,0,0,0,0,0,0,0,0,0,0,0
chr3:43845141,0,0,0,0,0,0,0,0,0,0,0,0,0
chr3:43859243,0,0,0,0,0,0,0,0,0,0,0,0,0
chr3:43880544,0,0,0,0,0,0,0,0,0,0,0,0,0
chr3:43884394,0,0,0,0,0,0,0,0,0,0,0,0,0
chr3:43888928,0,0,0,0,0,0,0,0,0,0,0,0,0
chr3:43888999,0,0,0,0,0,0,0,0,0,0,0,0,0
chr3:43890076,0,0,0,0,0,0,0,0,0,0,0,0,0
chr3:43890144,0,0,0,0,0,0,0,0,0,0,0,0,0
chr3:43895460,0,0,0,0,0,0,0,0,0,0,0,0,0
chr3:43895608,0,0,0,0,0,0,0,0,0,0,0,0,0
chr3:43904262,0,0,0,0,0,0,0,0,0,0,0,0,0
chr3:43904719,0,0,0,0,0,0,0,0,0,0,0,0,0
chr3:43905368,0,0,0,0,0,0,0,0,0,0,0,0,0
chr3:43905676,0,0,0,0,0,0,0,0,0,0,0,0,0
chr3:43905699,0,0,0,0,0,0,0,0,0,0,0,0,0
chr3:43906657,0,0,0,0,0,0,0,0,0,0,0,0,0
chr3:43907677,0,0,0,0,0,0,0,0,0,0,0,0,0
chr3:43935084,1,0,0,0,1,0,0,0,1,0,0,1,0
chr3:44104549,0,0,0,0,0,0,0,0,0,0,0,0,0
chr3:44173784,0,0,0,0,0,0,0,0,0,0,0,0,0
chr3:44612223,0,0,0,0,0,0,0,0,0,0,0,0,0
chr3:44627676,0,0,0,0,0,0,0,0,0,0,0,0,0
chr3:44743107,0,0,0,0,0,0,0,0,0,0,0,0,0
chr3:44782744,0,0,0,0,0,0,0,0,0,0,0,0,0
chr3:44806576,0,0,0,0,0,0,0,0,0,0,0,0,0
chr3:44810798,0,0,0,0,0,0,0,0,0,0,0,0,0
chr3:44810892,0,0,0,0,0,0,0,0,0,0,0,0,0
chr3:44813089,0,0,0,0,0,0,0,0,0,0,0,0,0
chr3:44814719,0,0,0,0,0,0,0,0,0,0,0,0,0
chr3:44943586,0,0,0,0,0,0,0,0,0,0,0,0,0
chr3:44950335,0,0,0,0,0,0,0,0,0,0,0,0,0
chr3:44979530,0,0,0,0,0,0,0,0,0,0,0,0,0
chr3:45134470,1,0,0,0,1,0,0,0,0,0,0,0,0
chr3:49081337,0,0,0,0,0,0,0,0,0,0,0,0,0
chr3:49171836,0,0,0,0,0,0,0,0,0,0,0,0,0
chr3:49198395,0,0,0,0,0,0,0,0,0,0,0,0,0
chr3:49205772,0,0,0,0,0,0,0,0,0,0,0,0,0
chr3:49206956,0,0,0,0,0,0,0,0,0,0,0,0,0
chr3:49219940,0,0,0,0,0,0,0,0,0,0,0,0,0
chr3:49242358,0,0,0,0,0,0,0,0,0,0,0,0,0
chr3:49264128,0,0,0,0,0,0,0,0,0,0,0,0,0
chr3:49271831,0,0,0,0,0,0,0,0,0,0,0,0,0
chr3:49272849,0,0,0,0,0,0,0,0,0,0,0,0,0
chr3:49273939,0,0,0,0,0,0,0,0,0,0,0,0,0
chr3:49274900,0,0,0,0,0,0,0,0,0,0,0,0,0
chr3:49276182,0,0,0,0,0,0,0,0,0,0,0,0,0
chr3:49277717,0,0,0,0,0,0,0,0,0,0,0,0,0
chr3:49287493,0,0,0,0,0,0,0,0,0,0,0,0,0
chr3:49289397,0,0,0,0,0,0,0,0,0,0,0,0,0
chr3:49303574,0,0,0,0,0,0,0,0,0,0,0,0,0
chr3:49310815,0,0,0,0,0,0,0,0,0,0,0,0,0
chr3:49315888,0,0,0,0,0,0,0,0,0,0,0,0,0
chr3:49327890,0,0,0,0,0,0,0,0,0,0,0,0,0
chr3:49425407,0,0,0,0,0,0,0,0,0,0,0,0,0
chr3:49452724,0,0,0,0,0,0,0,0,0,0,0,0,0
chr3:49539560,0,0,0,0,0,0,0,0,0,0,0,0,0
chr3:49591652,0,0,0,0,0,0,0,0,0,0,0,0,0
chr3:49668390,0,0,1,0,0,0,1,0,1,0,0,0,0
chr3:49699054,0,0,1,0,0,0,1,0,0,0,0,0,0
chr3:49801237,0,0,1,0,0,0,1,0,0,0,0,0,0
chr3:49808484,1,0,1,0,1,0,1,0,1,0,0,0,0
chr3:49810749,1,0,0,0,1,0,0,0,0,0,0,0,0
chr3:49858923,0,0,0,0,0,0,0,0,0,0,0,0,0
chr3:50322309,0,0,0,0,0,0,0,0,0,0,0,0,0
chr3:50367390,0,0,0,0,0,0,0,0,0,0,0,0,0
chr3:50528991,0,0,0,0,0,0,0,0,0,0,0,0,0
chr3:50814511,0,0,0,0,0,0,0,0,0,0,0,0,0
chr3:50911002,0,0,0,0,0,0,0,0,0,0,0,0,0
chr3:51151452,0,0,0,0,0,0,0,0,0,0,0,0,0
chr3:51418455,0,0,0,0,0,0,0,0,0,0,0,0,0
chr3:51543963,0,0,0,0,0,0,0,0,0,0,0,0,0
chr3:51558866,0,0,0,0,0,0,0,0,0,0,0,0,0
chr3:51559069,0,0,0,0,0,0,0,0,0,0,0,0,0
chr3:51605211,0,0,0,0,0,0,0,0,0,0,0,0,0
chr3:51643096,0,0,0,0,0,0,0,0,0,0,0,0,0
chr3:51697170,0,0,0,0,0,0,0,0,0,0,0,0,0
chr3:51713692,0,0,0,0,0,0,0,0,0,0,0,0,0
chr3:51721085,0,0,0,0,0,0,0,0,0,0,0,0,0
chr3:51734584,0,0,0,0,0,0,0,0,0,0,0,0,0
chr3:51791174,0,0,0,0,0,0,0,0,0,0,0,0,0
chr3:51911411,0,0,0,0,0,0,0,0,0,0,0,0,0
chr3:51922957,0,0,0,0,0,0,0,0,0,0,0,0,0
chr3:51944518,0,0,0,0,0,0,0,0,0,0,0,0,0
chr3:51949911,0,0,0,0,0,0,0,0,0,0,0,0,0
chr3:51961016,0,0,0,0,0,0,0,0,0,0,0,0,0
chr3:51989337,0,0,0,0,0,0,0,0,0,0,0,0,0
chr3:52018858,0,0,0,0,0,0,0,0,0,0,0,0,0
chr3:52023798,0,0,0,0,0,0,0,0,0,0,0,0,0
chr3:52026662,0,0,0,0,0,0,0,0,0,0,0,0,0
chr3:52028953,0,0,0,0,0,0,0,0,0,0,0,0,0
chr3:52067490,0,0,0,0,0,0,0,0,0,0,0,0,0
chr3:52100488,0,0,0,0,0,0,0,0,0,0,0,0,0
chr3:52133288,0,0,0,0,0,0,0,0,0,0,0,0,0
chr3:52241375,0,0,0,0,0,0,0,0,0,0,0,0,0
chr3:52251462,0,0,0,0,0,0,0,0,0,0,0,0,0
chr3:52252896,0,0,0,0,0,0,0,0,0,0,0,0,0
chr3:52263775,0,0,0,0,0,0,0,0,0,0,0,0,0
chr3:52286182,0,0,0,0,0,0,0,0,0,0,0,0,0
chr3:52289392,0,0,0,0,0,0,0,0,0,0,0,0,0
chr3:52318863,0,0,0,0,0,0,0,0,0,0,0,0,0
chr3:52327751,0,0,0,0,0,0,0,0,0,0,0,0,0
chr3:52349986,0,0,0,0,0,0,0,0,0,0,0,0,0
chr3:52355799,0,0,0,0,0,0,0,0,0,0,0,0,0
chr3:52374283,0,0,0,0,0,0,0,0,0,0,0,0,0
chr3:52378487,0,0,0,0,0,0,0,0,0,0,0,0,0
chr3:52383053,0,0,0,0,0,0,0,0,0,0,0,0,0
chr3:52405474,0,0,0,0,0,0,0,0,0,0,0,0,0
chr3:52417683,0,0,0,0,0,0,0,0,0,0,0,0,0
chr3:52420207,0,0,0,0,0,0,0,0,0,0,0,0,0
chr3:52486507,0,0,0,0,0,0,0,0,0,0,0,0,0
chr3:52498097,0,0,0,0,0,0,0,0,0,0,0,0,0
chr3:52498169,0,0,0,0,0,0,0,0,0,0,0,0,0
chr3:52593855,0,0,0,0,0,0,0,0,0,0,0,0,0
chr3:52596769,0,0,0,0,0,0,0,0,0,0,0,0,0
chr3:52598301,0,0,0,0,0,0,0,0,0,0,0,0,0
chr3:52644116,0,0,0,0,0,0,0,0,0,0,0,0,0
chr3:52645289,0,0,0,0,0,0,0,0,0,0,0,0,0
chr3:52679080,0,0,0,0,0,0,0,0,0,0,0,0,0
chr3:52701260,0,0,0,0,0,0,0,0,0,0,0,0,0
chr3:52707161,0,0,0,0,0,0,0,0,0,0,0,0,0
chr3:52724196,0,0,0,0,0,0,0,0,0,0,0,0,0
chr3:52778031,0,0,0,0,0,0,0,0,0,0,0,0,0
chr3:52780242,0,0,0,0,0,0,0,0,0,0,0,0,0
chr3:52822434,0,0,0,0,0,0,0,0,0,0,0,0,0
chr3:52839417,0,0,0,0,0,0,0,0,0,0,0,0,0
chr3:52842611,0,0,0,0,0,0,0,0,0,0,0,0,0
chr3:52845620,0,0,0,0,0,0,0,0,0,0,0,0,0
chr3:52868321,0,0,0,0,0,0,0,0,0,0,0,0,0
chr3:52881078,0,0,0,0,0,0,0,0,0,0,0,0,0
chr3:52894377,0,0,0,0,0,0,0,0,0,0,0,0,0
chr3:52916371,0,0,0,0,0,0,0,0,0,0,0,0,0
chr3:52924650,0,0,0,0,0,0,0,0,0,0,0,0,0
chr3:53029440,0,0,0,0,0,0,0,0,0,0,0,0,0
chr3:53035112,0,0,0,0,0,0,0,0,0,0,0,0,0
chr3:53041944,0,0,0,0,0,0,0,0,0,0,0,0,0
chr3:53042097,0,0,0,0,0,0,0,0,0,0,0,0,0
chr3:53046481,0,0,0,0,0,0,0,0,0,0,0,0,0
chr3:53089557,0,0,0,0,0,0,0,0,0,0,0,0,0
chr3:53166665,0,0,0,0,0,0,0,0,0,0,0,0,0
chr3:53169300,0,0,0,0,0,0,0,0,0,0,0,0,0
chr3:53173011,0,0,0,0,0,0,0,0,0,0,0,0,0
chr3:53179619,0,0,0,0,0,0,0,0,0,0,0,0,0
chr3:53186622,0,0,0,0,0,0,0,0,0,0,0,0,0
chr3:53215433,0,0,0,0,0,0,0,0,0,0,0,0,0
chr3:53243232,0,0,0,0,0,0,0,0,0,0,0,0,0
chr3:53262923,0,0,0,0,0,0,0,0,0,0,0,0,0
chr3:53295140,0,0,0,0,0,0,0,0,0,0,0,0,0
chr3:53304366,0,0,0,0,0,0,0,0,0,0,0,0,0
chr3:53307300,0,0,0,0,0,0,0,0,0,0,0,0,0
chr3:53318619,0,0,0,0,0,0,0,0,0,0,0,0,0
chr3:53322178,0,0,0,0,0,0,0,0,0,0,0,0,0
chr3:53356080,0,0,0,0,0,0,0,0,0,0,0,0,0
chr3:53386233,0,0,0,0,0,0,0,0,0,0,0,0,0
chr3:53391369,0,0,0,0,0,0,0,0,0,0,0,0,0
chr3:53416337,0,0,0,0,0,0,0,0,0,0,0,0,0
chr3:53484003,0,0,0,0,0,0,0,0,0,0,0,0,0
chr3:53488457,0,0,0,0,0,0,0,0,0,0,0,0,0
chr3:53490064,0,0,0,0,0,0,0,0,0,0,0,0,0
chr3:53493193,0,0,0,0,0,0,0,0,0,0,0,0,0
chr3:53496910,0,0,0,0,0,0,0,0,0,0,0,0,0
chr3:53514909,0,0,0,0,0,0,0,0,0,0,0,0,0
chr3:53569963,0,0,0,0,0,0,0,0,0,0,0,0,0
chr3:53571118,0,0,0,0,0,0,0,0,0,0,0,0,0
chr3:53636164,0,0,0,0,0,0,0,0,0,0,0,0,0
chr3:53647041,0,0,0,0,0,0,0,0,0,0,0,0,0
chr3:53648062,0,0,0,0,0,0,0,0,0,0,0,0,0
chr3:53650331,0,0,0,0,0,0,0,0,0,0,0,0,0
chr3:53660918,0,0,0,0,0,0,0,0,0,0,0,0,0
chr3:53671140,0,0,0,0,0,0,0,0,0,0,0,0,0
chr3:53672000,0,0,0,0,0,0,0,0,0,0,0,0,0
chr3:53682187,0,0,0,0,0,0,0,0,0,0,0,0,0
chr3:53685318,0,0,0,0,0,0,0,0,0,0,0,0,0
chr3:53750006,0,0,0,0,0,0,0,0,0,0,0,0,0
chr3:53755015,0,0,0,0,0,0,0,0,0,0,0,0,0
chr3:53757187,0,0,0,0,0,0,0,0,0,0,0,0,0
chr3:53762161,0,0,0,0,0,0,0,0,0,0,0,0,0
chr3:53764438,0,0,0,0,0,0,0,0,0,0,0,0,0
chr3:55141852,0,0,0,0,0,0,0,0,0,0,0,0,0
chr3:55189161,0,0,0,0,0,0,0,0,0,0,0,0,0
chr3:55267048,0,0,0,0,0,0,0,0,0,0,0,0,0
chr3:55309347,0,0,0,0,0,0,0,0,0,0,0,0,0
chr3:55316504,0,0,0,0,0,0,0,0,0,0,0,0,0
chr3:55343522,0,0,0,0,0,0,0,0,0,0,0,0,0
chr3:55394284,0,0,0,0,0,0,0,0,0,0,0,0,0
chr3:55405665,0,0,0,0,0,0,0,0,0,0,0,0,0
chr3:55483457,0,0,0,0,0,0,0,0,0,0,0,0,0
chr3:55484259,0,0,0,0,0,0,0,0,0,0,0,0,0
chr3:55499844,0,0,0,0,0,0,0,0,0,0,0,0,0
chr3:55530980,0,0,0,0,0,0,0,0,0,0,0,0,0
chr3:55531596,0,0,0,0,0,0,0,0,0,0,0,0,0
chr3:55534397,0,0,0,0,0,0,0,0,0,0,0,0,0
chr3:55761129,0,0,0,0,0,0,0,0,0,0,0,0,0
chr3:55801621,0,0,0,0,0,0,0,0,0,0,0,0,0
chr3:55846896,0,0,0,0,0,0,0,0,0,0,0,0,0
chr3:55908278,0,0,0,0,0,0,0,0,0,0,0,0,0
chr3:56020117,0,0,0,0,0,0,0,0,0,0,0,0,0
chr3:56040729,0,0,0,0,0,0,0,0,0,0,0,0,0
chr3:56284851,0,0,0,0,0,0,0,0,0,0,0,0,0
chr3:56284857,0,0,0,0,0,0,0,0,0,0,0,0,0
chr3:56286519,0,0,0,0,0,0,0,0,0,0,0,0,0
chr3:56288081,0,0,0,0,0,0,0,0,0,0,0,0,0
chr3:56289126,0,0,0,0,0,0,0,0,0,0,0,0,0
chr3:56347554,0,0,0,0,0,0,0,0,0,0,0,0,0
chr3:56348241,0,0,0,0,0,0,0,0,0,0,0,0,0
chr3:56349904,0,0,0,0,0,0,0,0,0,0,0,0,0
chr3:56351963,0,0,0,0,0,0,0,0,0,0,0,0,0
chr3:56352184,0,0,0,0,0,0,0,0,0,0,0,0,0
chr3:56421093,0,0,0,0,0,0,0,0,0,0,0,0,0
chr3:56421098,0,0,0,0,0,0,0,0,0,0,0,0,0
chr3:56429727,0,0,0,0,0,0,0,0,0,0,0,0,0
chr3:56725445,0,0,0,0,0,0,0,0,0,0,0,0,0
chr3:56739118,0,0,0,0,0,0,0,0,0,0,0,0,0
chr3:56739393,0,0,0,0,0,0,0,0,0,0,0,0,0
chr3:56739665,0,0,0,0,0,0,0,0,0,0,0,0,0
chr3:56764215,0,0,0,0,0,0,0,0,0,0,0,0,0
chr3:56764589,0,0,0,0,0,0,0,0,0,0,0,0,0
chr3:56947976,1,0,0,0,1,0,0,0,1,1,0,0,0
chr3:57055207,1,0,0,0,1,0,0,0,1,0,1,0,0
chr3:57234599,0,0,0,0,0,0,0,0,0,0,0,0,0
chr3:57271855,0,0,0,0,0,0,0,0,0,0,0,0,0
chr3:57341331,0,0,0,0,0,0,0,0,0,0,0,0,0
chr3:57355275,0,0,0,0,0,0,0,0,0,0,0,0,0
chr3:57400956,0,0,0,0,0,0,0,0,0,0,0,0,0
chr3:57494461,0,0,0,0,0,0,0,0,0,0,0,0,0
chr3:57496408,0,0,0,0,0,0,0,0,0,0,0,0,0
chr3:57502086,0,0,0,0,0,0,0,0,0,0,0,0,0
chr3:57521325,0,0,0,0,0,0,0,0,0,0,0,0,0
chr3:57528749,0,0,0,0,0,0,0,0,0,0,0,0,0
chr3:57549515,0,0,0,0,0,0,0,0,0,0,0,0,0
chr3:57566389,0,0,0,0,0,0,0,0,0,0,0,0,0
chr3:57756354,0,0,0,0,0,0,0,0,0,0,0,0,0
chr3:57770575,0,0,0,0,0,0,0,0,0,0,0,0,0
chr3:57804423,0,0,0,0,0,0,0,0,0,0,0,0,0
chr3:57821512,0,0,0,0,0,0,0,0,0,0,0,0,0
chr3:57835112,0,0,0,0,0,0,0,0,0,0,0,0,0
chr3:57877573,0,0,0,0,0,0,0,0,0,0,0,0,0
chr3:57895283,0,0,0,0,0,0,0,0,0,0,0,0,0
chr3:57895422,0,0,0,0,0,0,0,0,0,0,0,0,0
chr3:57897781,0,0,0,0,0,0,0,0,0,0,0,0,0
chr3:57904555,0,0,0,0,0,0,0,0,0,0,0,0,0
chr3:57933216,0,0,0,0,0,0,0,0,0,0,0,0,0
chr3:57941151,0,0,0,0,0,0,0,0,0,0,0,0,0
chr3:57941483,0,0,0,0,0,0,0,0,0,0,0,0,0
chr3:57944220,0,0,0,0,0,0,0,0,0,0,0,0,0
chr3:57965564,0,0,0,0,0,0,0,0,0,0,0,0,0
chr3:58005135,0,0,0,0,0,0,0,0,0,0,0,0,0
chr3:58039386,1,0,0,0,1,0,0,0,0,0,0,0,0
chr3:58056933,1,0,0,0,1,0,0,0,0,0,0,0,0
chr3:58065215,0,0,0,0,0,0,0,0,0,0,0,0,0
chr3:58070374,0,0,0,0,0,0,0,0,0,0,0,0,0
chr3:58080947,0,0,0,0,0,0,0,0,0,0,0,0,0
chr3:58097153,0,0,0,0,0,0,0,0,0,0,0,0,0
chr3:58517925,0,0,0,0,0,0,0,0,0,0,0,0,0
chr3:58530452,0,0,0,0,0,0,0,0,0,0,0,0,0
chr3:58530469,0,0,0,0,0,0,0,0,0,0,0,0,0
chr3:58530536,0,0,0,0,0,0,0,0,0,0,0,0,0
chr3:58560656,0,0,0,0,0,0,0,0,0,0,0,0,0
chr3:58566305,0,0,0,0,0,0,0,0,0,0,0,0,0
chr3:58568019,0,0,0,0,0,0,0,0,0,0,0,0,0
chr3:58671146,0,0,0,0,0,0,0,0,0,0,0,0,0
chr3:58672907,0,0,0,0,0,0,0,0,0,0,0,0,0
chr3:58680005,0,0,0,0,0,0,0,0,0,0,0,0,0
chr3:58685706,0,0,0,0,0,0,0,0,0,0,0,0,0
chr3:58687434,0,0,0,0,0,0,0,0,0,0,0,0,0
chr3:58715214,1,0,0,0,1,0,0,0,1,1,0,0,0
chr3:58715508,1,0,0,0,1,0,0,0,1,1,0,0,0
chr3:58715622,1,0,0,0,1,0,0,0,1,1,0,0,0
chr3:58715785,1,0,0,0,1,0,0,0,1,1,0,0,0
chr3:58715950,1,0,0,0,1,0,0,0,0,0,0,0,0
chr3:58717615,1,0,0,0,1,0,0,0,1,1,0,0,0
chr3:58719311,1,0,0,0,1,0,0,0,0,0,0,0,0
chr3:58721923,0,0,0,0,0,0,0,0,0,0,0,0,0
chr3:58723270,0,0,0,0,0,0,0,0,0,0,0,0,0
chr3:58744966,0,0,0,0,0,0,0,0,0,0,0,0,0
chr3:58745496,0,0,0,0,0,0,0,0,0,0,0,0,0
chr3:58746601,0,0,0,0,0,0,0,0,0,0,0,0,0
chr3:58746616,0,0,0,0,0,0,0,0,0,0,0,0,0
chr3:58748791,0,0,0,0,0,0,0,0,0,0,0,0,0
chr3:58756309,0,0,0,0,0,0,0,0,0,0,0,0,0
chr3:58756684,0,0,0,0,0,0,0,0,0,0,0,0,0
chr3:58758360,0,0,0,0,0,0,0,0,0,0,0,0,0
chr3:58770145,0,0,0,0,0,0,0,0,0,0,0,0,0
chr3:58770218,0,0,0,0,0,0,0,0,0,0,0,0,0
chr3:58802242,0,0,0,0,0,0,0,0,0,0,0,0,0
chr3:58804582,0,0,0,0,0,0,0,0,0,0,0,0,0
chr3:58858724,0,0,0,0,0,0,0,0,0,0,0,0,0
chr3:58875972,0,0,0,0,0,0,0,0,0,0,0,0,0
chr3:58876008,0,0,0,0,0,0,0,0,0,0,0,0,0
chr3:58876253,0,0,0,0,0,0,0,0,0,0,0,0,0
chr3:58880016,0,0,0,0,0,0,0,0,0,0,0,0,0
chr3:58880132,0,0,0,0,0,0,0,0,0,0,0,0,0
chr3:58892571,0,0,0,0,0,0,0,0,0,0,0,0,0
chr3:58913167,0,0,0,0,0,0,0,0,0,0,0,0,0
chr3:58938278,0,0,0,0,0,0,0,0,0,0,0,0,0
chr3:58938813,0,0,0,0,0,0,0,0,0,0,0,0,0
chr3:58979084,0,0,0,0,0,0,0,0,0,0,0,0,0
chr3:59034716,0,0,0,0,0,0,0,0,0,0,0,0,0
chr3:59035073,0,0,0,0,0,0,0,0,0,0,0,0,0
chr3:59040420,0,0,0,0,0,0,0,0,0,0,0,0,0
chr3:59041150,0,0,0,0,0,0,0,0,0,0,0,0,0
chr3:59043991,0,0,0,0,0,0,0,0,0,0,0,0,0
chr3:59048860,0,0,0,0,0,0,0,0,0,0,0,0,0
chr3:59064750,1,0,0,0,1,0,0,0,1,0,1,0,0
chr3:59255385,0,0,0,0,0,0,0,0,0,0,0,0,0
chr3:59471359,0,0,0,0,0,0,0,0,0,0,0,0,0
chr3:59526355,0,0,0,0,0,0,0,0,0,0,0,0,0
chr3:59566605,0,0,0,0,0,0,0,0,0,0,0,0,0
chr3:59566640,0,0,0,0,0,0,0,0,0,0,0,0,0
chr3:59631263,0,0,0,0,0,0,0,0,0,0,0,0,0
chr3:59644982,1,0,0,0,1,0,0,0,1,1,0,0,0
chr3:59681171,0,0,0,0,0,0,0,0,0,0,0,0,0
chr3:59866784,1,0,0,0,1,0,0,0,0,0,0,0,0
chr3:60210761,0,0,0,0,0,0,0,0,0,0,0,0,0
chr3:60770216,0,0,0,0,0,0,0,0,0,0,0,0,0
chr3:61029795,0,0,0,0,0,0,0,0,0,0,0,0,0
chr3:63115018,0,0,0,0,0,0,0,0,0,0,0,0,0
chr3:63587448,0,0,0,0,0,0,0,0,0,0,0,0,0
chr3:63861900,0,0,0,0,0,0,0,0,0,0,0,0,0
chr3:64299037,1,0,0,0,1,0,0,0,1,1,0,0,0
chr3:64598866,0,0,0,0,0,0,0,0,0,0,0,0,0
chr3:64765223,0,0,0,0,0,0,0,0,0,0,0,0,0
chr3:65085978,0,0,0,0,0,0,0,0,0,0,0,0,0
chr3:66443673,0,0,1,0,0,0,1,0,0,0,0,0,0
chr3:66789550,0,0,0,0,0,0,0,0,0,0,0,0,0
chr3:66891896,0,0,0,0,0,0,0,0,0,0,0,0,0
chr3:66955198,0,0,0,0,0,0,0,0,0,0,0,0,0
chr3:67098185,0,0,0,0,0,0,0,0,0,0,0,0,0
chr3:67100535,0,0,0,0,0,0,0,0,0,0,0,0,0
chr3:67153970,1,0,0,0,1,0,0,0,0,0,0,0,0
chr3:67426772,0,0,0,0,0,0,0,0,0,0,0,0,0
chr3:67430894,0,0,0,0,0,0,0,0,0,0,0,0,0
chr3:67478114,0,0,0,0,0,0,0,0,0,0,0,0,0
chr3:67577141,0,0,0,0,0,0,0,0,0,0,0,0,0
chr3:67613060,0,0,0,0,0,0,0,0,0,0,0,0,0
chr3:67921565,0,0,0,0,0,0,0,0,0,0,0,0,0
chr3:68118880,0,0,0,0,0,0,0,0,0,0,0,0,0
chr3:68164449,1,0,0,0,1,0,0,0,1,0,1,0,0
chr3:68219916,0,0,0,0,0,0,0,0,0,0,0,0,0
chr3:68387936,0,0,0,0,0,0,0,0,0,0,0,0,0
chr3:68512749,0,0,0,0,0,0,0,0,0,0,0,0,0
chr3:68516078,0,0,0,0,0,0,0,0,0,0,0,0,0
chr3:68731997,0,0,0,0,0,0,0,0,0,0,0,0,0
chr3:68831550,0,0,0,0,0,0,0,0,0,0,0,0,0
chr3:68840421,0,0,0,0,0,0,0,0,0,0,0,0,0
chr3:69004148,0,0,0,0,0,0,0,0,0,0,0,0,0
chr3:69008580,0,0,0,0,0,0,0,0,0,0,0,0,0
chr3:69012156,0,0,0,0,0,0,0,0,0,0,0,0,0
chr3:69015466,0,0,0,0,0,0,0,0,0,0,0,0,0
chr3:69040831,0,0,0,0,0,0,0,0,0,0,0,0,0
chr3:69043262,0,0,0,0,0,0,0,0,0,0,0,0,0
chr3:69097661,0,0,0,0,0,0,0,0,0,0,0,0,0
chr3:69135217,0,0,0,0,0,0,0,0,0,0,0,0,0
chr3:69427284,0,0,0,0,0,0,0,0,0,0,0,0,0
chr3:69438231,0,0,0,0,0,0,0,0,0,0,0,0,0
chr3:69466271,0,0,0,0,0,0,0,0,0,0,0,0,0
chr3:69482820,0,0,0,0,0,0,0,0,0,0,0,0,0
chr3:69555762,0,0,0,0,0,0,0,0,0,0,0,0,0
chr3:69612329,0,0,0,0,0,0,0,0,0,0,0,0,0
chr3:69791281,0,0,0,0,0,0,0,0,0,0,0,0,0
chr3:70446328,0,0,0,0,0,0,0,0,0,0,0,0,0
chr3:70493610,0,0,0,0,0,0,0,0,0,0,0,0,0
chr3:70571136,0,0,0,0,0,0,0,0,0,0,0,0,0
chr3:70654559,0,0,0,0,0,0,0,0,0,0,0,0,0
chr3:71371697,0,0,0,0,0,0,0,0,0,0,0,0,0
chr3:71694834,0,0,0,0,0,0,0,0,0,0,0,0,0
chr3:71816217,0,0,0,0,0,0,0,0,0,0,0,0,0
chr3:71818122,0,0,0,0,0,0,0,0,0,0,0,0,0
chr3:71966952,0,0,0,0,0,0,0,0,0,0,0,0,0
chr3:71993241,0,0,0,0,0,0,0,0,0,0,0,0,0
chr3:72939040,0,0,0,0,0,0,0,0,0,0,0,0,0
chr3:73315171,0,0,0,0,0,0,0,0,0,0,0,0,0
chr3:74534694,0,0,0,0,0,0,0,0,0,0,0,0,0
chr3:75043765,0,0,0,0,0,0,0,0,0,0,0,0,0
chr3:75320922,0,0,0,0,0,0,0,0,0,0,0,0,0
chr3:76342451,0,0,0,0,0,0,0,0,0,0,0,0,0
chr3:76388429,0,0,0,0,0,0,0,0,0,0,0,0,0
chr3:76938883,0,0,0,0,0,0,0,0,0,0,0,0,0
chr3:77086060,0,0,0,0,0,0,0,0,0,0,0,0,0
chr3:77190930,0,0,0,0,0,0,0,0,0,0,0,0,0
chr3:77713768,0,0,0,0,0,0,0,0,0,0,0,0,0
chr3:77982202,0,0,0,0,0,0,0,0,0,0,0,0,0
chr3:78200384,0,0,0,0,0,0,0,0,0,0,0,0,0
chr3:78569602,0,0,0,0,0,0,0,0,0,0,0,0,0
chr3:78904003,0,0,0,0,0,0,0,0,0,0,0,0,0
chr3:79144849,0,0,0,0,0,0,0,0,0,0,0,0,0
chr3:79221716,0,0,0,0,0,0,0,0,0,0,0,0,0
chr3:79837534,0,0,0,0,0,0,0,0,0,0,0,0,0
chr3:80589214,0,0,0,0,0,0,0,0,0,0,0,0,0
chr3:81060542,0,0,0,0,0,0,0,0,0,0,0,0,0
chr3:81517321,0,0,0,0,0,0,0,0,0,0,0,0,0
chr3:81521567,0,0,0,0,0,0,0,0,0,0,0,0,0
chr3:81577486,0,0,0,0,0,0,0,0,0,0,0,0,0
chr3:81744451,0,0,0,0,0,0,0,0,0,0,0,0,0
chr3:81878527,0,0,0,0,0,0,0,0,0,0,0,0,0
chr3:82071150,0,0,0,0,0,0,0,0,0,0,0,0,0
chr3:82083586,0,0,0,0,0,0,0,0,0,0,0,0,0
chr3:82231964,0,0,0,0,0,0,0,0,0,0,0,0,0
chr3:82281180,0,0,0,0,0,0,0,0,0,0,0,0,0
chr3:82371369,0,0,0,0,0,0,0,0,0,0,0,0,0
chr3:82412893,0,0,0,0,0,0,0,0,0,0,0,0,0
chr3:82907464,0,0,0,0,0,0,0,0,0,0,0,0,0
chr3:82916132,0,0,0,0,0,0,0,0,0,0,0,0,0
chr3:82940597,0,0,0,0,0,0,0,0,0,0,0,0,0
chr3:82957501,0,0,0,0,0,0,0,0,0,0,0,0,0
chr3:83059254,0,0,0,0,0,0,0,0,0,0,0,0,0
chr3:83075582,0,0,0,0,0,0,0,0,0,0,0,0,0
chr3:83640613,0,0,0,0,0,0,0,0,0,0,0,0,0
chr3:83646078,0,0,0,0,0,0,0,0,0,0,0,0,0
chr3:84108212,0,0,0,0,0,0,0,0,0,0,0,0,0
chr3:84169633,0,0,0,0,0,0,0,0,0,0,0,0,0
chr3:84584544,0,0,0,0,0,0,0,0,0,0,0,0,0
chr3:84603461,0,0,0,0,0,0,0,0,0,0,0,0,0
chr3:85065895,0,0,0,0,0,0,0,0,0,0,0,0,0
chr3:85227528,0,0,0,0,0,0,0,0,0,0,0,0,0
chr3:85375895,0,0,0,0,0,0,0,0,0,0,0,0,0
chr3:85714841,0,0,0,0,0,0,0,0,0,0,0,0,0
chr3:85779300,0,0,0,0,0,0,0,0,0,0,0,0,0
chr3:86024250,0,0,0,0,0,0,0,0,0,0,0,0,0
chr3:87334416,0,0,0,0,0,0,0,0,0,0,0,0,0
chr3:87410567,0,0,0,0,0,0,0,0,0,0,0,0,0
chr3:87413421,0,0,0,0,0,0,0,0,0,0,0,0,0
chr3:87414258,0,0,0,0,0,0,0,0,0,0,0,0,0
chr3:87704135,0,0,0,0,0,0,0,0,0,0,0,0,0
chr3:87793499,0,0,0,0,0,0,0,0,0,0,0,0,0
chr3:87820276,0,0,0,0,0,0,0,0,0,0,0,0,0
chr3:87824522,0,0,0,0,0,0,0,0,0,0,0,0,0
chr3:87882606,0,0,0,0,0,0,0,0,0,0,0,0,0
chr3:87954672,0,0,0,0,0,0,0,0,0,0,0,0,0
chr3:87955327,0,0,0,0,0,0,0,0,0,0,0,0,0
chr3:88118347,0,0,0,0,0,0,0,0,0,0,0,0,0
chr3:88307338,0,0,0,0,0,0,0,0,0,0,0,0,0
chr3:88354061,0,0,0,0,0,0,0,0,0,0,0,0,0
chr3:88427091,0,0,0,0,0,0,0,0,0,0,0,0,0
chr3:88493735,0,0,0,0,0,0,0,0,0,0,0,0,0
chr3:88591276,0,0,0,0,0,0,0,0,0,0,0,0,0
chr3:88776513,0,0,0,0,0,0,0,0,0,0,0,0,0
chr3:88874828,0,0,0,0,0,0,0,0,0,0,0,0,0
chr3:88936936,0,0,0,0,0,0,0,0,0,0,0,0,0
chr3:88956874,0,0,0,0,0,0,0,0,0,0,0,0,0
chr3:88971996,0,0,0,0,0,0,0,0,0,0,0,0,0
chr3:89033640,0,0,0,0,0,0,0,0,0,0,0,0,0
chr3:89041374,0,0,0,0,0,0,0,0,0,0,0,0,0
chr3:89204246,0,0,0,0,0,0,0,0,0,0,0,0,0
chr3:89213641,0,0,0,0,0,0,0,0,0,0,0,0,0
chr3:89263180,0,0,0,0,0,0,0,0,0,0,0,0,0
chr3:89289672,0,0,0,0,0,0,0,0,0,0,0,0,0
chr3:89295180,0,0,0,0,0,0,0,0,0,0,0,0,0
chr3:89512325,0,0,0,0,0,0,0,0,0,0,0,0,0
chr3:89552403,0,0,0,0,0,0,0,0,0,0,0,0,0
chr3:89586454,0,0,0,0,0,0,0,0,0,0,0,0,0
chr3:89600697,0,0,0,0,0,0,0,0,0,0,0,0,0
chr3:89622932,0,0,0,0,0,0,0,0,0,0,0,0,0
chr3:89698219,0,0,0,0,0,0,0,0,0,0,0,0,0
chr3:89737455,0,0,0,0,0,0,0,0,0,0,0,0,0
chr3:89782657,0,0,0,0,0,0,0,0,0,0,0,0,0
chr3:89854447,0,0,0,0,0,0,0,0,0,0,0,0,0
chr3:89886846,0,0,0,0,0,0,0,0,0,0,0,0,0
chr3:89933319,0,0,0,0,0,0,0,0,0,0,0,0,0
chr3:89939957,0,0,0,0,0,0,0,0,0,0,0,0,0
chr3:89940000,0,0,0,0,0,0,0,0,0,0,0,0,0
chr3:89972868,0,0,0,0,0,0,0,0,0,0,0,0,0
chr3:89975917,0,0,0,0,0,0,0,0,0,0,0,0,0
chr3:89993905,0,0,0,0,0,0,0,0,0,0,0,0,0
chr3:90040220,0,0,0,0,0,0,0,0,0,0,0,0,0
chr3:90062988,0,0,0,0,0,0,0,0,0,0,0,0,0
chr3:90079814,0,0,0,0,0,0,0,0,0,0,0,0,0
chr3:90103334,0,0,0,0,0,0,0,0,0,0,0,0,0
chr3:90165247,0,0,0,0,0,0,0,0,0,0,0,0,0
chr3:90167426,0,0,0,0,0,0,0,0,0,0,0,0,0
chr3:90189804,0,0,0,0,0,0,0,0,0,0,0,0,0
chr3:90207479,0,0,0,0,0,0,0,0,0,0,0,0,0
chr3:90243887,0,0,0,0,0,0,0,0,0,0,0,0,0
chr3:90252114,0,0,0,0,0,0,0,0,0,0,0,0,0
chr3:90254171,0,0,0,0,0,0,0,0,0,0,0,0,0
chr3:90283043,0,0,0,0,0,0,0,0,0,0,0,0,0
chr3:90392562,0,0,0,0,0,0,0,0,0,0,0,0,0
chr3:90394957,0,0,0,0,0,0,0,0,0,0,0,0,0
chr3:90437292,0,0,0,0,0,0,0,0,0,0,0,0,0
chr3:90478222,0,0,0,0,0,0,0,0,0,0,0,0,0
chr3:90542076,0,0,0,0,0,0,0,0,0,0,0,0,0
chr3:90574882,0,0,0,0,0,0,0,0,0,0,0,0,0
chr3:90593092,0,0,0,0,0,0,0,0,0,0,0,0,0
chr3:90634739,0,0,0,0,0,0,0,0,0,0,0,0,0
chr3:90742469,0,0,0,0,0,0,0,0,0,0,0,0,0
chr3:90754984,0,0,0,0,0,0,0,0,0,0,0,0,0
chr3:90802061,0,0,0,0,0,0,0,0,0,0,0,0,0
chr3:90813506,0,0,0,0,0,0,0,0,0,0,0,0,0
chr3:90825973,0,0,0,0,0,0,0,0,0,0,0,0,0
chr3:90828664,0,0,0,0,0,0,0,0,0,0,0,0,0
chr3:90828852,0,0,0,0,0,0,0,0,0,0,0,0,0
chr3:90831283,0,0,0,0,0,0,0,0,0,0,0,0,0
chr3:90876951,0,0,0,0,0,0,0,0,0,0,0,0,0
chr3:90880171,0,0,0,0,0,0,0,0,0,0,0,0,0
chr3:90928111,0,0,0,0,0,0,0,0,0,0,0,0,0
chr3:90940164,0,0,0,0,0,0,0,0,0,0,0,0,0
chr3:90954824,0,0,0,0,0,0,0,0,0,0,0,0,0
chr3:91017397,0,0,0,0,0,0,0,0,0,0,0,0,0
chr3:91051143,0,0,0,0,0,0,0,0,0,0,0,0,0
chr3:91226595,0,0,0,0,0,0,0,0,0,0,0,0,0
chr3:91247385,0,0,0,0,0,0,0,0,0,0,0,0,0
chr3:91251012,0,0,0,0,0,0,0,0,0,0,0,0,0
chr3:91274999,0,0,0,0,0,0,0,0,0,0,0,0,0
chr3:91275298,0,0,0,0,0,0,0,0,0,0,0,0,0
chr3:91315744,0,0,0,0,0,0,0,0,0,0,0,0,0
chr3:91317043,0,0,0,0,0,0,0,0,0,0,0,0,0
chr3:91334680,0,0,0,0,0,0,0,0,0,0,0,0,0
chr3:91379125,0,0,0,0,0,0,0,0,0,0,0,0,0
chr3:91393121,0,0,0,0,0,0,0,0,0,0,0,0,0
chr3:91430242,0,0,0,0,0,0,0,0,0,0,0,0,0
chr3:91436383,0,0,0,0,0,0,0,0,0,0,0,0,0
chr3:91437545,0,0,0,0,0,0,0,0,0,0,0,0,0
chr3:91437673,0,0,0,0,0,0,0,0,0,0,0,0,0
chr3:91440165,0,0,0,0,0,0,0,0,0,0,0,0,0
chr3:91444618,0,0,0,0,0,0,0,0,0,0,0,0,0
chr3:91446394,0,0,0,0,0,0,0,0,0,0,0,0,0
chr3:91448683,0,0,0,0,0,0,0,0,0,0,0,0,0
chr3:91509029,0,0,0,0,0,0,0,0,0,0,0,0,0
chr3:91513300,0,0,0,0,0,0,0,0,0,0,0,0,0
chr3:91518112,0,0,0,0,0,0,0,0,0,0,0,0,0
chr3:91529590,0,0,0,0,0,0,0,0,0,0,0,0,0
chr3:91532395,0,0,0,0,0,0,0,0,0,0,0,0,0
chr3:91545273,0,0,0,0,0,0,0,0,0,0,0,0,0
chr3:91570487,0,0,0,0,0,0,0,0,0,0,0,0,0
chr3:91589072,0,0,0,0,0,0,0,0,0,0,0,0,0
chr3:91629373,0,0,0,0,0,0,0,0,0,0,0,0,0
chr3:91633398,0,0,0,0,0,0,0,0,0,0,0,0,0
chr3:91661059,0,0,0,0,0,0,0,0,0,0,0,0,0
chr3:91675418,0,0,0,0,0,0,0,0,0,0,0,0,0
chr3:91675881,0,0,0,0,0,0,0,0,0,0,0,0,0
chr3:91685986,0,0,0,0,0,0,0,0,0,0,0,0,0
chr3:91694860,0,0,0,0,0,0,0,0,0,0,0,0,0
chr3:91721361,0,0,0,0,0,0,0,0,0,0,0,0,0
chr3:91724337,0,0,0,0,0,0,0,0,0,0,0,0,0
chr3:91726224,0,0,0,0,0,0,0,0,0,0,0,0,0
chr3:91738821,0,0,0,0,0,0,0,0,0,0,0,0,0
chr3:91757355,0,0,0,0,0,0,0,0,0,0,0,0,0
chr3:91762334,0,0,0,0,0,0,0,0,0,0,0,0,0
chr3:91903248,0,0,0,0,0,0,0,0,0,0,0,0,0
chr3:91979501,0,0,0,0,0,0,0,0,0,0,0,0,0
chr3:92098743,0,0,0,0,0,0,0,0,0,0,0,0,0
chr3:92129844,0,0,0,0,0,0,0,0,0,0,0,0,0
chr3:92168591,0,0,0,0,0,0,0,0,0,0,0,0,0
chr3:92204550,0,0,0,0,0,0,0,0,0,0,0,0,0
chr3:92225624,0,0,0,0,0,0,0,0,0,0,0,0,0
chr3:92244667,0,0,0,0,0,0,0,0,0,0,0,0,0
chr3:92265711,0,0,0,0,0,0,0,0,0,0,0,0,0
chr3:92269746,0,0,0,0,0,0,0,0,0,0,0,0,0
chr3:92319356,1,0,0,0,1,0,0,0,0,0,0,0,0
chr3:92349012,0,0,0,0,0,0,0,0,0,0,0,0,0
chr3:92416413,0,0,1,0,0,0,1,0,0,0,0,0,0
chr3:92423597,0,0,0,0,0,0,0,0,0,0,0,0,0
chr3:92445950,0,0,0,0,0,0,0,0,0,0,0,0,0
chr3:92471666,0,0,0,0,0,0,0,0,0,0,0,0,0
chr3:92478871,1,0,0,0,1,0,0,0,1,1,0,0,0
chr3:92506035,0,0,0,0,0,0,0,0,0,0,0,0,0
chr3:92525176,0,0,0,0,0,0,0,0,0,0,0,0,0
chr3:92526859,0,0,0,0,0,0,0,0,0,0,0,0,0
chr3:92535188,0,0,0,0,0,0,0,0,0,0,0,0,0
chr3:92786721,0,0,0,0,0,0,0,0,0,0,0,0,0
chr3:92832041,0,0,0,0,0,0,0,0,0,0,0,0,0
chr3:92885787,0,0,0,0,0,0,0,0,0,0,0,0,0
chr3:92924661,0,0,0,0,0,0,0,0,0,0,0,0,0
chr3:93044204,0,0,0,0,0,0,0,0,0,0,0,0,0
chr3:93076880,0,0,0,0,0,0,0,0,0,0,0,0,0
chr3:93138834,0,0,0,0,0,0,0,0,0,0,0,0,0
chr3:93148507,0,0,0,0,0,0,0,0,0,0,0,0,0
chr3:93194947,0,0,0,0,0,0,0,0,0,0,0,0,0
chr3:93324479,1,0,0,0,1,0,0,0,0,0,0,0,0
chr3:93369566,0,0,0,0,0,0,0,0,0,0,0,0,0
chr3:93386421,0,0,0,0,0,0,0,0,0,0,0,0,0
chr3:93389757,0,0,0,0,0,0,0,0,0,0,0,0,0
chr3:93400778,0,0,0,0,0,0,0,0,0,0,0,0,0
chr3:93404100,0,0,0,0,0,0,0,0,0,0,0,0,0
chr3:93406507,0,0,0,0,0,0,0,0,0,0,0,0,0
chr3:93724557,0,0,0,0,0,0,0,0,0,0,0,0,0
chr3:94483903,0,0,0,0,0,0,0,0,0,0,0,0,0
chr3:95214432,0,0,0,0,0,0,0,0,0,0,0,0,0
chr3:95646760,0,0,0,0,0,0,0,0,0,0,0,0,0
chr3:96136912,1,0,0,0,1,0,0,0,0,0,0,0,0
chr3:96425654,0,0,0,0,0,0,0,0,0,0,0,0,0
chr3:96447819,0,0,0,0,0,0,0,0,0,0,0,0,0
chr3:97298076,0,0,0,0,0,0,0,0,0,0,0,0,0
chr3:97977561,1,0,0,0,1,0,0,0,0,0,0,0,0
chr3:98590020,0,0,0,0,0,0,0,0,0,0,0,0,0
chr3:98651318,0,0,0,0,0,0,0,0,0,0,0,0,0
chr3:98686140,0,0,0,0,0,0,0,0,0,0,0,0,0
chr3:98916502,0,0,0,0,0,0,0,0,0,0,0,0,0
chr3:98948511,0,0,0,0,0,0,0,0,0,0,0,0,0
chr3:98994582,0,0,0,0,0,0,0,0,0,0,0,0,0
chr3:99071954,0,0,0,0,0,0,0,0,0,0,0,0,0
chr3:99168316,0,0,0,0,0,0,0,0,0,0,0,0,0
chr3:99182467,0,0,0,0,0,0,0,0,0,0,0,0,0
chr3:99186568,0,0,0,0,0,0,0,0,0,0,0,0,0
chr3:100156759,0,0,0,0,0,0,0,0,0,0,0,0,0
chr3:100794880,0,0,0,0,0,0,0,0,0,0,0,0,0
chr3:101771949,0,0,0,0,0,0,0,0,0,0,0,0,0
chr3:101854681,0,0,0,0,0,0,0,0,0,0,0,0,0
chr3:102182513,0,0,0,0,0,0,0,0,0,0,0,0,0
chr3:102387708,0,0,0,0,0,0,0,0,0,0,0,0,0
chr3:102416854,0,0,0,0,0,0,0,0,0,0,0,0,0
chr3:102881667,0,0,0,0,0,0,0,0,0,0,0,0,0
chr3:103594446,0,0,0,0,0,0,0,0,0,0,0,0,0
chr3:103651134,0,0,0,0,0,0,0,0,0,0,0,0,0
chr3:104105993,1,0,0,0,1,0,0,0,1,1,1,0,0
chr3:104440357,0,0,0,0,0,0,0,0,0,0,0,0,0
chr3:104491615,0,0,0,0,0,0,0,0,0,0,0,0,0
chr3:104569131,0,0,0,0,0,0,0,0,0,0,0,0,0
chr3:104667026,0,0,0,0,0,0,0,0,0,0,0,0,0
chr3:104814810,0,0,0,0,0,0,0,0,0,0,0,0,0
chr3:104943211,0,0,0,0,0,0,0,0,0,0,0,0,0
chr3:104980514,0,0,0,0,0,0,0,0,0,0,0,0,0
chr3:105005233,0,0,0,0,0,0,0,0,0,0,0,0,0
chr3:105019775,0,0,0,0,0,0,0,0,0,0,0,0,0
chr3:105025926,0,0,0,0,0,0,0,0,0,0,0,0,0
chr3:105182400,1,0,0,0,1,0,0,0,0,0,0,0,0
chr3:105787465,0,0,0,0,0,0,0,0,0,0,0,0,0
chr3:105824362,0,0,0,0,0,0,0,0,0,0,0,0,0
chr3:105829730,1,0,0,0,1,0,0,0,1,0,0,1,0
chr3:105945365,0,0,0,0,0,0,0,0,0,0,0,0,0
chr3:105952535,1,0,0,0,1,0,0,0,0,0,0,0,0
chr3:105961575,1,0,0,0,1,0,0,0,0,0,0,0,0
chr3:105965063,0,0,0,0,0,0,0,0,0,0,0,0,0
chr3:105965663,0,0,0,0,0,0,0,0,0,0,0,0,0
chr3:105971890,0,0,0,0,0,0,0,0,0,0,0,0,0
chr3:106086547,0,0,0,0,0,0,0,0,0,0,0,0,0
chr3:106335524,0,0,0,0,0,0,0,0,0,0,0,0,0
chr3:106361687,0,0,0,0,0,0,0,0,0,0,0,0,0
chr3:106565856,0,0,0,0,0,0,0,0,0,0,0,0,0
chr3:106726788,0,0,0,0,0,0,0,0,0,0,0,0,0
chr3:107004691,0,0,0,0,0,0,0,0,0,0,0,0,0
chr3:107027361,0,0,0,0,0,0,0,0,0,0,0,0,0
chr3:107077929,0,0,0,0,0,0,0,0,0,0,0,0,0
chr3:107162507,0,0,0,0,0,0,0,0,0,0,0,0,0
chr3:107171516,0,0,0,0,0,0,0,0,0,0,0,0,0
chr3:107186783,0,0,0,0,0,0,0,0,0,0,0,0,0
chr3:107248934,0,0,0,0,0,0,0,0,0,0,0,0,0
chr3:107250213,0,0,0,0,0,0,0,0,0,0,0,0,0
chr3:107251513,0,0,0,0,0,0,0,0,0,0,0,0,0
chr3:107253629,0,0,0,0,0,0,0,0,0,0,0,0,0
chr3:107338233,0,0,0,0,0,0,0,0,0,0,0,0,0
chr3:107408732,0,0,0,0,0,0,0,0,0,0,0,0,0
chr3:107435588,0,0,0,0,0,0,0,0,0,0,0,0,0
chr3:108136936,0,0,0,0,0,0,0,0,0,0,0,0,0
chr3:108778600,0,0,0,0,0,0,0,0,0,0,0,0,0
chr3:109221496,0,0,0,0,0,0,0,0,0,0,0,0,0
chr3:110531816,0,0,0,0,0,0,0,0,0,0,0,0,0
chr3:111213386,0,0,0,0,0,0,0,0,0,0,0,0,0
chr3:111516655,0,0,0,0,0,0,0,0,0,0,0,0,0
chr3:111751031,0,0,0,0,0,0,0,0,0,0,0,0,0
chr3:112359597,0,0,0,0,0,0,0,0,0,0,0,0,0
chr3:112494915,0,0,0,0,0,0,0,0,0,0,0,0,0
chr3:112496349,0,0,0,0,0,0,0,0,0,0,0,0,0
chr3:112496920,0,0,0,0,0,0,0,0,0,0,0,0,0
chr3:112550141,0,0,0,0,0,0,0,0,0,0,0,0,0
chr3:112552400,0,0,0,0,0,0,0,0,0,0,0,0,0
chr3:112552833,0,0,0,0,0,0,0,0,0,0,0,0,0
chr3:112554579,0,0,0,0,0,0,0,0,0,0,0,0,0
chr3:112554830,0,0,0,0,0,0,0,0,0,0,0,0,0
chr3:112554893,0,0,0,0,0,0,0,0,0,0,0,0,0
chr3:112557507,0,0,0,0,0,0,0,0,0,0,0,0,0
chr3:112559726,0,0,0,0,0,0,0,0,0,0,0,0,0
chr3:112571560,0,0,0,0,0,0,0,0,0,0,0,0,0
chr3:112595310,0,0,0,0,0,0,0,0,0,0,0,0,0
chr3:112605440,0,0,0,0,0,0,0,0,0,0,0,0,0
chr3:112622589,0,0,0,0,0,0,0,0,0,0,0,0,0
chr3:112627472,0,0,0,0,0,0,0,0,0,0,0,0,0
chr3:112629451,0,0,0,0,0,0,0,0,0,0,0,0,0
chr3:112640163,0,0,0,0,0,0,0,0,0,0,0,0,0
chr3:112640700,0,0,0,0,0,0,0,0,0,0,0,0,0
chr3:112640755,0,0,0,0,0,0,0,0,0,0,0,0,0
chr3:112640997,0,0,0,0,0,0,0,0,0,0,0,0,0
chr3:112642779,0,0,0,0,0,0,0,0,0,0,0,0,0
chr3:112644010,0,0,0,0,0,0,0,0,0,0,0,0,0
chr3:112649111,0,0,0,0,0,0,0,0,0,0,0,0,0
chr3:112649113,0,0,0,0,0,0,0,0,0,0,0,0,0
chr3:112650460,0,0,0,0,0,0,0,0,0,0,0,0,0
chr3:112653055,0,0,0,0,0,0,0,0,0,0,0,0,0
chr3:112653121,0,0,0,0,0,0,0,0,0,0,0,0,0
chr3:112655912,0,0,0,0,0,0,0,0,0,0,0,0,0
chr3:112670899,0,0,0,0,0,0,0,0,0,0,0,0,0
chr3:112673083,0,0,0,0,0,0,0,0,0,0,0,0,0
chr3:112673689,0,0,0,0,0,0,0,0,0,0,0,0,0
chr3:112673965,0,0,0,0,0,0,0,0,0,0,0,0,0
chr3:112674364,0,0,0,0,0,0,0,0,0,0,0,0,0
chr3:112674698,0,0,0,0,0,0,0,0,0,0,0,0,0
chr3:112674895,0,0,0,0,0,0,0,0,0,0,0,0,0
chr3:112676469,0,0,0,0,0,0,0,0,0,0,0,0,0
chr3:112678412,0,0,0,0,0,0,0,0,0,0,0,0,0
chr3:112679028,0,0,0,0,0,0,0,0,0,0,0,0,0
chr3:112682749,0,0,0,0,0,0,0,0,0,0,0,0,0
chr3:112684697,0,0,0,0,0,0,0,0,0,0,0,0,0
chr3:112686580,0,0,0,0,0,0,0,0,0,0,0,0,0
chr3:112687364,0,0,0,0,0,0,0,0,0,0,0,0,0
chr3:112688194,0,0,0,0,0,0,0,0,0,0,0,0,0
chr3:112692276,0,0,0,0,0,0,0,0,0,0,0,0,0
chr3:112695675,0,0,0,0,0,0,0,0,0,0,0,0,0
chr3:112696888,0,0,0,0,0,0,0,0,0,0,0,0,0
chr3:112697918,0,0,0,0,0,0,0,0,0,0,0,0,0
chr3:112704910,0,0,0,0,0,0,0,0,0,0,0,0,0
chr3:112705516,0,0,0,0,0,0,0,0,0,0,0,0,0
chr3:112731432,0,0,0,0,0,0,0,0,0,0,0,0,0
chr3:112732046,0,0,0,0,0,0,0,0,0,0,0,0,0
chr3:112732280,0,0,0,0,0,0,0,0,0,0,0,0,0
chr3:112735424,0,0,0,0,0,0,0,0,0,0,0,0,0
chr3:112736803,0,0,0,0,0,0,0,0,0,0,0,0,0
chr3:112737825,0,0,0,0,0,0,0,0,0,0,0,0,0
chr3:112738454,0,0,0,0,0,0,0,0,0,0,0,0,0
chr3:112738503,0,0,0,0,0,0,0,0,0,0,0,0,0
chr3:112738585,0,0,0,0,0,0,0,0,0,0,0,0,0
chr3:112740459,0,0,0,0,0,0,0,0,0,0,0,0,0
chr3:112741608,0,0,0,0,0,0,0,0,0,0,0,0,0
chr3:112743585,0,0,0,0,0,0,0,0,0,0,0,0,0
chr3:112747983,0,0,0,0,0,0,0,0,0,0,0,0,0
chr3:112760856,0,0,0,0,0,0,0,0,0,0,0,0,0
chr3:112764657,0,0,0,0,0,0,0,0,0,0,0,0,0
chr3:112766204,0,0,0,0,0,0,0,0,0,0,0,0,0
chr3:112766300,0,0,0,0,0,0,0,0,0,0,0,0,0
chr3:112771659,0,0,0,0,0,0,0,0,0,0,0,0,0
chr3:112771712,0,0,0,0,0,0,0,0,0,0,0,0,0
chr3:112776264,0,0,0,0,0,0,0,0,0,0,0,0,0
chr3:112776473,0,0,0,0,0,0,0,0,0,0,0,0,0
chr3:112776837,0,0,0,0,0,0,0,0,0,0,0,0,0
chr3:112779328,0,0,0,0,0,0,0,0,0,0,0,0,0
chr3:112780253,0,0,0,0,0,0,0,0,0,0,0,0,0
chr3:112780539,0,0,0,0,0,0,0,0,0,0,0,0,0
chr3:112781780,0,0,0,0,0,0,0,0,0,0,0,0,0
chr3:112782749,0,0,0,0,0,0,0,0,0,0,0,0,0
chr3:112783949,0,0,0,0,0,0,0,0,0,0,0,0,0
chr3:112785024,0,0,0,0,0,0,0,0,0,0,0,0,0
chr3:112786036,0,0,0,0,0,0,0,0,0,0,0,0,0
chr3:112786563,0,0,0,0,0,0,0,0,0,0,0,0,0
chr3:112788146,0,0,0,0,0,0,0,0,0,0,0,0,0
chr3:112788755,0,0,0,0,0,0,0,0,0,0,0,0,0
chr3:112789464,0,0,0,0,0,0,0,0,0,0,0,0,0
chr3:112792892,0,0,0,0,0,0,0,0,0,0,0,0,0
chr3:112793007,0,0,0,0,0,0,0,0,0,0,0,0,0
chr3:112796161,0,0,0,0,0,0,0,0,0,0,0,0,0
chr3:112796390,0,0,0,0,0,0,0,0,0,0,0,0,0
chr3:112797214,0,0,0,0,0,0,0,0,0,0,0,0,0
chr3:112798002,0,0,0,0,0,0,0,0,0,0,0,0,0
chr3:112798667,0,0,0,0,0,0,0,0,0,0,0,0,0
chr3:112800432,0,0,0,0,0,0,0,0,0,0,0,0,0
chr3:112802531,0,0,0,0,0,0,0,0,0,0,0,0,0
chr3:112836618,0,0,0,0,0,0,0,0,0,0,0,0,0
chr3:112838717,0,0,0,0,0,0,0,0,0,0,0,0,0
chr3:112838827,0,0,0,0,0,0,0,0,0,0,0,0,0
chr3:112859334,0,0,0,0,0,0,0,0,0,0,0,0,0
chr3:112861987,0,0,0,0,0,0,0,0,0,0,0,0,0
chr3:112863242,0,0,0,0,0,0,0,0,0,0,0,0,0
chr3:112864477,0,0,0,0,0,0,0,0,0,0,0,0,0
chr3:112869913,0,0,0,0,0,0,0,0,0,0,0,0,0
chr3:112888482,0,0,0,0,0,0,0,0,0,0,0,0,0
chr3:112905031,0,0,0,0,0,0,0,0,0,0,0,0,0
chr3:112913749,0,0,0,0,0,0,0,0,0,0,0,0,0
chr3:112926189,0,0,0,0,0,0,0,0,0,0,0,0,0
chr3:112926232,0,0,0,0,0,0,0,0,0,0,0,0,0
chr3:112926292,0,0,0,0,0,0,0,0,0,0,0,0,0
chr3:112927610,1,0,0,0,1,0,0,0,1,1,0,0,0
chr3:112930847,0,0,0,0,0,0,0,0,0,0,0,0,0
chr3:112932117,0,0,0,0,0,0,0,0,0,0,0,0,0
chr3:112933413,0,0,0,0,0,0,0,0,0,0,0,0,0
chr3:112933435,0,0,0,0,0,0,0,0,0,0,0,0,0
chr3:112933520,0,0,0,0,0,0,0,0,0,0,0,0,0
chr3:112937366,0,0,0,0,0,0,0,0,0,0,0,0,0
chr3:112939013,0,0,0,0,0,0,0,0,0,0,0,0,0
chr3:112940866,0,0,0,0,0,0,0,0,0,0,0,0,0
chr3:112941705,0,0,0,0,0,0,0,0,0,0,0,0,0
chr3:112952312,0,0,0,0,0,0,0,0,0,0,0,0,0
chr3:112953475,0,0,0,0,0,0,0,0,0,0,0,0,0
chr3:112953668,0,0,0,0,0,0,0,0,0,0,0,0,0
chr3:112955094,0,0,0,0,0,0,0,0,0,0,0,0,0
chr3:112955203,0,0,0,0,0,0,0,0,0,0,0,0,0
chr3:112955846,0,0,0,0,0,0,0,0,0,0,0,0,0
chr3:112957216,0,0,0,0,0,0,0,0,0,0,0,0,0
chr3:112957377,0,0,0,0,0,0,0,0,0,0,0,0,0
chr3:112959094,0,0,0,0,0,0,0,0,0,0,0,0,0
chr3:112960872,0,0,0,0,0,0,0,0,0,0,0,0,0
chr3:112961986,0,0,0,0,0,0,0,0,0,0,0,0,0
chr3:113090177,0,0,0,0,0,0,0,0,0,0,0,0,0
chr3:113121823,0,0,0,0,0,0,0,0,0,0,0,0,0
chr3:113270284,0,0,0,0,0,0,0,0,0,0,0,0,0
chr3:113270455,0,0,0,0,0,0,0,0,0,0,0,0,0
chr3:113272364,0,0,0,0,0,0,0,0,0,0,0,0,0
chr3:113272769,0,0,0,0,0,0,0,0,0,0,0,0,0
chr3:113275683,0,0,0,0,0,0,0,0,0,0,0,0,0
chr3:113321621,0,0,0,0,0,0,0,0,0,0,0,0,0
chr3:113322165,0,0,0,0,0,0,0,0,0,0,0,0,0
chr3:113326556,0,0,0,0,0,0,0,0,0,0,0,0,0
chr3:113335246,0,0,0,0,0,0,0,0,0,0,0,0,0
chr3:113336444,0,0,0,0,0,0,0,0,0,0,0,0,0
chr3:113337125,0,0,0,0,0,0,0,0,0,0,0,0,0
chr3:113393574,0,0,0,0,0,0,0,0,0,0,0,0,0
chr3:113396881,0,0,0,0,0,0,0,0,0,0,0,0,0
chr3:113397619,0,0,0,0,0,0,0,0,0,0,0,0,0
chr3:113398583,0,0,0,0,0,0,0,0,0,0,0,0,0
chr3:113406378,0,0,0,0,0,0,0,0,0,0,0,0,0
chr3:113407433,0,0,0,0,0,0,0,0,0,0,0,0,0
chr3:113409250,0,0,0,0,0,0,0,0,0,0,0,0,0
chr3:113409655,0,0,0,0,0,0,0,0,0,0,0,0,0
chr3:113410641,0,0,0,0,0,0,0,0,0,0,0,0,0
chr3:113412599,0,0,0,0,0,0,0,0,0,0,0,0,0
chr3:113414718,0,0,0,0,0,0,0,0,0,0,0,0,0
chr3:113414784,0,0,0,0,0,0,0,0,0,0,0,0,0
chr3:113415854,0,0,0,0,0,0,0,0,0,0,0,0,0
chr3:113417058,0,0,0,0,0,0,0,0,0,0,0,0,0
chr3:113418732,0,0,0,0,0,0,0,0,0,0,0,0,0
chr3:113419280,0,0,0,0,0,0,0,0,0,0,0,0,0
chr3:113420415,0,0,0,0,0,0,0,0,0,0,0,0,0
chr3:113422162,0,0,0,0,0,0,0,0,0,0,0,0,0
chr3:113422529,0,0,0,0,0,0,0,0,0,0,0,0,0
chr3:113426463,0,0,0,0,0,0,0,0,0,0,0,0,0
chr3:113500878,0,0,0,0,0,0,0,0,0,0,0,0,0
chr3:113508594,0,0,0,0,0,0,0,0,0,0,0,0,0
chr3:113555042,0,0,0,0,0,0,0,0,0,0,0,0,0
chr3:113581530,0,0,0,0,0,0,0,0,0,0,0,0,0
chr3:113582967,0,0,0,0,0,0,0,0,0,0,0,0,0
chr3:113629663,0,0,0,0,0,0,0,0,0,0,0,0,0
chr3:113654201,0,0,0,0,0,0,0,0,0,0,0,0,0
chr3:113671404,0,0,0,0,0,0,0,0,0,0,0,0,0
chr3:113674043,0,0,0,0,0,0,0,0,0,0,0,0,0
chr3:113688476,0,0,0,0,0,0,0,0,0,0,0,0,0
chr3:113705562,0,0,0,0,0,0,0,0,0,0,0,0,0
chr3:113705759,0,0,0,0,0,0,0,0,0,0,0,0,0
chr3:113715246,0,0,0,0,0,0,0,0,0,0,0,0,0
chr3:113717515,0,0,0,0,0,0,0,0,0,0,0,0,0
chr3:113719824,0,0,0,0,0,0,0,0,0,0,0,0,0
chr3:113723484,0,0,0,0,0,0,0,0,0,0,0,0,0
chr3:113723624,0,0,0,0,0,0,0,0,0,0,0,0,0
chr3:113743261,0,0,0,0,0,0,0,0,0,0,0,0,0
chr3:113744671,0,0,0,0,0,0,0,0,0,0,0,0,0
chr3:113753893,0,0,0,0,0,0,0,0,0,0,0,0,0
chr3:113758692,0,0,0,0,0,0,0,0,0,0,0,0,0
chr3:113765054,0,0,0,0,0,0,0,0,0,0,0,0,0
chr3:113767697,0,0,0,0,0,0,0,0,0,0,0,0,0
chr3:113789648,0,0,0,0,0,0,0,0,0,0,0,0,0
chr3:113791775,0,0,0,0,0,0,0,0,0,0,0,0,0
chr3:113793374,0,0,0,0,0,0,0,0,0,0,0,0,0
chr3:113807923,0,0,0,0,0,0,0,0,0,0,0,0,0
chr3:113816596,0,0,0,0,0,0,0,0,0,0,0,0,0
chr3:113863276,1,0,0,0,1,0,0,0,0,0,0,0,0
chr3:113913476,0,0,0,0,0,0,0,0,0,0,0,0,0
chr3:114242872,0,0,0,0,0,0,0,0,0,0,0,0,0
chr3:114242894,0,0,0,0,0,0,0,0,0,0,0,0,0
chr3:114244551,0,0,0,0,0,0,0,0,0,0,0,0,0
chr3:114271913,0,0,0,0,0,0,0,0,0,0,0,0,0
chr3:114315508,0,0,0,0,0,0,0,0,0,0,0,0,0
chr3:114373969,0,0,0,0,0,0,0,0,0,0,0,0,0
chr3:114378413,0,0,0,0,0,0,0,0,0,0,0,0,0
chr3:114382753,0,0,0,0,0,0,0,0,0,0,0,0,0
chr3:114495706,0,0,0,0,0,0,0,0,0,0,0,0,0
chr3:114663518,0,0,0,0,0,0,0,0,0,0,0,0,0
chr3:114669259,0,0,0,0,0,0,0,0,0,0,0,0,0
chr3:114672118,0,0,0,0,0,0,0,0,0,0,0,0,0
chr3:114711241,1,0,0,0,1,0,0,0,1,1,0,0,0
chr3:114794195,1,0,0,0,1,0,0,0,1,1,0,0,0
chr3:114853921,0,0,0,0,0,0,0,0,0,0,0,0,0
chr3:114985354,0,0,0,0,0,0,0,0,0,0,0,0,0
chr3:114990778,0,0,0,0,0,0,0,0,0,0,0,0,0
chr3:114994658,0,0,0,0,0,0,0,0,0,0,0,0,0
chr3:115033530,0,0,0,0,0,0,0,0,0,0,0,0,0
chr3:115064043,0,0,0,0,0,0,0,0,0,0,0,0,0
chr3:115085200,0,0,0,0,0,0,0,0,0,0,0,0,0
chr3:115222992,1,0,0,0,1,0,0,0,1,0,0,1,0
chr3:115300108,0,0,0,0,0,0,0,0,0,0,0,0,0
chr3:115301833,0,0,0,0,0,0,0,0,0,0,0,0,0
chr3:115302879,0,0,0,0,0,0,0,0,0,0,0,0,0
chr3:115335393,0,0,0,0,0,0,0,0,0,0,0,0,0
chr3:115369857,0,0,0,0,0,0,0,0,0,0,0,0,0
chr3:115598381,0,0,0,0,0,0,0,0,0,0,0,0,0
chr3:115786869,0,0,0,0,0,0,0,0,0,0,0,0,0
chr3:115797130,0,0,0,0,0,0,0,0,0,0,0,0,0
chr3:116122416,0,0,0,0,0,0,0,0,0,0,0,0,0
chr3:116124910,0,0,0,0,0,0,0,0,0,0,0,0,0
chr3:116132249,0,0,0,0,0,0,0,0,0,0,0,0,0
chr3:116166352,0,0,0,0,0,0,0,0,0,0,0,0,0
chr3:116280748,0,0,0,0,0,0,0,0,0,0,0,0,0
chr3:116306155,0,0,0,0,0,0,0,0,0,0,0,0,0
chr3:116321615,0,0,0,0,0,0,0,0,0,0,0,0,0
chr3:116469408,0,0,0,0,0,0,0,0,0,0,0,0,0
chr3:116472069,0,0,0,0,0,0,0,0,0,0,0,0,0
chr3:116509292,0,0,0,0,0,0,0,0,0,0,0,0,0
chr3:116567710,0,0,0,0,0,0,0,0,0,0,0,0,0
chr3:116576444,0,0,0,0,0,0,0,0,0,0,0,0,0
chr3:116655841,0,0,0,0,0,0,0,0,0,0,0,0,0
chr3:116709153,0,0,0,0,0,0,0,0,0,0,0,0,0
chr3:116711708,0,0,0,0,0,0,0,0,0,0,0,0,0
chr3:116740780,0,0,0,0,0,0,0,0,0,0,0,0,0
chr3:116750952,0,0,0,0,0,0,0,0,0,0,0,0,0
chr3:116755439,0,0,0,0,0,0,0,0,0,0,0,0,0
chr3:116829661,1,0,0,0,1,0,0,0,1,1,0,0,0
chr3:116913179,0,0,0,0,0,0,0,0,0,0,0,0,0
chr3:116929527,0,0,0,0,0,0,0,0,0,0,0,0,0
chr3:116942817,0,0,0,0,0,0,0,0,0,0,0,0,0
chr3:116987726,0,0,0,0,0,0,0,0,0,0,0,0,0
chr3:117016041,0,0,0,0,0,0,0,0,0,0,0,0,0
chr3:117115928,0,0,0,0,0,0,0,0,0,0,0,0,0
chr3:117127729,0,0,0,0,0,0,0,0,0,0,0,0,0
chr3:117144263,0,0,0,0,0,0,0,0,0,0,0,0,0
chr3:117162416,0,0,0,0,0,0,0,0,0,0,0,0,0
chr3:117187336,0,0,0,0,0,0,0,0,0,0,0,0,0
chr3:117227697,0,0,0,0,0,0,0,0,0,0,0,0,0
chr3:117232834,0,0,0,0,0,0,0,0,0,0,0,0,0
chr3:117309657,0,0,0,0,0,0,0,0,0,0,0,0,0
chr3:117407148,0,0,0,0,0,0,0,0,0,0,0,0,0
chr3:117459368,0,0,0,0,0,0,0,0,0,0,0,0,0
chr3:117501093,0,0,0,0,0,0,0,0,0,0,0,0,0
chr3:117502743,0,0,0,0,0,0,0,0,0,0,0,0,0
chr3:117512288,0,0,0,0,0,0,0,0,0,0,0,0,0
chr3:117529110,0,0,0,0,0,0,0,0,0,0,0,0,0
chr3:117585350,0,0,0,0,0,0,0,0,0,0,0,0,0
chr3:117600107,0,0,0,0,0,0,0,0,0,0,0,0,0
chr3:117673299,0,0,0,0,0,0,0,0,0,0,0,0,0
chr3:117719690,0,0,0,0,0,0,0,0,0,0,0,0,0
chr3:117920780,0,0,0,0,0,0,0,0,0,0,0,0,0
chr3:118090900,0,0,0,0,0,0,0,0,0,0,0,0,0
chr3:118094135,0,0,0,0,0,0,0,0,0,0,0,0,0
chr3:118098189,0,0,0,0,0,0,0,0,0,0,0,0,0
chr3:118102997,1,0,0,0,1,0,0,0,0,0,0,0,0
chr3:118177755,0,0,0,0,0,0,0,0,0,0,0,0,0
chr3:118282261,0,0,0,0,0,0,0,0,0,0,0,0,0
chr3:118300967,0,0,0,0,0,0,0,0,0,0,0,0,0
chr3:118305946,0,0,0,0,0,0,0,0,0,0,0,0,0
chr3:118313077,0,0,0,0,0,0,0,0,0,0,0,0,0
chr3:118334871,0,0,0,0,0,0,0,0,0,0,0,0,0
chr3:118354783,0,0,0,0,0,0,0,0,0,0,0,0,0
chr3:118358884,0,0,0,0,0,0,0,0,0,0,0,0,0
chr3:118403989,0,0,0,0,0,0,0,0,0,0,0,0,0
chr3:118460343,0,0,0,0,0,0,0,0,0,0,0,0,0
chr3:118462078,1,0,0,0,1,0,0,0,1,1,0,0,0
chr3:118600082,0,0,0,0,0,0,0,0,0,0,0,0,0
chr3:118608929,0,0,0,0,0,0,0,0,0,0,0,0,0
chr3:118610150,0,0,0,0,0,0,0,0,0,0,0,0,0
chr3:119143475,0,0,0,0,0,0,0,0,0,0,0,0,0
chr3:119200741,0,0,0,0,0,0,0,0,0,0,0,0,0
chr3:119206252,0,0,0,0,0,0,0,0,0,0,0,0,0
chr3:119247845,0,0,0,0,0,0,0,0,0,0,0,0,0
chr3:119275005,0,0,0,0,0,0,0,0,0,0,0,0,0
chr3:119288586,0,0,0,0,0,0,0,0,0,0,0,0,0
chr3:119294698,0,0,0,0,0,0,0,0,0,0,0,0,0
chr3:119394252,0,0,0,0,0,0,0,0,0,0,0,0,0
chr3:119426231,0,0,0,0,0,0,0,0,0,0,0,0,0
chr3:119451465,0,0,0,0,0,0,0,0,0,0,0,0,0
chr3:119528106,0,0,0,0,0,0,0,0,0,0,0,0,0
chr3:119529634,0,0,0,0,0,0,0,0,0,0,0,0,0
chr3:119817725,1,0,0,0,1,0,0,0,0,0,0,0,0
chr3:119855733,0,0,0,0,0,0,0,0,0,0,0,0,0
chr3:119868023,0,0,0,0,0,0,0,0,0,0,0,0,0
chr3:119871731,0,0,0,0,0,0,0,0,0,0,0,0,0
chr3:119873630,0,0,0,0,0,0,0,0,0,0,0,0,0
chr3:119876781,0,0,0,0,0,0,0,0,0,0,0,0,0
chr3:119930184,0,0,0,0,0,0,0,0,0,0,0,0,0
chr3:120168883,0,0,0,0,0,0,0,0,0,0,0,0,0
chr3:120181532,0,0,0,0,0,0,0,0,0,0,0,0,0
chr3:120191611,1,0,0,0,1,0,0,0,1,0,0,1,0
chr3:120195101,1,0,0,0,1,0,0,0,0,0,0,0,0
chr3:120204773,0,0,0,0,0,0,0,0,0,0,0,0,0
chr3:120263402,0,0,0,0,0,0,0,0,0,0,0,0,0
chr3:120275032,0,0,0,0,0,0,0,0,0,0,0,0,0
chr3:120324305,0,0,0,0,0,0,0,0,0,0,0,0,0
chr3:120341372,0,0,0,0,0,0,0,0,0,0,0,0,0
chr3:120342687,0,0,0,0,0,0,0,0,0,0,0,0,0
chr3:120359585,0,0,0,0,0,0,0,0,0,0,0,0,0
chr3:120376106,0,0,0,0,0,0,0,0,0,0,0,0,0
chr3:120379410,0,0,0,0,0,0,0,0,0,0,0,0,0
chr3:120401902,0,0,0,0,0,0,0,0,0,0,0,0,0
chr3:120506924,0,0,0,0,0,0,0,0,0,0,0,0,0
chr3:120509199,0,0,0,0,0,0,0,0,0,0,0,0,0
chr3:120541830,0,0,0,0,0,0,0,0,0,0,0,0,0
chr3:120542856,0,0,0,0,0,0,0,0,0,0,0,0,0
chr3:120562331,0,0,0,0,0,0,0,0,0,0,0,0,0
chr3:120564547,0,0,0,0,0,0,0,0,0,0,0,0,0
chr3:120595473,0,0,0,0,0,0,0,0,0,0,0,0,0
chr3:120600495,0,0,0,0,0,0,0,0,0,0,0,0,0
chr3:120615976,0,0,0,0,0,0,0,0,0,0,0,0,0
chr3:120624464,0,0,0,0,0,0,0,0,0,0,0,0,0
chr3:120628854,0,0,0,0,0,0,0,0,0,0,0,0,0
chr3:120633179,0,0,0,0,0,0,0,0,0,0,0,0,0
chr3:120662432,0,0,0,0,0,0,0,0,0,0,0,0,0
chr3:120670273,0,0,0,0,0,0,0,0,0,0,0,0,0
chr3:120715448,0,0,0,0,0,0,0,0,0,0,0,0,0
chr3:120717016,0,0,0,0,0,0,0,0,0,0,0,0,0
chr3:120735604,0,0,0,0,0,0,0,0,0,0,0,0,0
chr3:120766825,0,0,0,0,0,0,0,0,0,0,0,0,0
chr3:120797705,0,0,0,0,0,0,0,0,0,0,0,0,0
chr3:120815103,0,0,0,0,0,0,0,0,0,0,0,0,0
chr3:120816304,0,0,0,0,0,0,0,0,0,0,0,0,0
chr3:120826359,0,0,0,0,0,0,0,0,0,0,0,0,0
chr3:120861575,0,0,0,0,0,0,0,0,0,0,0,0,0
chr3:120866057,0,0,0,0,0,0,0,0,0,0,0,0,0
chr3:120895061,0,0,0,0,0,0,0,0,0,0,0,0,0
chr3:120901017,0,0,0,0,0,0,0,0,0,0,0,0,0
chr3:120905459,0,0,0,0,0,0,0,0,0,0,0,0,0
chr3:120925825,0,0,0,0,0,0,0,0,0,0,0,0,0
chr3:120926171,0,0,0,0,0,0,0,0,0,0,0,0,0
chr3:120938378,0,0,0,0,0,0,0,0,0,0,0,0,0
chr3:120940237,0,0,0,0,0,0,0,0,0,0,0,0,0
chr3:120942092,0,0,0,0,0,0,0,0,0,0,0,0,0
chr3:120944127,0,0,0,0,0,0,0,0,0,0,0,0,0
chr3:120945342,0,0,0,0,0,0,0,0,0,0,0,0,0
chr3:120947308,0,0,0,0,0,0,0,0,0,0,0,0,0
chr3:120953698,1,0,0,0,1,0,0,0,1,1,0,1,0
chr3:120954891,0,0,0,0,0,0,0,0,0,0,0,0,0
chr3:120958130,0,0,0,0,0,0,0,0,0,0,0,0,0
chr3:120959707,0,0,0,0,0,0,0,0,0,0,0,0,0
chr3:120985414,0,0,0,0,0,0,0,0,0,0,0,0,0
chr3:121007134,0,0,0,0,0,0,0,0,0,0,0,0,0
chr3:121009511,0,0,0,0,0,0,0,0,0,0,0,0,0
chr3:121017295,0,0,0,0,0,0,0,0,0,0,0,0,0
chr3:121026935,0,0,0,0,0,0,0,0,0,0,0,0,0
chr3:121027244,0,0,0,0,0,0,0,0,0,0,0,0,0
chr3:121029823,0,0,0,0,0,0,0,0,0,0,0,0,0
chr3:121048967,0,0,0,0,0,0,0,0,0,0,0,0,0
chr3:121085792,0,0,0,0,0,0,0,0,0,0,0,0,0
chr3:121181423,0,0,0,0,0,0,0,0,0,0,0,0,0
chr3:121201765,0,0,0,0,0,0,0,0,0,0,0,0,0
chr3:121206546,0,0,0,0,0,0,0,0,0,0,0,0,0
chr3:121208402,0,0,0,0,0,0,0,0,0,0,0,0,0
chr3:121232539,0,0,0,0,0,0,0,0,0,0,0,0,0
chr3:121235714,0,0,0,0,0,0,0,0,0,0,0,0,0
chr3:121247714,0,0,0,0,0,0,0,0,0,0,0,0,0
chr3:121251793,0,0,0,0,0,0,0,0,0,0,0,0,0
chr3:121254911,1,0,0,0,1,0,0,0,0,0,0,0,0
chr3:121261748,0,0,0,0,0,0,0,0,0,0,0,0,0
chr3:121297243,0,0,0,0,0,0,0,0,0,0,0,0,0
chr3:121298092,0,0,0,0,0,0,0,0,0,0,0,0,0
chr3:121309326,0,0,0,0,0,0,0,0,0,0,0,0,0
chr3:121311263,0,0,0,0,0,0,0,0,0,0,0,0,0
chr3:121326703,0,0,0,0,0,0,0,0,0,0,0,0,0
chr3:121329636,0,0,0,0,0,0,0,0,0,0,0,0,0
chr3:121340996,0,0,0,0,0,0,0,0,0,0,0,0,0
chr3:121345017,0,0,0,0,0,0,0,0,0,0,0,0,0
chr3:121345291,0,0,0,0,0,0,0,0,0,0,0,0,0
chr3:121382221,1,0,0,0,1,0,0,0,0,0,0,0,0
chr3:121384464,0,0,0,0,0,0,0,0,0,0,0,0,0
chr3:121388579,0,0,0,0,0,0,0,0,0,0,0,0,0
chr3:121414766,0,0,0,0,0,0,0,0,0,0,0,0,0
chr3:121418819,0,0,0,0,0,0,0,0,0,0,0,0,0
chr3:121421274,0,0,0,0,0,0,0,0,0,0,0,0,0
chr3:121429820,0,0,0,0,0,0,0,0,0,0,0,0,0
chr3:121447847,0,0,0,0,0,0,0,0,0,0,0,0,0
chr3:121505393,0,0,0,0,0,0,0,0,0,0,0,0,0
chr3:121632071,0,0,0,0,0,0,0,0,0,0,0,0,0
chr3:121637328,0,0,0,0,0,0,0,0,0,0,0,0,0
chr3:121639591,0,0,0,0,0,0,0,0,0,0,0,0,0
chr3:121699117,0,0,0,0,0,0,0,0,0,0,0,0,0
chr3:121903270,0,0,0,0,0,0,0,0,0,0,0,0,0
chr3:121951220,1,0,0,0,1,0,0,0,1,1,0,0,0
chr3:121952633,0,0,0,0,0,0,0,0,0,0,0,0,0
chr3:121953763,0,0,0,0,0,0,0,0,0,0,0,0,0
chr3:122015625,0,0,1,0,0,0,1,0,1,0,0,0,0
chr3:122017261,0,0,0,0,0,0,0,0,0,0,0,0,0
chr3:122017333,0,0,0,0,0,0,0,0,0,0,0,0,0
chr3:122023028,0,0,0,0,0,0,0,0,0,0,0,0,0
chr3:122044013,0,0,0,0,0,0,0,0,0,0,0,0,0
chr3:122044254,0,0,0,0,0,0,0,0,0,0,0,0,0
chr3:122045278,0,0,0,0,0,0,0,0,0,0,0,0,0
chr3:122045652,0,0,0,0,0,0,0,0,0,0,0,0,0
chr3:122046056,0,0,0,0,0,0,0,0,0,0,0,0,0
chr3:122046476,0,0,0,0,0,0,0,0,0,0,0,0,0
chr3:122047998,0,0,0,0,0,0,0,0,0,0,0,0,0
chr3:122048718,0,0,0,0,0,0,0,0,0,0,0,0,0
chr3:122049264,0,0,0,0,0,0,0,0,0,0,0,0,0
chr3:122049328,0,0,0,0,0,0,0,0,0,0,0,0,0
chr3:122054322,0,0,0,0,0,0,0,0,0,0,0,0,0
chr3:122057818,0,0,0,0,0,0,0,0,0,0,0,0,0
chr3:122057962,0,0,0,0,0,0,0,0,0,0,0,0,0
chr3:122058495,0,0,0,0,0,0,0,0,0,0,0,0,0
chr3:122086346,0,0,0,0,0,0,0,0,0,0,0,0,0
chr3:122086400,0,0,0,0,0,0,0,0,0,0,0,0,0
chr3:122089565,0,0,0,0,0,0,0,0,0,0,0,0,0
chr3:122089913,0,0,0,0,0,0,0,0,0,0,0,0,0
chr3:122090681,0,0,0,0,0,0,0,0,0,0,0,0,0
chr3:122091862,0,0,0,0,0,0,0,0,0,0,0,0,0
chr3:122092448,0,0,0,0,0,0,0,0,0,0,0,0,0
chr3:122095803,0,0,0,0,0,0,0,0,0,0,0,0,0
chr3:122096179,0,0,0,0,0,0,0,0,0,0,0,0,0
chr3:122110961,0,0,0,0,0,0,0,0,0,0,0,0,0
chr3:122110974,0,0,0,0,0,0,0,0,0,0,0,0,0
chr3:122111005,0,0,0,0,0,0,0,0,0,0,0,0,0
chr3:122129973,0,0,0,0,0,0,0,0,0,0,0,0,0
chr3:122130002,0,0,0,0,0,0,0,0,0,0,0,0,0
chr3:122132416,0,0,0,0,0,0,0,0,0,0,0,0,0
chr3:122135453,0,0,0,0,0,0,0,0,0,0,0,0,0
chr3:122136693,0,0,0,0,0,0,0,0,0,0,0,0,0
chr3:122140821,0,0,0,0,0,0,0,0,0,0,0,0,0
chr3:122143035,0,0,0,0,0,0,0,0,0,0,0,0,0
chr3:122144095,0,0,0,0,0,0,0,0,0,0,0,0,0
chr3:122152664,0,0,0,0,0,0,0,0,0,0,0,0,0
chr3:122157042,0,0,0,0,0,0,0,0,0,0,0,0,0
chr3:122167115,0,0,0,0,0,0,0,0,0,0,0,0,0
chr3:122171080,0,0,0,0,0,0,0,0,0,0,0,0,0
chr3:122171462,0,0,0,0,0,0,0,0,0,0,0,0,0
chr3:122172569,0,0,0,0,0,0,0,0,0,0,0,0,0
chr3:122173604,0,0,0,0,0,0,0,0,0,0,0,0,0
chr3:122175117,0,0,0,0,0,0,0,0,0,0,0,0,0
chr3:122181327,0,0,0,0,0,0,0,0,0,0,0,0,0
chr3:122181375,0,0,0,0,0,0,0,0,0,0,0,0,0
chr3:122182657,0,0,0,0,0,0,0,0,0,0,0,0,0
chr3:122183477,0,0,0,0,0,0,0,0,0,0,0,0,0
chr3:122187424,0,0,0,0,0,0,0,0,0,0,0,0,0
chr3:122189625,0,0,0,0,0,0,0,0,0,0,0,0,0
chr3:122196492,0,0,0,0,0,0,0,0,0,0,0,0,0
chr3:122213775,0,0,0,0,0,0,0,0,0,0,0,0,0
chr3:122227390,0,0,0,0,0,0,0,0,0,0,0,0,0
chr3:122252915,0,0,0,0,0,0,0,0,0,0,0,0,0
chr3:122284166,0,0,0,0,0,0,0,0,0,0,0,0,0
chr3:122289074,0,0,0,0,0,0,0,0,0,0,0,0,0
chr3:122293553,0,0,0,0,0,0,0,0,0,0,0,0,0
chr3:122294022,0,0,0,0,0,0,0,0,0,0,0,0,0
chr3:122295259,0,0,0,0,0,0,0,0,0,0,0,0,0
chr3:122299498,0,0,0,0,0,0,0,0,0,0,0,0,0
chr3:122313369,0,0,0,0,0,0,0,0,0,0,0,0,0
chr3:122354344,0,0,0,0,0,0,0,0,0,0,0,0,0
chr3:122358644,1,0,0,0,1,0,0,0,1,0,0,1,0
chr3:122371296,1,0,0,0,1,0,0,0,1,1,0,0,0
chr3:122374647,0,0,0,0,0,0,0,0,0,0,0,0,0
chr3:122410909,0,0,0,0,0,0,0,0,0,0,0,0,0
chr3:122414779,0,0,0,0,0,0,0,0,0,0,0,0,0
chr3:122420752,0,0,0,0,0,0,0,0,0,0,0,0,0
chr3:122465727,0,0,0,0,0,0,0,0,0,0,0,0,0
chr3:122490964,0,0,0,0,0,0,0,0,0,0,0,0,0
chr3:122505959,0,0,0,0,0,0,0,0,0,0,0,0,0
chr3:122521028,0,0,0,0,0,0,0,0,0,0,0,0,0
chr3:122554461,0,0,0,0,0,0,0,0,0,0,0,0,0
chr3:122573828,0,0,0,0,0,0,0,0,0,0,0,0,0
chr3:122618424,0,0,0,0,0,0,0,0,0,0,0,0,0
chr3:122658807,0,0,0,0,0,0,0,0,0,0,0,0,0
chr3:122677371,1,0,0,0,1,0,0,0,1,0,0,1,0
chr3:122679252,1,0,0,0,1,0,0,0,0,0,0,0,0
chr3:122682103,0,0,0,0,0,0,0,0,0,0,0,0,0
chr3:122710210,0,0,0,0,0,0,0,0,0,0,0,0,0
chr3:122744645,0,0,0,0,0,0,0,0,0,0,0,0,0
chr3:122796819,0,0,0,0,0,0,0,0,0,0,0,0,0
chr3:123041047,0,0,0,0,0,0,0,0,0,0,0,0,0
chr3:123052812,0,0,0,0,0,0,0,0,0,0,0,0,0
chr3:123091678,0,0,0,0,0,0,0,0,0,0,0,0,0
chr3:123117434,0,0,0,0,0,0,0,0,0,0,0,0,0
chr3:123146848,0,0,0,0,0,0,0,0,0,0,0,0,0
chr3:123250595,0,0,0,0,0,0,0,0,0,0,0,0,0
chr3:123606033,0,0,0,0,0,0,0,0,0,0,0,0,0
chr3:123607593,1,0,0,0,1,0,0,0,0,0,0,0,0
chr3:123614452,0,0,0,0,0,0,0,0,0,0,0,0,0
chr3:123616436,0,0,0,0,0,0,0,0,0,0,0,0,0
chr3:123700476,0,0,0,0,0,0,0,0,0,0,0,0,0
chr3:123763986,1,0,0,0,1,0,0,0,0,0,0,0,0
chr3:123773251,0,0,0,0,0,0,0,0,0,0,0,0,0
chr3:124411829,0,0,0,0,0,0,0,0,0,0,0,0,0
chr3:126107410,1,0,0,0,1,0,0,0,1,1,0,0,0
chr3:126107480,1,0,0,0,1,0,0,0,1,1,0,0,0
chr3:126847787,0,0,0,0,0,0,0,0,0,0,0,0,0
chr3:127291361,0,0,0,0,0,0,0,0,0,0,0,0,0
chr3:127291366,0,0,0,0,0,0,0,0,0,0,0,0,0
chr3:127328959,0,0,0,0,0,0,0,0,0,0,0,0,0
chr3:127762317,0,0,0,0,0,0,0,0,0,0,0,0,0
chr3:127959949,0,0,0,0,0,0,0,0,0,0,0,0,0
chr3:128009362,0,0,0,0,0,0,0,0,0,0,0,0,0
chr3:128021743,0,0,0,0,0,0,0,0,0,0,0,0,0
chr3:128027785,0,0,0,0,0,0,0,0,0,0,0,0,0
chr3:128054854,0,0,0,0,0,0,0,0,0,0,0,0,0
chr3:128142207,0,0,0,0,0,0,0,0,0,0,0,0,0
chr3:128152427,0,0,0,0,0,0,0,0,0,0,0,0,0
chr3:128233461,0,0,0,0,0,0,0,0,0,0,0,0,0
chr3:128234868,0,0,0,0,0,0,0,0,0,0,0,0,0
chr3:128235701,0,0,0,0,0,0,0,0,0,0,0,0,0
chr3:128239463,1,0,0,0,1,0,0,0,0,0,0,0,0
chr3:128286556,0,0,0,0,0,0,0,0,0,0,0,0,0
chr3:128295442,0,0,0,0,0,0,0,0,0,0,0,0,0
chr3:128298916,0,0,0,0,0,0,0,0,0,0,0,0,0
chr3:128316296,0,0,0,0,0,0,0,0,0,0,0,0,0
chr3:128335193,0,0,0,0,0,0,0,0,0,0,0,0,0
chr3:128363158,0,0,0,0,0,0,0,0,0,0,0,0,0
chr3:128367827,0,0,0,0,0,0,0,0,0,0,0,0,0
chr3:128383364,0,0,0,0,0,0,0,0,0,0,0,0,0
chr3:128473789,0,0,0,0,0,0,0,0,0,0,0,0,0
chr3:128478548,0,0,0,0,0,0,0,0,0,0,0,0,0
chr3:128534974,0,0,0,0,0,0,0,0,0,0,0,0,0
chr3:128558326,0,0,0,0,0,0,0,0,0,0,0,0,0
chr3:128627133,0,0,0,0,0,0,0,0,0,0,0,0,0
chr3:128629012,1,0,0,0,1,0,0,0,1,0,1,0,0
chr3:128695646,0,0,0,0,0,0,0,0,0,0,0,0,0
chr3:128774144,0,0,0,0,0,0,0,0,0,0,0,0,0
chr3:128815418,0,0,0,0,0,0,0,0,0,0,0,0,0
chr3:128821905,0,0,0,0,0,0,0,0,0,0,0,0,0
chr3:128845300,0,0,0,0,0,0,0,0,0,0,0,0,0
chr3:128847239,0,0,0,0,0,0,0,0,0,0,0,0,0
chr3:128926977,0,0,0,0,0,0,0,0,0,0,0,0,0
chr3:128953263,0,0,0,0,0,0,0,0,0,0,0,0,0
chr3:128969208,0,0,0,0,0,0,0,0,0,0,0,0,0
chr3:128975083,0,0,0,0,0,0,0,0,0,0,0,0,0
chr3:128998296,0,0,0,0,0,0,0,0,0,0,0,0,0
chr3:129006925,0,0,0,0,0,0,0,0,0,0,0,0,0
chr3:129055959,0,0,0,0,0,0,0,0,0,0,0,0,0
chr3:129062870,1,0,0,0,1,0,0,0,0,0,0,0,0
chr3:129135775,0,0,0,0,0,0,0,0,0,0,0,0,0
chr3:129148991,0,0,0,0,0,0,0,0,0,0,0,0,0
chr3:129151264,0,0,0,0,0,0,0,0,0,0,0,0,0
chr3:129160717,1,0,0,0,1,0,0,0,1,1,0,0,0
chr3:129169409,0,0,0,0,0,0,0,0,0,0,0,0,0
chr3:129186316,1,0,0,0,1,0,0,0,0,0,0,0,0
chr3:129187237,1,0,0,0,1,0,0,0,0,0,0,0,0
chr3:129345445,0,0,0,0,0,0,0,0,0,0,0,0,0
chr3:129403929,1,0,0,0,1,0,0,0,1,0,0,1,0
chr3:129425975,0,0,0,0,0,0,0,0,0,0,0,0,0
chr3:129426584,0,0,0,0,0,0,0,0,0,0,0,0,0
chr3:129426936,0,0,0,0,0,0,0,0,0,0,0,0,0
chr3:129430679,0,0,0,0,0,0,0,0,0,0,0,0,0
chr3:129435435,0,0,0,0,0,0,0,0,0,0,0,0,0
chr3:129573770,1,0,0,0,1,0,0,0,0,0,0,0,0
chr3:129586127,0,0,0,0,0,0,0,0,0,0,0,0,0
chr3:129586606,0,0,0,0,0,0,0,0,0,0,0,0,0
chr3:129586642,0,0,0,0,0,0,0,0,0,0,0,0,0
chr3:129670630,0,0,0,0,0,0,0,0,0,0,0,0,0
chr3:129840012,0,0,0,0,0,0,0,0,0,0,0,0,0
chr3:129852578,0,0,0,0,0,0,0,0,0,0,0,0,0
chr3:129855686,0,0,0,0,0,0,0,0,0,0,0,0,0
chr3:129871760,0,0,0,0,0,0,0,0,0,0,0,0,0
chr3:129873204,0,0,0,0,0,0,0,0,0,0,0,0,0
chr3:130216939,0,0,0,0,0,0,0,0,0,0,0,0,0
chr3:130217331,0,0,0,0,0,0,0,0,0,0,0,0,0
chr3:130224528,0,0,0,0,0,0,0,0,0,0,0,0,0
chr3:130249035,0,0,0,0,0,0,0,0,0,0,0,0,0
chr3:130531270,0,0,1,0,0,0,1,0,0,0,0,0,0
chr3:130690405,0,0,0,0,0,0,0,0,0,0,0,0,0
chr3:130713125,0,0,0,0,0,0,0,0,0,0,0,0,0
chr3:130803610,0,0,0,0,0,0,0,0,0,0,0,0,0
chr3:130987875,0,0,0,0,0,0,0,0,0,0,0,0,0
chr3:130991534,0,0,0,0,0,0,0,0,0,0,0,0,0
chr3:131026153,0,0,0,0,0,0,0,0,0,0,0,0,0
chr3:131032238,0,0,0,0,0,0,0,0,0,0,0,0,0
chr3:131070913,0,0,0,0,0,0,0,0,0,0,0,0,0
chr3:131071301,0,0,0,0,0,0,0,0,0,0,0,0,0
chr3:131078819,1,0,0,0,1,0,0,0,1,1,0,0,0
chr3:131089514,0,0,0,0,0,0,0,0,0,0,0,0,0
chr3:131173600,0,0,0,0,0,0,0,0,0,0,0,0,0
chr3:131206660,0,0,0,0,0,0,0,0,0,0,0,0,0
chr3:131209203,0,0,0,0,0,0,0,0,0,0,0,0,0
chr3:131237828,0,0,0,0,0,0,0,0,0,0,0,0,0
chr3:131360720,0,0,0,0,0,0,0,0,0,0,0,0,0
chr3:131361859,0,0,0,0,0,0,0,0,0,0,0,0,0
chr3:131363529,0,0,0,0,0,0,0,0,0,0,0,0,0
chr3:131365796,0,0,0,0,0,0,0,0,0,0,0,0,0
chr3:131366110,0,0,0,0,0,0,0,0,0,0,0,0,0
chr3:131367255,0,0,0,0,0,0,0,0,0,0,0,0,0
chr3:131382338,0,0,0,0,0,0,0,0,0,0,0,0,0
chr3:131432428,0,0,0,0,0,0,0,0,0,0,0,0,0
chr3:131432840,0,0,0,0,0,0,0,0,0,0,0,0,0
chr3:131433948,0,0,0,0,0,0,0,0,0,0,0,0,0
chr3:131549097,1,0,0,0,1,0,0,0,0,0,0,0,0
chr3:131575380,1,0,0,0,1,0,0,0,1,0,1,0,0
chr3:131621791,0,0,0,0,0,0,0,0,0,0,0,0,0
chr3:131626903,0,0,0,0,0,0,0,0,0,0,0,0,0
chr3:131633719,0,0,0,0,0,0,0,0,0,0,0,0,0
chr3:131635198,0,0,0,0,0,0,0,0,0,0,0,0,0
chr3:131640456,0,0,0,0,0,0,0,0,0,0,0,0,0
chr3:131745722,0,0,0,0,0,0,0,0,0,0,0,0,0
chr3:131748758,0,0,0,0,0,0,0,0,0,0,0,0,0
chr3:131748892,0,0,0,0,0,0,0,0,0,0,0,0,0
chr3:131749782,0,0,0,0,0,0,0,0,0,0,0,0,0
chr3:131751937,0,0,0,0,0,0,0,0,0,0,0,0,0
chr3:131752538,0,0,0,0,0,0,0,0,0,0,0,0,0
chr3:131752999,0,0,0,0,0,0,0,0,0,0,0,0,0
chr3:131755596,0,0,0,0,0,0,0,0,0,0,0,0,0
chr3:131843981,0,0,0,0,0,0,0,0,0,0,0,0,0
chr3:131847342,0,0,0,0,0,0,0,0,0,0,0,0,0
chr3:131872647,0,0,0,0,0,0,0,0,0,0,0,0,0
chr3:131873801,0,0,0,0,0,0,0,0,0,0,0,0,0
chr3:132079131,0,0,0,0,0,0,0,0,0,0,0,0,0
chr3:132083782,0,0,0,0,0,0,0,0,0,0,0,0,0
chr3:132085441,0,0,0,0,0,0,0,0,0,0,0,0,0
chr3:132096068,0,0,0,0,0,0,0,0,0,0,0,0,0
chr3:132100220,0,0,0,0,0,0,0,0,0,0,0,0,0
chr3:132103527,0,0,0,0,0,0,0,0,0,0,0,0,0
chr3:132105967,0,0,0,0,0,0,0,0,0,0,0,0,0
chr3:132135875,0,0,0,0,0,0,0,0,0,0,0,0,0
chr3:132151353,0,0,0,0,0,0,0,0,0,0,0,0,0
chr3:132162718,0,0,0,0,0,0,0,0,0,0,0,0,0
chr3:132167555,0,0,0,0,0,0,0,0,0,0,0,0,0
chr3:132283104,0,0,0,0,0,0,0,0,0,0,0,0,0
chr3:132284413,0,0,0,0,0,0,0,0,0,0,0,0,0
chr3:132289378,0,0,0,0,0,0,0,0,0,0,0,0,0
chr3:132333565,0,0,0,0,0,0,0,0,0,0,0,0,0
chr3:132366022,0,0,0,0,0,0,0,0,0,0,0,0,0
chr3:132396133,0,0,0,0,0,0,0,0,0,0,0,0,0
chr3:132447155,0,0,0,0,0,0,0,0,0,0,0,0,0
chr3:132474685,0,0,0,0,0,0,0,0,0,0,0,0,0
chr3:132488058,0,0,0,0,0,0,0,0,0,0,0,0,0
chr3:132494554,0,0,0,0,0,0,0,0,0,0,0,0,0
chr3:132513010,0,0,0,0,0,0,0,0,0,0,0,0,0
chr3:132513028,0,0,0,0,0,0,0,0,0,0,0,0,0
chr3:132533818,0,0,0,0,0,0,0,0,0,0,0,0,0
chr3:132535312,0,0,0,0,0,0,0,0,0,0,0,0,0
chr3:132537121,0,0,0,0,0,0,0,0,0,0,0,0,0
chr3:132572454,0,0,0,0,0,0,0,0,0,0,0,0,0
chr3:132580349,0,0,0,0,0,0,0,0,0,0,0,0,0
chr3:132644243,0,0,0,0,0,0,0,0,0,0,0,0,0
chr3:132672606,0,0,0,0,0,0,0,0,0,0,0,0,0
chr3:132672756,0,0,0,0,0,0,0,0,0,0,0,0,0
chr3:132673897,0,0,0,0,0,0,0,0,0,0,0,0,0
chr3:132680998,0,0,0,0,0,0,0,0,0,0,0,0,0
chr3:132686420,0,0,0,0,0,0,0,0,0,0,0,0,0
chr3:132692038,0,0,0,0,0,0,0,0,0,0,0,0,0
chr3:132696553,0,0,0,0,0,0,0,0,0,0,0,0,0
chr3:132699914,0,0,0,0,0,0,0,0,0,0,0,0,0
chr3:132716832,0,0,0,0,0,0,0,0,0,0,0,0,0
chr3:132721838,0,0,0,0,0,0,0,0,0,0,0,0,0
chr3:132724463,0,0,0,0,0,0,0,0,0,0,0,0,0
chr3:132731999,0,0,0,0,0,0,0,0,0,0,0,0,0
chr3:132732026,0,0,0,0,0,0,0,0,0,0,0,0,0
chr3:132735431,0,0,0,0,0,0,0,0,0,0,0,0,0
chr3:132737338,0,0,0,0,0,0,0,0,0,0,0,0,0
chr3:132741350,0,0,0,0,0,0,0,0,0,0,0,0,0
chr3:132755293,0,0,0,0,0,0,0,0,0,0,0,0,0
chr3:132758644,0,0,0,0,0,0,0,0,0,0,0,0,0
chr3:132758770,0,0,0,0,0,0,0,0,0,0,0,0,0
chr3:132765645,0,0,0,0,0,0,0,0,0,0,0,0,0
chr3:132766806,0,0,0,0,0,0,0,0,0,0,0,0,0
chr3:132767902,0,0,0,0,0,0,0,0,0,0,0,0,0
chr3:132773112,0,0,0,0,0,0,0,0,0,0,0,0,0
chr3:132809646,0,0,0,0,0,0,0,0,0,0,0,0,0
chr3:132844897,0,0,0,0,0,0,0,0,0,0,0,0,0
chr3:132864484,0,0,0,0,0,0,0,0,0,0,0,0,0
chr3:132864982,0,0,0,0,0,0,0,0,0,0,0,0,0
chr3:132869981,0,0,0,0,0,0,0,0,0,0,0,0,0
chr3:133222080,0,0,0,0,0,0,0,0,0,0,0,0,0
chr3:133575162,1,0,0,0,1,0,0,0,0,0,0,0,0
chr3:133584424,0,0,0,0,0,0,0,0,0,0,0,0,0
chr3:133734492,1,0,0,0,1,0,0,0,0,0,0,0,0
chr3:133941865,0,0,0,0,0,0,0,0,0,0,0,0,0
chr3:133943012,0,0,0,0,0,0,0,0,0,0,0,0,0
chr3:133955494,0,0,0,0,0,0,0,0,0,0,0,0,0
chr3:133958454,0,0,0,0,0,0,0,0,0,0,0,0,0
chr3:133963683,0,0,0,0,0,0,0,0,0,0,0,0,0
chr3:133971446,0,0,0,0,0,0,0,0,0,0,0,0,0
chr3:133991192,0,0,0,0,0,0,0,0,0,0,0,0,0
chr3:133996139,0,0,0,0,0,0,0,0,0,0,0,0,0
chr3:134007268,0,0,0,0,0,0,0,0,0,0,0,0,0
chr3:134008284,0,0,0,0,0,0,0,0,0,0,0,0,0
chr3:134010449,0,0,0,0,0,0,0,0,0,0,0,0,0
chr3:134012901,0,0,0,0,0,0,0,0,0,0,0,0,0
chr3:134085357,0,0,0,0,0,0,0,0,0,0,0,0,0
chr3:134086111,0,0,0,0,0,0,0,0,0,0,0,0,0
chr3:134086565,0,0,0,0,0,0,0,0,0,0,0,0,0
chr3:134088557,0,0,0,0,0,0,0,0,0,0,0,0,0
chr3:134091566,0,0,0,0,0,0,0,0,0,0,0,0,0
chr3:134094764,0,0,0,0,0,0,0,0,0,0,0,0,0
chr3:134098425,0,0,0,0,0,0,0,0,0,0,0,0,0
chr3:134098706,0,0,0,0,0,0,0,0,0,0,0,0,0
chr3:134102950,0,0,0,0,0,0,0,0,0,0,0,0,0
chr3:134133004,0,0,0,0,0,0,0,0,0,0,0,0,0
chr3:134133535,0,0,0,0,0,0,0,0,0,0,0,0,0
chr3:134133646,0,0,0,0,0,0,0,0,0,0,0,0,0
chr3:134148609,1,0,0,0,1,0,0,0,1,1,0,0,0
chr3:134152943,1,0,0,0,1,0,0,0,0,0,0,0,0
chr3:134154376,1,0,0,0,1,0,0,0,0,0,0,0,0
chr3:134155810,1,0,0,0,1,0,0,0,1,0,0,1,0
chr3:134174228,0,0,0,0,0,0,0,0,0,0,0,0,0
chr3:134178545,0,0,0,0,0,0,0,0,0,0,0,0,0
chr3:134207780,0,0,0,0,0,0,0,0,0,0,0,0,0
chr3:134277649,0,0,0,0,0,0,0,0,0,0,0,0,0
chr3:134314969,0,0,0,0,0,0,0,0,0,0,0,0,0
chr3:134338806,0,0,0,0,0,0,0,0,0,0,0,0,0
chr3:134356875,0,0,0,0,0,0,0,0,0,0,0,0,0
chr3:134362871,0,0,0,0,0,0,0,0,0,0,0,0,0
chr3:134366018,0,0,0,0,0,0,0,0,0,0,0,0,0
chr3:134376890,0,0,0,0,0,0,0,0,0,0,0,0,0
chr3:134385482,1,0,0,0,1,0,0,0,1,0,0,1,0
chr3:134386253,0,0,0,0,0,0,0,0,0,0,0,0,0
chr3:134437222,0,0,0,0,0,0,0,0,0,0,0,0,0
chr3:134439329,0,0,0,0,0,0,0,0,0,0,0,0,0
chr3:134440250,0,0,0,0,0,0,0,0,0,0,0,0,0
chr3:135041536,0,0,0,0,0,0,0,0,0,0,0,0,0
chr3:135138922,0,0,0,0,0,0,0,0,0,0,0,0,0
chr3:135288672,0,0,0,0,0,0,0,0,0,0,0,0,0
chr3:135360556,1,0,0,0,1,0,0,0,1,1,0,0,0
chr3:135493864,0,0,0,0,0,0,0,0,0,0,0,0,0
chr3:135498721,0,0,0,0,0,0,0,0,0,0,0,0,0
chr3:135549115,1,0,0,0,1,0,0,0,0,0,0,0,0
chr3:135557273,0,0,0,0,0,0,0,0,0,0,0,0,0
chr3:135811532,1,0,0,0,1,0,0,0,1,1,0,0,0
chr3:135813595,0,0,0,0,0,0,0,0,0,0,0,0,0
chr3:135814632,0,0,0,0,0,0,0,0,0,0,0,0,0
chr3:135832613,0,0,0,0,0,0,0,0,0,0,0,0,0
chr3:135834014,0,0,0,0,0,0,0,0,0,0,0,0,0
chr3:135854754,0,0,0,0,0,0,0,0,0,0,0,0,0
chr3:135915147,0,0,0,0,0,0,0,0,0,0,0,0,0
chr3:135971331,0,0,0,0,0,0,0,0,0,0,0,0,0
chr3:136272521,0,0,0,0,0,0,0,0,0,0,0,0,0
chr3:136542156,0,0,0,0,0,0,0,0,0,0,0,0,0
chr3:136548484,0,0,0,0,0,0,0,0,0,0,0,0,0
chr3:136777569,0,0,0,0,0,0,0,0,0,0,0,0,0
chr3:136777681,0,0,0,0,0,0,0,0,0,0,0,0,0
chr3:136790647,0,0,0,0,0,0,0,0,0,0,0,0,0
chr3:136796272,0,0,0,0,0,0,0,0,0,0,0,0,0
chr3:137088118,0,0,0,0,0,0,0,0,0,0,0,0,0
chr3:137188012,0,0,0,0,0,0,0,0,0,0,0,0,0
chr3:137194888,0,0,0,0,0,0,0,0,0,0,0,0,0
chr3:137698445,0,0,0,0,0,0,0,0,0,0,0,0,0
chr3:137908344,1,0,0,0,1,0,0,0,1,0,1,0,0
chr3:138101771,0,0,0,0,0,0,0,0,0,0,0,0,0
chr3:138226987,0,0,0,0,0,0,0,0,0,0,0,0,0
chr3:138259777,0,0,0,0,0,0,0,0,0,0,0,0,0
chr3:138823815,1,0,0,0,1,0,0,0,1,0,1,0,0
chr3:139013933,0,0,0,0,0,0,0,0,0,0,0,0,0
chr3:139075423,1,0,0,0,1,0,0,0,1,1,1,0,0
chr3:139083172,1,0,0,0,1,0,0,0,0,0,0,0,0
chr3:139100770,0,0,0,0,0,0,0,0,0,0,0,0,0
chr3:139136005,1,0,0,0,1,0,0,0,1,0,0,1,0
chr3:139146746,0,0,0,0,0,0,0,0,0,0,0,0,0
chr3:139147845,0,0,0,0,0,0,0,0,0,0,0,0,0
chr3:139237986,0,0,0,0,0,0,0,0,0,0,0,0,0
chr3:139269765,0,0,0,0,0,0,0,0,0,0,0,0,0
chr3:139314386,0,0,0,0,0,0,0,0,0,0,0,0,0
chr3:139448282,0,0,0,0,0,0,0,0,0,0,0,0,0
chr3:139479125,0,0,0,0,0,0,0,0,0,0,0,0,0
chr3:139663146,0,0,0,0,0,0,0,0,0,0,0,0,0
chr3:139773232,1,0,0,0,1,0,0,0,1,0,1,1,0
chr3:139800946,0,0,0,0,0,0,0,0,0,0,0,0,0
chr3:139872937,0,0,0,0,0,0,0,0,0,0,0,0,0
chr3:139920091,1,0,0,0,1,0,0,0,1,1,0,0,0
chr3:139981929,0,0,0,0,0,0,0,0,0,0,0,0,0
chr3:140390273,1,0,0,0,1,0,0,0,1,1,1,0,0
chr3:140403789,0,0,0,0,0,0,0,0,0,0,0,0,0
chr3:140532799,0,0,0,0,0,0,0,0,0,0,0,0,0
chr3:140793584,0,0,0,0,0,0,0,0,0,0,0,0,0
chr3:141174017,1,0,0,0,1,0,0,0,1,0,0,1,0
chr3:141335212,0,0,0,0,0,0,0,0,0,0,0,0,0
chr3:141369160,0,0,0,0,0,0,0,0,0,0,0,0,0
chr3:141375556,1,0,0,0,1,0,0,0,1,1,0,0,0
chr3:141422618,0,0,0,0,0,0,0,0,0,0,0,0,0
chr3:141453441,0,0,0,0,0,0,0,0,0,0,0,0,0
chr3:141561086,0,0,0,0,0,0,0,0,0,0,0,0,0
chr3:141570521,0,0,0,0,0,0,0,0,0,0,0,0,0
chr3:141636520,0,0,0,0,0,0,0,0,0,0,0,0,0
chr3:141717710,0,0,0,0,0,0,0,0,0,0,0,0,0
chr3:141737605,1,0,0,0,1,0,0,0,0,0,0,0,0
chr3:141743817,1,0,0,0,1,0,0,0,0,0,0,0,0
chr3:142142791,1,0,0,0,1,0,0,0,1,1,0,1,0
chr3:142879347,0,0,0,0,0,0,0,0,0,0,0,0,0
chr3:143137401,0,0,0,0,0,0,0,0,0,0,0,0,0
chr3:143668799,0,0,0,0,0,0,0,0,0,0,0,0,0
chr3:143803593,0,0,0,0,0,0,0,0,0,0,0,0,0
chr3:144018350,0,0,0,0,0,0,0,0,0,0,0,0,0
chr3:144019138,1,0,0,0,1,0,0,0,1,1,0,0,0
chr3:144131373,0,0,0,0,0,0,0,0,0,0,0,0,0
chr3:145734304,0,0,0,0,0,0,0,0,0,0,0,0,0
chr3:146645897,0,0,0,0,0,0,0,0,0,0,0,0,0
chr3:148171069,0,0,0,0,0,0,0,0,0,0,0,0,0
chr3:148346739,0,0,0,0,0,0,0,0,0,0,0,0,0
chr3:149124943,0,0,0,0,0,0,0,0,0,0,0,0,0
chr3:149603760,0,0,0,0,0,0,0,0,0,0,0,0,0
chr3:149811722,0,0,0,0,0,0,0,0,0,0,0,0,0
chr3:149852111,0,0,0,0,0,0,0,0,0,0,0,0,0
chr3:149855368,0,0,0,0,0,0,0,0,0,0,0,0,0
chr3:149865379,0,0,0,0,0,0,0,0,0,0,0,0,0
chr3:149875247,0,0,0,0,0,0,0,0,0,0,0,0,0
chr3:149875828,0,0,0,0,0,0,0,0,0,0,0,0,0
chr3:149899180,1,0,0,0,1,0,0,0,0,0,0,0,0
chr3:150017584,0,0,0,0,0,0,0,0,0,0,0,0,0
chr3:150131373,0,0,0,0,0,0,0,0,0,0,0,0,0
chr3:150186940,0,0,0,0,0,0,0,0,0,0,0,0,0
chr3:150189073,0,0,0,0,0,0,0,0,0,0,0,0,0
chr3:150260527,0,0,0,0,0,0,0,0,0,0,0,0,0
chr3:150268538,0,0,0,0,0,0,0,0,0,0,0,0,0
chr3:150304148,0,0,0,0,0,0,0,0,0,0,0,0,0
chr3:150332724,0,0,0,0,0,0,0,0,0,0,0,0,0
chr3:150412914,0,0,0,0,0,0,0,0,0,0,0,0,0
chr3:150424181,0,0,0,0,0,0,0,0,0,0,0,0,0
chr3:150446745,0,0,0,0,0,0,0,0,0,0,0,0,0
chr3:150461094,0,0,0,0,0,0,0,0,0,0,0,0,0
chr3:150510159,0,0,0,0,0,0,0,0,0,0,0,0,0
chr3:150529491,0,0,0,0,0,0,0,0,0,0,0,0,0
chr3:150536383,1,0,0,0,1,0,0,0,0,0,0,0,0
chr3:150544605,0,0,0,0,0,0,0,0,0,0,0,0,0
chr3:150965898,0,0,0,0,0,0,0,0,0,0,0,0,0
chr3:150967832,0,0,0,0,0,0,0,0,0,0,0,0,0
chr3:150975700,0,0,0,0,0,0,0,0,0,0,0,0,0
chr3:151048331,0,0,0,0,0,0,0,0,0,0,0,0,0
chr3:151069935,0,0,0,0,0,0,0,0,0,0,0,0,0
chr3:151237458,0,0,0,0,0,0,0,0,0,0,0,0,0
chr3:151261016,0,0,0,0,0,0,0,0,0,0,0,0,0
chr3:151282041,0,0,0,0,0,0,0,0,0,0,0,0,0
chr3:151302030,0,0,0,0,0,0,0,0,0,0,0,0,0
chr3:151308666,0,0,0,0,0,0,0,0,0,0,0,0,0
chr3:151310229,0,0,0,0,0,0,0,0,0,0,0,0,0
chr3:151315895,0,0,0,0,0,0,0,0,0,0,0,0,0
chr3:151319659,0,0,0,0,0,0,0,0,0,0,0,0,0
chr3:151356899,0,0,0,0,0,0,0,0,0,0,0,0,0
chr3:151395688,0,0,0,0,0,0,0,0,0,0,0,0,0
chr3:151415902,0,0,0,0,0,0,0,0,0,0,0,0,0
chr3:151439754,0,0,0,0,0,0,0,0,0,0,0,0,0
chr3:151440698,0,0,0,0,0,0,0,0,0,0,0,0,0
chr3:151473443,0,0,0,0,0,0,0,0,0,0,0,0,0
chr3:151475091,1,0,0,0,1,0,0,0,0,0,0,0,0
chr3:151476015,0,0,0,0,0,0,0,0,0,0,0,0,0
chr3:151476022,0,0,0,0,0,0,0,0,0,0,0,0,0
chr3:151482086,0,0,0,0,0,0,0,0,0,0,0,0,0
chr3:151494823,0,0,0,0,0,0,0,0,0,0,0,0,0
chr3:151528449,0,0,0,0,0,0,0,0,0,0,0,0,0
chr3:151530861,0,0,0,0,0,0,0,0,0,0,0,0,0
chr3:151532394,0,0,0,0,0,0,0,0,0,0,0,0,0
chr3:151576865,1,0,0,0,1,0,0,0,1,0,0,1,0
chr3:151581013,1,0,0,0,1,0,0,0,0,0,0,0,0
chr3:151585671,0,0,0,0,0,0,0,0,0,0,0,0,0
chr3:151616846,0,0,0,0,0,0,0,0,0,0,0,0,0
chr3:151628249,0,0,0,0,0,0,0,0,0,0,0,0,0
chr3:151636678,0,0,0,0,0,0,0,0,0,0,0,0,0
chr3:151649799,0,0,0,0,0,0,0,0,0,0,0,0,0
chr3:151653761,0,0,0,0,0,0,0,0,0,0,0,0,0
chr3:151655375,0,0,0,0,0,0,0,0,0,0,0,0,0
chr3:151665071,0,0,0,0,0,0,0,0,0,0,0,0,0
chr3:151677772,0,0,0,0,0,0,0,0,0,0,0,0,0
chr3:151678825,0,0,0,0,0,0,0,0,0,0,0,0,0
chr3:151690851,0,0,0,0,0,0,0,0,0,0,0,0,0
chr3:151692557,0,0,0,0,0,0,0,0,0,0,0,0,0
chr3:151701274,0,0,0,0,0,0,0,0,0,0,0,0,0
chr3:151704277,0,0,0,0,0,0,0,0,0,0,0,0,0
chr3:151707987,0,0,0,0,0,0,0,0,0,0,0,0,0
chr3:151713003,0,0,0,0,0,0,0,0,0,0,0,0,0
chr3:151735359,0,0,0,0,0,0,0,0,0,0,0,0,0
chr3:151738774,0,0,0,0,0,0,0,0,0,0,0,0,0
chr3:151743525,0,0,0,0,0,0,0,0,0,0,0,0,0
chr3:151746935,0,0,0,0,0,0,0,0,0,0,0,0,0
chr3:151755905,0,0,0,0,0,0,0,0,0,0,0,0,0
chr3:151805376,0,0,0,0,0,0,0,0,0,0,0,0,0
chr3:151826613,0,0,0,0,0,0,0,0,0,0,0,0,0
chr3:151838522,0,0,0,0,0,0,0,0,0,0,0,0,0
chr3:151841850,0,0,0,0,0,0,0,0,0,0,0,0,0
chr3:151843057,0,0,0,0,0,0,0,0,0,0,0,0,0
chr3:151907240,0,0,0,0,0,0,0,0,0,0,0,0,0
chr3:151978494,0,0,0,0,0,0,0,0,0,0,0,0,0
chr3:151995010,0,0,0,0,0,0,0,0,0,0,0,0,0
chr3:152010915,0,0,0,0,0,0,0,0,0,0,0,0,0
chr3:152036595,0,0,0,0,0,0,0,0,0,0,0,0,0
chr3:152045067,0,0,0,0,0,0,0,0,0,0,0,0,0
chr3:152066875,0,0,0,0,0,0,0,0,0,0,0,0,0
chr3:152115703,0,0,0,0,0,0,0,0,0,0,0,0,0
chr3:152130311,0,0,0,0,0,0,0,0,0,0,0,0,0
chr3:152132385,0,0,0,0,0,0,0,0,0,0,0,0,0
chr3:152143174,0,0,0,0,0,0,0,0,0,0,0,0,0
chr3:152172726,0,0,0,0,0,0,0,0,0,0,0,0,0
chr3:152174366,0,0,0,0,0,0,0,0,0,0,0,0,0
chr3:152234179,0,0,0,0,0,0,0,0,0,0,0,0,0
chr3:152234416,0,0,0,0,0,0,0,0,0,0,0,0,0
chr3:152237702,1,0,0,0,1,0,0,0,0,0,0,0,0
chr3:152242445,1,0,0,0,1,0,0,0,1,1,0,0,0
chr3:152428371,0,0,0,0,0,0,0,0,0,0,0,0,0
chr3:152433511,0,0,0,0,0,0,0,0,0,0,0,0,0
chr3:152438304,1,0,0,0,1,0,0,0,0,0,0,0,0
chr3:152444612,1,0,0,0,1,0,0,0,0,0,0,0,0
chr3:152451819,0,0,0,0,0,0,0,0,0,0,0,0,0
chr3:152614363,0,0,0,0,0,0,0,0,0,0,0,0,0
chr3:152616747,1,0,0,0,1,0,0,0,1,1,0,0,0
chr3:152622643,0,0,0,0,0,0,0,0,0,0,0,0,0
chr3:152646056,0,0,0,0,0,0,0,0,0,0,0,0,0
chr3:152655701,0,0,0,0,0,0,0,0,0,0,0,0,0
chr3:152711737,1,0,0,0,1,0,0,0,0,0,0,0,0
chr3:152718115,0,0,0,0,0,0,0,0,0,0,0,0,0
chr3:153006118,0,0,0,0,0,0,0,0,0,0,0,0,0
chr3:153008316,0,0,0,0,0,0,0,0,0,0,0,0,0
chr3:153014231,0,0,0,0,0,0,0,0,0,0,0,0,0
chr3:153016870,0,0,0,0,0,0,0,0,0,0,0,0,0
chr3:153029591,1,0,0,0,1,0,0,0,0,0,0,0,0
chr3:153103880,0,0,0,0,0,0,0,0,0,0,0,0,0
chr3:153105937,1,0,0,0,1,0,0,0,0,0,0,0,0
chr3:153252920,0,0,0,0,0,0,0,0,0,0,0,0,0
chr3:153338721,0,0,0,0,0,0,0,0,0,0,0,0,0
chr3:153339609,0,0,0,0,0,0,0,0,0,0,0,0,0
chr3:153348574,0,0,0,0,0,0,0,0,0,0,0,0,0
chr3:153382602,1,0,0,0,1,0,0,0,1,1,0,0,0
chr3:153388829,0,0,0,0,0,0,0,0,0,0,0,0,0
chr3:153395390,0,0,0,0,0,0,0,0,0,0,0,0,0
chr3:153400463,0,0,0,0,0,0,0,0,0,0,0,0,0
chr3:153423676,0,0,0,0,0,0,0,0,0,0,0,0,0
chr3:153465757,0,0,0,0,0,0,0,0,0,0,0,0,0
chr3:153504946,0,0,0,0,0,0,0,0,0,0,0,0,0
chr3:153505445,0,0,0,0,0,0,0,0,0,0,0,0,0
chr3:153560620,0,0,0,0,0,0,0,0,0,0,0,0,0
chr3:153706867,0,0,0,0,0,0,0,0,0,0,0,0,0
chr3:153710947,0,0,0,0,0,0,0,0,0,0,0,0,0
chr3:153749533,0,0,0,0,0,0,0,0,0,0,0,0,0
chr3:153761720,0,0,0,0,0,0,0,0,0,0,0,0,0
chr3:153778588,0,0,0,0,0,0,0,0,0,0,0,0,0
chr3:153782973,0,0,0,0,0,0,0,0,0,0,0,0,0
chr3:153787648,0,0,0,0,0,0,0,0,0,0,0,0,0
chr3:153851263,0,0,0,0,0,0,0,0,0,0,0,0,0
chr3:153885063,0,0,0,0,0,0,0,0,0,0,0,0,0
chr3:153919374,0,0,0,0,0,0,0,0,0,0,0,0,0
chr3:153973292,0,0,0,0,0,0,0,0,0,0,0,0,0
chr3:154018946,0,0,0,0,0,0,0,0,0,0,0,0,0
chr3:154128159,0,0,0,0,0,0,0,0,0,0,0,0,0
chr3:154434459,0,0,0,0,0,0,0,0,0,0,0,0,0
chr3:154461368,0,0,0,0,0,0,0,0,0,0,0,0,0
chr3:154473804,0,0,0,0,0,0,0,0,0,0,0,0,0
chr3:154485691,0,0,0,0,0,0,0,0,0,0,0,0,0
chr3:154491566,0,0,0,0,0,0,0,0,0,0,0,0,0
chr3:154493604,0,0,0,0,0,0,0,0,0,0,0,0,0
chr3:154495590,0,0,0,0,0,0,0,0,0,0,0,0,0
chr3:154506663,0,0,0,0,0,0,0,0,0,0,0,0,0
chr3:154563497,0,0,0,0,0,0,0,0,0,0,0,0,0
chr3:154588307,0,0,0,0,0,0,0,0,0,0,0,0,0
chr3:154588835,0,0,0,0,0,0,0,0,0,0,0,0,0
chr3:154651172,0,0,0,0,0,0,0,0,0,0,0,0,0
chr3:154704974,0,0,0,0,0,0,0,0,0,0,0,0,0
chr3:154732064,0,0,0,0,0,0,0,0,0,0,0,0,0
chr3:154742616,0,0,0,0,0,0,0,0,0,0,0,0,0
chr3:154749000,0,0,0,0,0,0,0,0,0,0,0,0,0
chr3:154762401,0,0,0,0,0,0,0,0,0,0,0,0,0
chr3:155187353,0,0,0,0,0,0,0,0,0,0,0,0,0
chr3:155230163,0,0,0,0,0,0,0,0,0,0,0,0,0
chr3:155273373,1,0,0,0,1,0,0,0,1,1,0,0,0
chr3:155274683,1,0,0,0,1,0,0,0,1,0,0,1,0
chr3:155334213,0,0,0,0,0,0,0,0,0,0,0,0,0
chr3:155344558,1,0,0,0,1,0,0,0,0,0,0,0,0
chr3:155469416,0,0,0,0,0,0,0,0,0,0,0,0,0
chr3:155495113,1,0,0,0,1,0,0,0,1,0,1,1,0
chr3:155499088,1,0,0,0,1,0,0,0,0,0,0,0,0
chr3:155507195,1,0,0,0,1,0,0,0,0,0,0,0,0
chr3:155509621,1,0,0,0,1,0,0,0,0,0,0,0,0
chr3:155511343,0,0,0,0,0,0,0,0,0,0,0,0,0
chr3:155513402,0,0,0,0,0,0,0,0,0,0,0,0,0
chr3:155520070,0,0,0,0,0,0,0,0,0,0,0,0,0
chr3:155658384,0,0,0,0,0,0,0,0,0,0,0,0,0
chr3:155687117,0,0,0,0,0,0,0,0,0,0,0,0,0
chr3:155852940,0,0,0,0,0,0,0,0,0,0,0,0,0
chr3:156002115,0,0,0,0,0,0,0,0,0,0,0,0,0
chr3:156127507,0,0,0,0,0,0,0,0,0,0,0,0,0
chr3:156156144,0,0,0,0,0,0,0,0,0,0,0,0,0
chr3:156230558,0,0,0,0,0,0,0,0,0,0,0,0,0
chr3:156350230,0,0,0,0,0,0,0,0,0,0,0,0,0
chr3:156416743,0,0,0,0,0,0,0,0,0,0,0,0,0
chr3:156418565,1,0,0,0,1,0,0,0,0,0,0,0,0
chr3:156524664,0,0,0,0,0,0,0,0,0,0,0,0,0
chr3:156557314,0,0,0,0,0,0,0,0,0,0,0,0,0
chr3:156573263,0,0,0,0,0,0,0,0,0,0,0,0,0
chr3:156605917,0,0,0,0,0,0,0,0,0,0,0,0,0
chr3:156662254,0,0,0,0,0,0,0,0,0,0,0,0,0
chr3:156664466,0,0,0,0,0,0,0,0,0,0,0,0,0
chr3:156664630,0,0,0,0,0,0,0,0,0,0,0,0,0
chr3:156676060,0,0,0,0,0,0,0,0,0,0,0,0,0
chr3:156775506,0,0,0,0,0,0,0,0,0,0,0,0,0
chr3:156802213,1,0,0,0,1,0,0,0,1,1,0,0,0
chr3:156802392,1,0,0,0,1,0,0,0,0,0,0,0,0
chr3:156802604,1,0,0,0,1,0,0,0,0,0,0,0,0
chr3:156811697,0,0,0,0,0,0,0,0,0,0,0,0,0
chr3:156822700,0,0,0,0,0,0,0,0,0,0,0,0,0
chr3:156824248,0,0,0,0,0,0,0,0,0,0,0,0,0
chr3:156827955,0,0,0,0,0,0,0,0,0,0,0,0,0
chr3:156829867,0,0,0,0,0,0,0,0,0,0,0,0,0
chr3:156861385,0,0,0,0,0,0,0,0,0,0,0,0,0
chr3:156894299,1,0,0,0,1,0,0,0,1,1,0,0,0
chr3:157022986,0,0,0,0,0,0,0,0,0,0,0,0,0
chr3:157025559,0,0,0,0,0,0,0,0,0,0,0,0,0
chr3:157060581,0,0,0,0,0,0,0,0,0,0,0,0,0
chr3:157078111,0,0,0,0,0,0,0,0,0,0,0,0,0
chr3:157078336,0,0,0,0,0,0,0,0,0,0,0,0,0
chr3:157079873,0,0,0,0,0,0,0,0,0,0,0,0,0
chr3:157115700,0,0,0,0,0,0,0,0,0,0,0,0,0
chr3:157116221,0,0,0,0,0,0,0,0,0,0,0,0,0
chr3:157125041,1,0,0,0,1,0,0,0,0,0,0,0,0
chr3:157127837,0,0,0,0,0,0,0,0,0,0,0,0,0
chr3:157132563,0,0,0,0,0,0,0,0,0,0,0,0,0
chr3:157137167,0,0,0,0,0,0,0,0,0,0,0,0,0
chr3:157158980,0,0,0,0,0,0,0,0,0,0,0,0,0
chr3:157174373,1,0,0,0,1,0,0,0,1,1,0,0,0
chr3:157316340,1,0,0,0,1,0,0,0,1,1,0,0,0
chr3:157317419,0,0,0,0,0,0,0,0,0,0,0,0,0
chr3:157342910,0,0,0,0,0,0,0,0,0,0,0,0,0
chr3:157343172,0,0,0,0,0,0,0,0,0,0,0,0,0
chr3:157344554,0,0,0,0,0,0,0,0,0,0,0,0,0
chr3:157369140,0,0,0,0,0,0,0,0,0,0,0,0,0
chr3:157369169,0,0,0,0,0,0,0,0,0,0,0,0,0
chr3:157436745,0,0,0,0,0,0,0,0,0,0,0,0,0
chr3:157441761,1,0,0,0,1,0,0,0,1,0,0,1,0
chr3:157441933,1,0,0,0,1,0,0,0,1,0,0,1,0
chr3:157555750,0,0,0,0,0,0,0,0,0,0,0,0,0
chr3:157562404,1,0,0,0,1,0,0,0,1,0,1,0,0
chr3:157655916,0,0,0,0,0,0,0,0,0,0,0,0,0
chr3:157658002,0,0,0,0,0,0,0,0,0,0,0,0,0
chr3:157658466,0,0,0,0,0,0,0,0,0,0,0,0,0
chr3:157658509,0,0,0,0,0,0,0,0,0,0,0,0,0
chr3:157659472,1,0,0,0,1,0,0,0,1,1,0,0,0
chr3:157663738,1,0,0,0,1,0,0,0,1,0,1,0,0
chr3:157817281,0,0,0,0,0,0,0,0,0,0,0,0,0
chr3:157859105,0,0,0,0,0,0,0,0,0,0,0,0,0
chr3:157859894,0,0,0,0,0,0,0,0,0,0,0,0,0
chr3:157877074,0,0,0,0,0,0,0,0,0,0,0,0,0
chr3:157897823,0,0,0,0,0,0,0,0,0,0,0,0,0
chr3:157897978,0,0,0,0,0,0,0,0,0,0,0,0,0
chr3:157898143,0,0,0,0,0,0,0,0,0,0,0,0,0
chr3:157908185,0,0,0,0,0,0,0,0,0,0,0,0,0
chr3:157973487,0,0,0,0,0,0,0,0,0,0,0,0,0
chr3:157977408,1,0,0,0,1,0,0,0,0,0,0,0,0
chr3:157980039,0,0,0,0,0,0,0,0,0,0,0,0,0
chr3:158016416,0,0,0,0,0,0,0,0,0,0,0,0,0
chr3:158099623,1,0,0,0,1,0,0,0,0,0,0,0,0
chr3:158113156,0,0,0,0,0,0,0,0,0,0,0,0,0
chr3:158155094,0,0,0,0,0,0,0,0,0,0,0,0,0
chr3:158155187,0,0,0,0,0,0,0,0,0,0,0,0,0
chr3:158267147,0,0,0,0,0,0,0,0,0,0,0,0,0
chr3:158269261,1,0,0,0,1,0,0,0,0,0,0,0,0
chr3:158273057,0,0,0,0,0,0,0,0,0,0,0,0,0
chr3:158288005,0,0,0,0,0,0,0,0,0,0,0,0,0
chr3:158315784,0,0,0,0,0,0,0,0,0,0,0,0,0
chr3:158346394,0,0,0,0,0,0,0,0,0,0,0,0,0
chr3:158373132,0,0,0,0,0,0,0,0,0,0,0,0,0
chr3:158383794,0,0,0,0,0,0,0,0,0,0,0,0,0
chr3:158432703,1,0,0,0,1,0,0,0,1,1,0,0,0
chr3:158448526,0,0,0,0,0,0,0,0,0,0,0,0,0
chr3:158450206,0,0,0,0,0,0,0,0,0,0,0,0,0
chr3:158558237,1,0,0,0,1,0,0,0,1,1,0,0,0
chr3:158986449,1,0,0,0,1,0,0,0,0,0,0,0,0
chr3:159153456,1,0,0,0,1,0,0,0,1,1,0,0,0
chr3:159165018,0,0,0,0,0,0,0,0,0,0,0,0,0
chr3:159165184,0,0,0,0,0,0,0,0,0,0,0,0,0
chr3:159168587,0,0,0,0,0,0,0,0,0,0,0,0,0
chr3:159169797,0,0,0,0,0,0,0,0,0,0,0,0,0
chr3:159169936,0,0,0,0,0,0,0,0,0,0,0,0,0
chr3:159213791,1,0,0,0,1,0,0,0,0,0,0,0,0
chr3:159214057,1,0,0,0,1,0,0,0,0,0,0,0,0
chr3:159219834,0,0,0,0,0,0,0,0,0,0,0,0,0
chr3:159307250,1,0,0,0,1,0,0,0,0,0,0,0,0
chr3:159308976,1,0,0,0,1,0,0,0,0,0,0,0,0
chr3:159312208,1,0,0,0,1,0,0,0,0,0,0,0,0
chr3:159323143,1,0,0,0,1,0,0,0,1,0,1,1,0
chr3:159627984,0,0,0,0,0,0,0,0,0,0,0,0,0
chr3:159925947,1,0,0,0,1,0,0,0,1,0,1,1,0
chr3:159928257,1,0,0,0,1,0,0,0,1,0,0,1,0
chr3:159929467,1,0,0,0,1,0,0,0,0,0,0,0,0
chr3:160012068,0,0,0,0,0,0,0,0,0,0,0,0,0
chr3:160029044,1,0,0,0,1,0,0,0,1,1,0,0,0
chr3:160131221,1,0,0,0,1,0,0,0,0,0,0,0,0
chr3:160131505,1,0,0,0,1,0,0,0,0,0,0,0,0
chr3:160133934,0,0,0,0,0,0,0,0,0,0,0,0,0
chr3:160171234,0,0,0,0,0,0,0,0,0,0,0,0,0
chr3:160181712,0,0,0,0,0,0,0,0,0,0,0,0,0
chr3:160269352,0,0,0,0,0,0,0,0,0,0,0,0,0
chr3:160269566,0,0,0,0,0,0,0,0,0,0,0,0,0
chr3:160270822,1,0,0,0,1,0,0,0,0,0,0,0,0
chr3:160271323,1,0,0,0,1,0,0,0,0,0,0,0,0
chr3:160271569,1,0,0,0,1,0,0,0,0,0,0,0,0
chr3:160271835,1,0,0,0,1,0,0,0,0,0,0,0,0
chr3:160272225,1,0,0,0,1,0,0,0,1,1,0,0,0
chr3:160273250,0,0,0,0,0,0,0,0,0,0,0,0,0
chr3:160273323,0,0,0,0,0,0,0,0,0,0,0,0,0
chr3:160274546,0,0,0,0,0,0,0,0,0,0,0,0,0
chr3:160274598,0,0,0,0,0,0,0,0,0,0,0,0,0
chr3:160276812,0,0,0,0,0,0,0,0,0,0,0,0,0
chr3:160277208,1,0,0,0,1,0,0,0,1,1,0,0,0
chr3:160277345,1,0,0,0,1,0,0,0,0,0,0,0,0
chr3:160488641,0,0,0,0,0,0,0,0,0,0,0,0,0
chr3:160593080,0,0,0,0,0,0,0,0,0,0,0,0,0
chr3:160626779,0,0,0,0,0,0,0,0,0,0,0,0,0
chr3:160665383,0,0,0,0,0,0,0,0,0,0,0,0,0
chr3:160730294,0,0,0,0,0,0,0,0,0,0,0,0,0
chr3:160798471,0,0,0,0,0,0,0,0,0,0,0,0,0
chr3:160811587,0,0,0,0,0,0,0,0,0,0,0,0,0
chr3:160823383,0,0,0,0,0,0,0,0,0,0,0,0,0
chr3:160850170,0,0,0,0,0,0,0,0,0,0,0,0,0
chr3:161001167,0,0,0,0,0,0,0,0,0,0,0,0,0
chr3:161007647,1,0,0,0,1,0,0,0,0,0,0,0,0
chr3:161094535,0,0,0,0,0,0,0,0,0,0,0,0,0
chr3:161250773,0,0,0,0,0,0,0,0,0,0,0,0,0
chr3:161293534,0,0,0,0,0,0,0,0,0,0,0,0,0
chr3:161343460,1,0,0,0,1,0,0,0,0,0,0,0,0
chr3:161343647,1,0,0,0,1,0,0,0,1,1,0,0,0
chr3:163559053,0,0,0,0,0,0,0,0,0,0,0,0,0
chr3:164546823,0,0,0,0,0,0,0,0,0,0,0,0,0
chr3:164609278,0,0,0,0,0,0,0,0,0,0,0,0,0
chr3:164788533,0,0,0,0,0,0,0,0,0,0,0,0,0
chr3:164890632,0,0,0,0,0,0,0,0,0,0,0,0,0
chr3:164909129,0,0,0,0,0,0,0,0,0,0,0,0,0
chr3:164957079,0,0,0,0,0,0,0,0,0,0,0,0,0
chr3:165004717,0,0,0,0,0,0,0,0,0,0,0,0,0
chr3:165671580,0,0,0,0,0,0,0,0,0,0,0,0,0
chr3:165960755,0,0,0,0,0,0,0,0,0,0,0,0,0
chr3:167226154,1,0,0,0,1,0,0,0,0,0,0,0,0
chr3:167424176,0,0,0,0,0,0,0,0,0,0,0,0,0
chr3:167536941,1,0,0,0,1,0,0,0,0,0,0,0,0
chr3:167616399,1,0,0,0,1,0,0,0,0,0,0,0,0
chr3:167840448,0,0,0,0,0,0,0,0,0,0,0,0,0
chr3:168002613,0,0,0,0,0,0,0,0,0,0,0,0,0
chr3:168770571,0,0,0,0,0,0,0,0,0,0,0,0,0
chr3:169136339,0,0,0,0,0,0,0,0,0,0,0,0,0
chr3:169305548,1,0,0,0,1,0,0,0,1,1,0,0,0
chr3:169309991,1,0,0,0,1,0,0,0,0,0,0,0,0
chr3:169310044,1,0,0,0,1,0,0,0,0,0,0,0,0
chr3:169321952,0,0,0,0,0,0,0,0,0,0,0,0,0
chr3:170107707,1,0,0,0,1,0,0,0,1,0,1,0,0
chr3:170678301,0,0,0,0,0,0,0,0,0,0,0,0,0
chr3:170744065,0,0,0,0,0,0,0,0,0,0,0,0,0
chr3:171061494,0,0,0,0,0,0,0,0,0,0,0,0,0
chr3:171229745,0,0,0,0,0,0,0,0,0,0,0,0,0
chr3:171453912,1,0,0,0,1,0,0,0,0,0,0,0,0
chr3:171453927,1,0,0,0,1,0,0,0,0,0,0,0,0
chr3:171454364,1,0,0,0,1,0,0,0,1,1,0,0,0
chr3:171647279,0,0,0,0,0,0,0,0,0,0,0,0,0
chr3:174535767,0,0,0,0,0,0,0,0,0,0,0,0,0
chr3:174790019,1,0,0,0,1,0,0,0,1,1,0,0,0
chr3:176767343,0,0,0,0,0,0,0,0,0,0,0,0,0
chr3:178106114,0,0,0,0,0,0,0,0,0,0,0,0,0
chr3:178254806,1,0,0,0,1,0,0,0,1,1,0,0,0
chr3:178859071,1,0,0,0,1,0,0,0,1,0,1,1,0
chr3:180158410,0,0,0,0,0,0,0,0,0,0,0,0,0
chr3:180586439,0,0,0,0,0,0,0,0,0,0,0,0,0
chr3:181142202,1,0,0,0,1,0,0,0,0,0,0,0,0
chr3:181233505,0,0,0,0,0,0,0,0,0,0,0,0,0
chr3:181431442,0,0,0,0,0,0,0,0,0,0,0,0,0
chr3:181432336,0,0,0,0,0,0,0,0,0,0,0,0,0
chr3:181500001,0,0,0,0,0,0,0,0,0,0,0,0,0
chr3:181500457,0,0,0,0,0,0,0,0,0,0,0,0,0
chr3:181531596,0,0,0,0,0,0,0,0,0,0,0,0,0
chr3:181533100,0,0,0,0,0,0,0,0,0,0,0,0,0
chr3:182110590,0,0,0,0,0,0,0,0,0,0,0,0,0
chr3:182225711,1,0,0,0,1,0,0,0,1,1,1,0,0
chr3:182592170,0,0,0,0,0,0,0,0,0,0,0,0,0
chr3:182673414,0,0,0,0,0,0,0,0,0,0,0,0,0
chr3:182679910,0,0,0,0,0,0,0,0,0,0,0,0,0
chr3:182679964,0,0,0,0,0,0,0,0,0,0,0,0,0
chr3:182845574,0,0,0,0,0,0,0,0,0,0,0,0,0
chr3:182851749,1,0,0,0,1,0,0,0,1,0,1,0,0
chr3:183085310,0,0,0,0,0,0,0,0,0,0,0,0,0
chr3:183183151,0,0,0,0,0,0,0,0,0,0,0,0,0
chr3:183231287,0,0,0,0,0,0,0,0,0,0,0,0,0
chr3:183398409,0,0,0,0,0,0,0,0,0,0,0,0,0
chr3:183493776,0,0,0,0,0,0,0,0,0,0,0,0,0
chr3:183975963,0,0,0,0,0,0,0,0,0,0,0,0,0
chr3:183979624,0,0,0,0,0,0,0,0,0,0,0,0,0
chr3:183982612,0,0,0,0,0,0,0,0,0,0,0,0,0
chr3:183992092,0,0,0,0,0,0,0,0,0,0,0,0,0
chr3:184255603,0,0,0,0,0,0,0,0,0,0,0,0,0
chr3:184462288,0,0,0,0,0,0,0,0,0,0,0,0,0
chr3:184640132,0,0,0,0,0,0,0,0,0,0,0,0,0
chr3:184719382,0,0,0,0,0,0,0,0,0,0,0,0,0
chr3:184737012,0,0,0,0,0,0,0,0,0,0,0,0,0
chr3:184738338,0,0,0,0,0,0,0,0,0,0,0,0,0
chr3:184765782,0,0,0,0,0,0,0,0,0,0,0,0,0
chr3:186065365,0,0,0,0,0,0,0,0,0,0,0,0,0
chr3:187096141,1,0,0,0,1,0,0,0,1,1,0,0,0
chr3:187214976,0,0,0,0,0,0,0,0,0,0,0,0,0
chr3:188676535,0,0,0,0,0,0,0,0,0,0,0,0,0
chr3:189004307,1,0,0,0,1,0,0,0,0,0,0,0,0
chr3:189128692,0,0,0,0,0,0,0,0,0,0,0,0,0
chr3:189129192,0,0,0,0,0,0,0,0,0,0,0,0,0
chr3:189129344,0,0,0,0,0,0,0,0,0,0,0,0,0
chr3:189136594,1,0,0,0,1,0,0,0,0,0,0,0,0
chr3:189140319,0,0,0,0,0,0,0,0,0,0,0,0,0
chr3:189624074,0,0,0,0,0,0,0,0,0,0,0,0,0
chr3:189981558,0,0,0,0,0,0,0,0,0,0,0,0,0
chr3:191530247,0,0,0,0,0,0,0,0,0,0,0,0,0
chr3:191971689,0,0,0,0,0,0,0,0,0,0,0,0,0
chr3:196326178,0,0,0,0,0,0,0,0,0,0,0,0,0
chr3:196326212,0,0,0,0,0,0,0,0,0,0,0,0,0
chr3:196361614,0,0,0,0,0,0,0,0,0,0,0,0,0
chr3:196404610,0,0,0,0,0,0,0,0,0,0,0,0,0
chr3:196419549,0,0,0,0,0,0,0,0,0,0,0,0,0
chr3:196441019,1,0,0,0,1,0,0,0,0,0,0,0,0
chr3:196442835,1,0,0,0,1,0,0,0,1,0,0,1,0
chr3:196446654,1,0,0,0,1,0,0,0,1,0,1,0,0
chr3:196447318,0,0,0,0,0,0,0,0,0,0,0,0,0
chr3:196447320,0,0,0,0,0,0,0,0,0,0,0,0,0
chr3:196448316,0,0,0,0,0,0,0,0,0,0,0,0,0
chr3:196471819,0,0,0,0,0,0,0,0,0,0,0,0,0
chr3:196476366,0,0,0,0,0,0,0,0,0,0,0,0,0
chr3:196513471,0,0,0,0,0,0,0,0,0,0,0,0,0
chr3:196513631,0,0,0,0,0,0,0,0,0,0,0,0,0
chr3:196516513,1,0,0,0,1,0,0,0,1,1,0,0,0
chr3:196532097,0,0,0,0,0,0,0,0,0,0,0,0,0
chr3:196535739,0,0,0,0,0,0,0,0,0,0,0,0,0
chr3:196536433,0,0,0,0,0,0,0,0,0,0,0,0,0
chr3:197023468,0,0,0,0,0,0,0,0,0,0,0,0,0
chr3:197023470,0,0,0,0,0,0,0,0,0,0,0,0,0
chr3:197023536,0,0,0,0,0,0,0,0,0,0,0,0,0
chr3:197226927,0,0,0,0,0,0,0,0,0,0,0,0,0
chr3:197233991,0,0,0,0,0,0,0,0,0,0,0,0,0
chr3:198483060,0,0,0,0,0,0,0,0,0,0,0,0,0
chr3:198641587,0,0,0,0,0,0,0,0,0,0,0,0,0
chr3:198717328,0,0,0,0,0,0,0,0,0,0,0,0,0
chr3:199795758,0,0,0,0,0,0,0,0,0,0,0,0,0
chr3:199796262,0,0,0,0,0,0,0,0,0,0,0,0,0
chr3:200850338,0,0,0,0,0,0,0,0,0,0,0,0,0
chr3:203127867,0,0,0,0,0,0,0,0,0,0,0,0,0
chr3:203555951,0,0,0,0,0,0,0,0,0,0,0,0,0
chr3:204509253,0,0,0,0,0,0,0,0,0,0,0,0,0
chr3:204843038,0,0,0,0,0,0,0,0,0,0,0,0,0
chr3:204843040,0,0,0,0,0,0,0,0,0,0,0,0,0
chr3:204843187,0,0,0,0,0,0,0,0,0,0,0,0,0
chr3:204843369,0,0,0,0,0,0,0,0,0,0,0,0,0
chr3:204844286,0,0,0,0,0,0,0,0,0,0,0,0,0
chr3:204847054,1,0,0,0,1,0,0,0,0,0,0,0,0
chr3:206458915,0,0,0,0,0,0,0,0,0,0,0,0,0
chr3:206537430,0,0,0,0,0,0,0,0,0,0,0,0,0
chr3:207965405,0,0,0,0,0,0,0,0,0,0,0,0,0
chr3:208587135,0,0,0,0,0,0,0,0,0,0,0,0,0
chr3:208597112,0,0,0,0,0,0,0,0,0,0,0,0,0
chr3:208677239,0,0,0,0,0,0,0,0,0,0,0,0,0
chr3:208677302,0,0,0,0,0,0,0,0,0,0,0,0,0
chr3:208801579,1,0,0,0,1,0,0,0,1,1,0,0,0
chr3:209117342,0,0,0,0,0,0,0,0,0,0,0,0,0
chr3:209268606,0,0,0,0,0,0,0,0,0,0,0,0,0
chr3:209270360,0,0,0,0,0,0,0,0,0,0,0,0,0
chr3:209271954,0,0,0,0,0,0,0,0,0,0,0,0,0
chr3:210849399,0,0,0,0,0,0,0,0,0,0,0,0,0
chr3:211059562,0,0,0,0,0,0,0,0,0,0,0,0,0
chr3:211965984,0,0,0,0,0,0,0,0,0,0,0,0,0
chr3:212668773,0,0,0,0,0,0,0,0,0,0,0,0,0
chr3:212669306,0,0,0,0,0,0,0,0,0,0,0,0,0
chr3:212687919,0,0,0,0,0,0,0,0,0,0,0,0,0
chr3:214373783,0,0,0,0,0,0,0,0,0,0,0,0,0
chr3:214377981,1,0,0,0,1,0,0,0,1,0,1,0,0
chr3:214377992,1,0,0,0,1,0,0,0,1,0,1,0,0
chr3:214474739,1,0,0,0,1,0,0,0,1,1,1,0,0
chr3:214482480,0,0,0,0,0,0,0,0,0,0,0,0,0
chr3:214543613,0,0,0,0,0,0,0,0,0,0,0,0,0
chr3:215255420,0,0,0,0,0,0,0,0,0,0,0,0,0
chr3:216078992,0,0,0,0,0,0,0,0,0,0,0,0,0
chr3:217267156,0,0,0,0,0,0,0,0,0,0,0,0,0
chr3:217267179,0,0,0,0,0,0,0,0,0,0,0,0,0
chr3:217267204,0,0,0,0,0,0,0,0,0,0,0,0,0
chr3:217267645,1,0,0,0,1,0,0,0,1,1,0,0,0
chr3:217268023,1,0,0,0,1,0,0,0,1,1,0,0,0
chr3:217268025,1,0,0,0,1,0,0,0,1,1,0,0,0
chr3:217624665,0,0,0,0,0,0,0,0,0,0,0,0,0
chr3:218254450,0,0,0,0,0,0,0,0,0,0,0,0,0
chr3:220560026,0,0,0,0,0,0,0,0,0,0,0,0,0
chr3:220600317,0,0,0,0,0,0,0,0,0,0,0,0,0
chr3:220820654,0,0,0,0,0,0,0,0,0,0,0,0,0
chr3:221368024,0,0,0,0,0,0,0,0,0,0,0,0,0
chr3:224049699,0,0,0,0,0,0,0,0,0,0,0,0,0
chr3:224125704,0,0,0,0,0,0,0,0,0,0,0,0,0
chr3:224361378,0,0,0,0,0,0,0,0,0,0,0,0,0
chr3:224361387,0,0,0,0,0,0,0,0,0,0,0,0,0
chr3:226327305,0,0,0,0,0,0,0,0,0,0,0,0,0
chr3:226327699,0,0,0,0,0,0,0,0,0,0,0,0,0
chr3:226327779,0,0,0,0,0,0,0,0,0,0,0,0,0
chr3:226327893,0,0,0,0,0,0,0,0,0,0,0,0,0
chr3:226327942,0,0,0,0,0,0,0,0,0,0,0,0,0
chr3:226328017,0,0,0,0,0,0,0,0,0,0,0,0,0
chr3:226412874,1,0,0,0,1,0,0,0,1,1,0,0,0
chr3:226535932,0,0,0,0,0,0,0,0,0,0,0,0,0
chr3:226575260,1,0,0,0,1,0,0,0,1,1,0,0,0
chr3:226575464,1,0,0,0,1,0,0,0,0,0,0,0,0
chr3:227563034,0,0,0,0,0,0,0,0,0,0,0,0,0
chr3:227596534,0,0,0,0,0,0,0,0,0,0,0,0,0
chr3:228712551,0,0,0,0,0,0,0,0,0,0,0,0,0
chr3:230400580,0,0,0,0,0,0,0,0,0,0,0,0,0
chr3:232014054,0,0,0,0,0,0,0,0,0,0,0,0,0
chr3:232014413,0,0,0,0,0,0,0,0,0,0,0,0,0
chr3:232016438,0,0,0,0,0,0,0,0,0,0,0,0,0
chr3:232017506,0,0,0,0,0,0,0,0,0,0,0,0,0
chr3:232017871,0,0,0,0,0,0,0,0,0,0,0,0,0
chr3:232019459,0,0,0,0,0,0,0,0,0,0,0,0,0
chr3:232026417,0,0,0,0,0,0,0,0,0,0,0,0,0
chr3:232027661,0,0,0,0,0,0,0,0,0,0,0,0,0
chr3:232096786,1,0,0,0,1,0,0,0,0,0,0,0,0
chr3:232100355,1,0,0,0,1,0,0,0,0,0,0,0,0
chr3:232100718,1,0,0,0,1,0,0,0,0,0,0,0,0
chr3:232108942,1,0,0,0,1,0,0,0,0,0,0,0,0
chr3:232113138,1,0,0,0,1,0,0,0,0,0,0,0,0
chr3:232151120,0,0,0,0,0,0,0,0,0,0,0,0,0
chr3:232192179,0,0,0,0,0,0,0,0,0,0,0,0,0
chr3:232197639,0,0,0,0,0,0,0,0,0,0,0,0,0
chr3:232253798,0,0,0,0,0,0,0,0,0,0,0,0,0
chr3:232270335,0,0,0,0,0,0,0,0,0,0,0,0,0
chr3:232282281,0,0,0,0,0,0,0,0,0,0,0,0,0
chr3:232283229,0,0,0,0,0,0,0,0,0,0,0,0,0
chr3:232293884,1,0,0,0,1,0,0,0,0,0,0,0,0
chr3:232544623,1,0,0,0,1,0,0,0,0,0,0,0,0
chr3:232899130,0,0,0,0,0,0,0,0,0,0,0,0,0
chr3:234126601,1,0,0,0,1,0,0,0,1,1,0,0,0
chr3:234819376,0,0,0,0,0,0,0,0,0,0,0,0,0
chr3:234819434,0,0,0,0,0,0,0,0,0,0,0,0,0
chr4:2520133,0,0,0,0,0,0,0,0,0,0,0,0,0
chr4:4162526,0,0,0,0,0,0,0,0,0,0,0,0,0
chr4:5406987,0,0,0,0,0,0,0,0,0,0,0,0,0
chr4:5532735,0,0,0,0,0,0,0,0,0,0,0,0,0
chr4:5543988,1,0,0,0,1,0,0,0,1,0,1,0,0
chr4:5742554,0,0,0,0,0,0,0,0,0,0,0,0,0
chr4:5742731,0,0,0,0,0,0,0,0,0,0,0,0,0
chr4:8106364,0,0,0,0,0,0,0,0,0,0,0,0,0
chr4:9097685,0,0,0,0,0,0,0,0,0,0,0,0,0
chr4:11817676,0,0,0,0,0,0,0,0,0,0,0,0,0
chr4:11817704,0,0,0,0,0,0,0,0,0,0,0,0,0
chr4:12079849,0,0,0,0,0,0,0,0,0,0,0,0,0
chr4:12581521,0,0,0,0,0,0,0,0,0,0,0,0,0
chr4:13040462,0,0,0,0,0,0,0,0,0,0,0,0,0
chr4:13636396,0,0,0,0,0,0,0,0,0,0,0,0,0
chr4:13689180,0,0,0,0,0,0,0,0,0,0,0,0,0
chr4:15140473,0,0,0,0,0,0,0,0,0,0,0,0,0
chr4:16551205,0,0,0,0,0,0,0,0,0,0,0,0,0
chr4:17604941,0,0,0,0,0,0,0,0,0,0,0,0,0
chr4:18288636,0,0,0,0,0,0,0,0,0,0,0,0,0
chr4:19027116,1,0,0,0,1,0,0,0,0,0,0,0,0
chr4:20553428,1,0,0,0,1,0,0,0,1,1,0,0,0
chr4:20553462,1,0,0,0,1,0,0,0,1,0,0,1,0
chr4:20554083,0,0,0,0,0,0,0,0,0,0,0,0,0
chr4:20554857,0,0,0,0,0,0,0,0,0,0,0,0,0
chr4:20555718,0,0,0,0,0,0,0,0,0,0,0,0,0
chr4:20559290,0,0,0,0,0,0,0,0,0,0,0,0,0
chr4:20572603,0,0,0,0,0,0,0,0,0,0,0,0,0
chr4:20574118,0,0,0,0,0,0,0,0,0,0,0,0,0
chr4:20576979,0,0,0,0,0,0,0,0,0,0,0,0,0
chr4:20577101,0,0,0,0,0,0,0,0,0,0,0,0,0
chr4:20577127,0,0,0,0,0,0,0,0,0,0,0,0,0
chr4:20577226,0,0,0,0,0,0,0,0,0,0,0,0,0
chr4:20577340,0,0,0,0,0,0,0,0,0,0,0,0,0
chr4:20577705,0,0,0,0,0,0,0,0,0,0,0,0,0
chr4:20580086,0,0,0,0,0,0,0,0,0,0,0,0,0
chr4:20581800,0,0,0,0,0,0,0,0,0,0,0,0,0
chr4:20582585,0,0,0,0,0,0,0,0,0,0,0,0,0
chr4:20582604,0,0,0,0,0,0,0,0,0,0,0,0,0
chr4:20584678,0,0,0,0,0,0,0,0,0,0,0,0,0
chr4:20588062,0,0,0,0,0,0,0,0,0,0,0,0,0
chr4:20588708,0,0,0,0,0,0,0,0,0,0,0,0,0
chr4:20590151,0,1,0,0,0,1,0,0,1,0,0,0,0
chr4:20590541,0,0,0,0,0,0,0,0,0,0,0,0,0
chr4:20598241,0,0,0,0,0,0,0,0,0,0,0,0,0
chr4:20599576,0,0,0,0,0,0,0,0,0,0,0,0,0
chr4:20599730,0,0,0,0,0,0,0,0,0,0,0,0,0
chr4:20684262,0,0,0,0,0,0,0,0,0,0,0,0,0
chr4:20783852,0,0,0,0,0,0,0,0,0,0,0,0,0
chr4:20835212,0,0,0,0,0,0,0,0,0,0,0,0,0
chr4:20864928,0,0,0,0,0,0,0,0,0,0,0,0,0
chr4:20890305,0,0,0,0,0,0,0,0,0,0,0,0,0
chr4:20957987,0,0,0,0,0,0,0,0,0,0,0,0,0
chr4:20987745,0,0,0,0,0,0,0,0,0,0,0,0,0
chr4:21026479,0,0,0,0,0,0,0,0,0,0,0,0,0
chr4:21044776,0,0,0,0,0,0,0,0,0,0,0,0,0
chr4:21062654,0,0,0,0,0,0,0,0,0,0,0,0,0
chr4:21063761,0,0,0,0,0,0,0,0,0,0,0,0,0
chr4:21063905,0,0,0,0,0,0,0,0,0,0,0,0,0
chr4:21063919,0,0,0,0,0,0,0,0,0,0,0,0,0
chr4:21064204,1,0,0,0,1,0,0,0,1,1,0,0,0
chr4:21064338,1,0,0,0,1,0,0,0,0,0,0,0,0
chr4:21198405,0,0,0,0,0,0,0,0,0,0,0,0,0
chr4:21923706,0,0,0,0,0,0,0,0,0,0,0,0,0
chr4:30605739,0,0,0,0,0,0,0,0,0,0,0,0,0
chr4:31668040,0,0,0,0,0,0,0,0,0,0,0,0,0
chr4:33025379,0,0,0,0,0,0,0,0,0,0,0,0,0
chr4:33125784,0,0,0,0,0,0,0,0,0,0,0,0,0
chr4:33187650,1,0,0,0,1,0,0,0,1,0,0,1,0
chr4:35805350,0,0,0,0,0,0,0,0,0,0,0,0,0
chr4:39347908,0,0,0,0,0,0,0,0,0,0,0,0,0
chr4:41282887,0,0,0,0,0,0,0,0,0,0,0,0,0
chr4:44198597,1,0,0,0,1,0,0,0,1,1,0,0,0
chr4:44317995,0,0,0,0,0,0,0,0,0,0,0,0,0
chr4:44704933,0,0,0,0,0,0,0,0,0,0,0,0,0
chr4:44793361,0,0,0,0,0,0,0,0,0,0,0,0,0
chr4:44835931,0,0,0,0,0,0,0,0,0,0,0,0,0
chr4:44885313,0,0,0,0,0,0,0,0,0,0,0,0,0
chr4:45808584,1,0,0,0,1,0,0,0,1,1,0,0,0
chr4:45923073,0,0,0,0,0,0,0,0,0,0,0,0,0
chr4:46245285,0,0,0,0,0,0,0,0,0,0,0,0,0
chr4:46299499,0,0,0,0,0,0,0,0,0,0,0,0,0
chr4:46299553,0,0,0,0,0,0,0,0,0,0,0,0,0
chr4:46370107,0,0,0,0,0,0,0,0,0,0,0,0,0
chr4:47037804,0,0,0,0,0,0,0,0,0,0,0,0,0
chr4:47460089,0,0,0,0,0,0,0,0,0,0,0,0,0
chr4:49294747,0,0,0,0,0,0,0,0,0,0,0,0,0
chr4:50469995,0,0,0,0,0,0,0,0,0,0,0,0,0
chr4:50574297,0,0,0,0,0,0,0,0,0,0,0,0,0
chr4:50578392,1,0,0,0,1,0,0,0,0,0,0,0,0
chr4:50580487,1,0,0,0,1,0,0,0,0,0,0,0,0
chr4:50584629,1,0,0,0,1,0,0,0,0,0,0,0,0
chr4:50585533,1,0,0,0,1,0,0,0,0,0,0,0,0
chr4:50688527,1,0,0,0,1,0,0,0,0,0,0,0,0
chr4:50690599,1,0,0,0,1,0,0,0,0,0,0,0,0
chr4:50692407,1,0,0,0,1,0,0,0,1,1,0,0,0
chr4:50700334,0,0,0,0,0,0,0,0,0,0,0,0,0
chr4:50702132,0,0,0,0,0,0,0,0,0,0,0,0,0
chr4:50702864,0,0,0,0,0,0,0,0,0,0,0,0,0
chr4:50703271,0,0,0,0,0,0,0,0,0,0,0,0,0
chr4:50703456,0,0,0,0,0,0,0,0,0,0,0,0,0
chr4:50744430,0,0,0,0,0,0,0,0,0,0,0,0,0
chr4:50756898,0,0,0,0,0,0,0,0,0,0,0,0,0
chr4:50767264,0,0,0,0,0,0,0,0,0,0,0,0,0
chr4:50768429,0,0,0,0,0,0,0,0,0,0,0,0,0
chr4:50769960,0,0,0,0,0,0,0,0,0,0,0,0,0
chr4:50772100,0,0,0,0,0,0,0,0,0,0,0,0,0
chr4:54197390,0,0,0,0,0,0,0,0,0,0,0,0,0
chr4:54420285,0,0,0,0,0,0,0,0,0,0,0,0,0
chr4:54441476,0,0,0,0,0,0,0,0,0,0,0,0,0
chr4:54527790,0,0,0,0,0,0,0,0,0,0,0,0,0
chr4:54556200,0,0,0,0,0,0,0,0,0,0,0,0,0
chr4:54646956,0,0,0,0,0,0,0,0,0,0,0,0,0
chr4:55027303,0,0,0,0,0,0,0,0,0,0,0,0,0
chr4:56105133,0,0,0,0,0,0,0,0,0,0,0,0,0
chr4:64232760,0,0,0,0,0,0,0,0,0,0,0,0,0
chr4:64572283,0,0,0,0,0,0,0,0,0,0,0,0,0
chr4:66040701,0,0,0,0,0,0,0,0,0,0,0,0,0
chr4:66474912,0,0,0,0,0,0,0,0,0,0,0,0,0
chr4:68348165,0,0,0,0,0,0,0,0,0,0,0,0,0
chr4:68404981,0,0,0,0,0,0,0,0,0,0,0,0,0
chr4:69313111,0,0,0,0,0,0,0,0,0,0,0,0,0
chr4:69313118,0,0,0,0,0,0,0,0,0,0,0,0,0
chr4:69354076,1,0,0,0,1,0,0,0,1,1,0,0,0
chr4:69362192,0,0,0,0,0,0,0,0,0,0,0,0,0
chr4:70245474,0,0,0,0,0,0,0,0,0,0,0,0,0
chr4:71554246,0,0,0,0,0,0,0,0,0,0,0,0,0
chr4:73414291,0,0,0,0,0,0,0,0,0,0,0,0,0
chr4:78402827,0,0,0,0,0,0,0,0,0,0,0,0,0
chr4:78677929,0,0,0,0,0,0,0,0,0,0,0,0,0
chr4:78844113,0,0,0,0,0,0,0,0,0,0,0,0,0
chr4:78912081,0,0,0,0,0,0,0,0,0,0,0,0,0
chr4:79009161,0,0,0,0,0,0,0,0,0,0,0,0,0
chr4:81111366,0,0,0,0,0,0,0,0,0,0,0,0,0
chr4:82624006,0,0,0,0,0,0,0,0,0,0,0,0,0
chr4:82625160,0,0,0,0,0,0,0,0,0,0,0,0,0
chr4:82626412,0,0,0,0,0,0,0,0,0,0,0,0,0
chr4:86289253,0,0,0,0,0,0,0,0,0,0,0,0,0
chr4:90943280,0,0,0,0,0,0,0,0,0,0,0,0,0
chr4:94314196,0,0,0,0,0,0,0,0,0,0,0,0,0
chr4:97199379,0,0,0,0,0,0,0,0,0,0,0,0,0
chr4:98692360,0,0,0,0,0,0,0,0,0,0,0,0,0
chr4:99414293,0,0,0,0,0,0,0,0,0,0,0,0,0
chr4:101106535,0,0,0,0,0,0,0,0,0,0,0,0,0
chr4:102129088,0,0,0,0,0,0,0,0,0,0,0,0,0
chr4:102129119,0,0,0,0,0,0,0,0,0,0,0,0,0
chr4:105234350,0,0,0,0,0,0,0,0,0,0,0,0,0
chr4:105235390,0,0,0,0,0,0,0,0,0,0,0,0,0
chr4:105235547,0,0,0,0,0,0,0,0,0,0,0,0,0
chr4:111627579,0,0,0,0,0,0,0,0,0,0,0,0,0
chr4:115497267,0,0,0,0,0,0,0,0,0,0,0,0,0
chr4:115497367,0,0,0,0,0,0,0,0,0,0,0,0,0
chr4:115497419,0,0,0,0,0,0,0,0,0,0,0,0,0
chr4:116283937,0,0,0,0,0,0,0,0,0,0,0,0,0
chr4:118279714,0,0,0,0,0,0,0,0,0,0,0,0,0
chr4:118655763,0,0,0,0,0,0,0,0,0,0,0,0,0
chr4:118889757,0,0,0,0,0,0,0,0,0,0,0,0,0
chr4:119515672,0,0,0,0,0,0,0,0,0,0,0,0,0
chr4:119599568,0,0,0,0,0,0,0,0,0,0,0,0,0
chr4:119739030,0,0,0,0,0,0,0,0,0,0,0,0,0
chr4:120605813,0,0,0,0,0,0,0,0,0,0,0,0,0
chr4:120672314,0,0,0,0,0,0,0,0,0,0,0,0,0
chr4:120829331,0,0,0,0,0,0,0,0,0,0,0,0,0
chr4:124299871,0,0,0,0,0,0,0,0,0,0,0,0,0
chr4:124437708,0,0,0,0,0,0,0,0,0,0,0,0,0
chr4:125102752,0,0,0,0,0,0,0,0,0,0,0,0,0
chr4:126175670,0,0,0,0,0,0,0,0,0,0,0,0,0
chr4:127478105,0,0,0,0,0,0,0,0,0,0,0,0,0
chr4:127799172,0,0,0,0,0,0,0,0,0,0,0,0,0
chr4:128177422,0,0,0,0,0,0,0,0,0,0,0,0,0
chr4:128538351,0,0,0,0,0,0,0,0,0,0,0,0,0
chr4:129108655,0,0,0,0,0,0,0,0,0,0,0,0,0
chr4:129946247,0,0,0,0,0,0,0,0,0,0,0,0,0
chr4:131460747,0,0,0,0,0,0,0,0,0,0,0,0,0
chr4:135656041,0,0,0,0,0,0,0,0,0,0,0,0,0
chr4:139760548,0,0,0,0,0,0,0,0,0,0,0,0,0
chr4:141615765,0,0,0,0,0,0,0,0,0,0,0,0,0
chr4:142137196,0,0,0,0,0,0,0,0,0,0,0,0,0
chr4:143813111,0,0,0,0,0,0,0,0,0,0,0,0,0
chr4:149661144,0,0,0,0,0,0,0,0,0,0,0,0,0
chr4:149714044,0,0,0,0,0,0,0,0,0,0,0,0,0
chr4:149862644,0,0,0,0,0,0,0,0,0,0,0,0,0
chr4:150015915,0,0,0,0,0,0,0,0,0,0,0,0,0
chr4:150351149,1,0,0,0,1,0,0,0,1,1,0,0,0
chr4:150351308,1,0,0,0,1,0,0,0,1,1,0,0,0
chr4:150892272,0,0,0,0,0,0,0,0,0,0,0,0,0
chr4:150899429,0,0,0,0,0,0,0,0,0,0,0,0,0
chr4:150899432,0,0,0,0,0,0,0,0,0,0,0,0,0
chr4:151405284,0,0,0,0,0,0,0,0,0,0,0,0,0
chr4:156629361,0,0,0,0,0,0,0,0,0,0,0,0,0
chr4:158298189,0,0,0,0,0,0,0,0,0,0,0,0,0
chr4:158308131,0,0,0,0,0,0,0,0,0,0,0,0,0
chr4:158510843,0,0,0,0,0,0,0,0,0,0,0,0,0
chr4:160383814,0,0,0,0,0,0,0,0,0,0,0,0,0
chr4:160413179,0,0,0,0,0,0,0,0,0,0,0,0,0
chr4:160955415,0,0,0,0,0,0,0,0,0,0,0,0,0
chr4:160960378,0,0,0,0,0,0,0,0,0,0,0,0,0
chr4:160961143,0,0,0,0,0,0,0,0,0,0,0,0,0
chr4:160985934,1,0,0,0,1,0,0,0,1,0,1,0,0
chr4:161345661,1,0,0,0,1,0,0,0,1,1,0,0,0
chr4:161564802,0,0,0,0,0,0,0,0,0,0,0,0,0
chr4:162909101,0,0,0,0,0,0,0,0,0,0,0,0,0
chr4:164333554,0,0,0,0,0,0,0,0,0,0,0,0,0
chr4:164334981,1,0,0,0,1,0,0,0,0,0,0,0,0
chr4:164438143,1,0,0,0,1,0,0,0,0,0,0,0,0
chr4:164521409,0,0,0,0,0,0,0,0,0,0,0,0,0
chr4:164930512,0,0,0,0,0,0,0,0,0,0,0,0,0
chr4:164979492,0,0,0,0,0,0,0,0,0,0,0,0,0
chr4:165281984,1,0,0,0,1,0,0,0,1,0,1,0,0
chr4:166762996,0,0,0,0,0,0,0,0,0,0,0,0,0
chr4:170477585,0,0,0,0,0,0,0,0,0,0,0,0,0
chr4:173460063,0,0,0,0,0,0,0,0,0,0,0,0,0
chr4:173897562,0,0,0,0,0,0,0,0,0,0,0,0,0
chr4:174799209,0,0,0,0,0,0,0,0,0,0,0,0,0
chr4:175259239,1,0,0,0,1,0,0,0,0,0,0,0,0
chr4:175259287,1,0,0,0,1,0,0,0,0,0,0,0,0
chr4:176333123,0,0,0,0,0,0,0,0,0,0,0,0,0
chr4:176333181,0,0,0,0,0,0,0,0,0,0,0,0,0
chr4:176334052,0,0,0,0,0,0,0,0,0,0,0,0,0
chr4:176344680,1,0,0,0,1,0,0,0,0,0,0,0,0
chr4:180622305,0,0,0,0,0,0,0,0,0,0,0,0,0
chr4:180622754,0,0,0,0,0,0,0,0,0,0,0,0,0
chr4:183441658,0,0,0,0,0,0,0,0,0,0,0,0,0
chr4:183465006,0,0,0,0,0,0,0,0,0,0,0,0,0
chr4:183465040,0,0,0,0,0,0,0,0,0,0,0,0,0
chr4:184186852,0,0,0,0,0,0,0,0,0,0,0,0,0
chr4:189604252,0,0,0,0,0,0,0,0,0,0,0,0,0
chr4:190405980,1,0,0,0,1,0,0,0,0,0,0,0,0
chr4:190406967,1,0,0,0,1,0,0,0,0,0,0,0,0
chr4:190592131,0,0,0,0,0,0,0,0,0,0,0,0,0
chr4:191179880,0,0,0,0,0,0,0,0,0,0,0,0,0
chr4:194129802,0,0,0,0,0,0,0,0,0,0,0,0,0
chr4:195356490,0,0,0,0,0,0,0,0,0,0,0,0,0
chr4:195374111,0,0,0,0,0,0,0,0,0,0,0,0,0
chr4:195802101,0,0,0,0,0,0,0,0,0,0,0,0,0
chr4:196507049,0,0,0,0,0,0,0,0,0,0,0,0,0
chr4:196514378,0,0,0,0,0,0,0,0,0,0,0,0,0
chr4:196515155,0,0,0,0,0,0,0,0,0,0,0,0,0
chr4:196522210,0,0,0,0,0,0,0,0,0,0,0,0,0
chr4:196522901,0,0,0,0,0,0,0,0,0,0,0,0,0
chr4:196523242,0,0,0,0,0,0,0,0,0,0,0,0,0
chr4:196529700,0,0,0,0,0,0,0,0,0,0,0,0,0
chr4:196530562,0,0,0,0,0,0,0,0,0,0,0,0,0
chr4:196538670,0,0,0,0,0,0,0,0,0,0,0,0,0
chr4:196615350,0,0,0,0,0,0,0,0,0,0,0,0,0
chr4:197776552,0,0,0,0,0,0,0,0,0,0,0,0,0
chr4:198053494,0,0,0,0,0,0,0,0,0,0,0,0,0
chr4:199793711,0,0,0,0,0,0,0,0,0,0,0,0,0
chr4:203700545,0,0,0,0,0,0,0,0,0,0,0,0,0
chr4:209239139,0,0,0,0,0,0,0,0,0,0,0,0,0
chr4:209240150,0,0,0,0,0,0,0,0,0,0,0,0,0
chr4:209477496,0,0,0,0,0,0,0,0,0,0,0,0,0
chr4:209513800,0,0,0,0,0,0,0,0,0,0,0,0,0
chr4:209883509,0,0,0,0,0,0,0,0,0,0,0,0,0
chr4:210343265,0,0,0,0,0,0,0,0,0,0,0,0,0
chr4:210393317,0,0,0,0,0,0,0,0,0,0,0,0,0
chr4:210393548,0,0,0,0,0,0,0,0,0,0,0,0,0
chr4:211737434,0,0,0,0,0,0,0,0,0,0,0,0,0
chr4:215245303,0,0,0,0,0,0,0,0,0,0,0,0,0
chr4:215246370,0,0,0,0,0,0,0,0,0,0,0,0,0
chr4:215249157,0,0,0,0,0,0,0,0,0,0,0,0,0
chr4:215308004,0,0,0,0,0,0,0,0,0,0,0,0,0
chr4:215308577,0,0,0,0,0,0,0,0,0,0,0,0,0
chr4:215407457,0,0,0,0,0,0,0,0,0,0,0,0,0
chr4:217418976,0,0,0,0,0,0,0,0,0,0,0,0,0
chr4:220341420,1,0,0,0,1,0,0,0,1,0,0,1,0
chr4:220346497,0,0,0,0,0,0,0,0,0,0,0,0,0
chr4:220368410,0,0,0,0,0,0,0,0,0,0,0,0,0
chr4:220404853,0,0,0,0,0,0,0,0,0,0,0,0,0
chr4:220419371,1,0,0,0,1,0,0,0,1,0,0,1,0
chr4:220473944,0,0,0,0,0,0,0,0,0,0,0,0,0
chr4:220491407,0,0,0,0,0,0,0,0,0,0,0,0,0
chr4:220542752,0,0,0,0,0,0,0,0,0,0,0,0,0
chr4:220542917,0,0,0,0,0,0,0,0,0,0,0,0,0
chr4:220543038,0,0,0,0,0,0,0,0,0,0,0,0,0
chr4:220544886,0,0,0,0,0,0,0,0,0,0,0,0,0
chr4:222210222,0,0,0,0,0,0,0,0,0,0,0,0,0
chr4:223337851,0,0,0,0,0,0,0,0,0,0,0,0,0
chr4:223355068,0,0,0,0,0,0,0,0,0,0,0,0,0
chr4:223450957,0,0,0,0,0,0,0,0,0,0,0,0,0
chr4:226696741,0,0,0,0,0,0,0,0,0,0,0,0,0
chr4:226696805,0,0,0,0,0,0,0,0,0,0,0,0,0
chr4:226712315,0,0,0,0,0,0,0,0,0,0,0,0,0
chr4:228406366,0,0,0,0,0,0,0,0,0,0,0,0,0
chr4:228880827,0,0,0,0,0,0,0,0,0,0,0,0,0
chr4:230128324,0,0,0,0,0,0,0,0,0,0,0,0,0
chr4:231149244,0,0,0,0,0,0,0,0,0,0,0,0,0
chr4:231696807,0,0,0,0,0,0,0,0,0,0,0,0,0
chr4:233635709,0,0,0,0,0,0,0,0,0,0,0,0,0
chr4:234362421,0,0,0,0,0,0,0,0,0,0,0,0,0
chr4:234397940,0,0,0,0,0,0,0,0,0,0,0,0,0
chr4:235264469,0,0,0,0,0,0,0,0,0,0,0,0,0
chr4:235264742,0,0,1,0,0,0,1,0,1,0,0,0,0
chr4:236836591,0,0,0,0,0,0,0,0,0,0,0,0,0
chr4:239546707,1,0,0,0,1,0,0,0,1,0,1,0,0
chr4:239854953,0,0,0,0,0,0,0,0,0,0,0,0,0
chr4:240161037,1,0,0,0,1,0,0,0,1,1,0,0,0
chr4:240289755,0,0,0,0,0,0,0,0,0,0,0,0,0
chr4:240292831,0,0,0,0,0,0,0,0,0,0,0,0,0
chr4:240923626,0,0,0,0,0,0,0,0,0,0,0,0,0
chr4:240932337,0,0,0,0,0,0,0,0,0,0,0,0,0
chr4:244808845,0,0,0,0,0,0,0,0,0,0,0,0,0
chr4:245793652,0,0,0,0,0,0,0,0,0,0,0,0,0
chr5:157428,0,0,0,0,0,0,0,0,0,0,0,0,0
chr5:1358640,1,0,0,0,1,0,0,0,0,0,0,0,0
chr5:1365243,0,0,0,0,0,0,0,0,0,0,0,0,0
chr5:1596015,0,0,0,0,0,0,0,0,0,0,0,0,0
chr5:1596152,0,0,0,0,0,0,0,0,0,0,0,0,0
chr5:1596361,0,0,0,0,0,0,0,0,0,0,0,0,0
chr5:1911656,1,0,0,0,1,0,0,0,1,0,1,0,0
chr5:2387578,1,0,0,0,1,0,0,0,1,1,0,0,0
chr5:3295171,0,0,0,0,0,0,0,0,0,0,0,0,0
chr5:4686405,0,0,0,0,0,0,0,0,0,0,0,0,0
chr5:4709460,1,0,0,0,1,0,0,0,1,0,0,1,0
chr5:4793225,0,0,0,0,0,0,0,0,0,0,0,0,0
chr5:5049541,1,0,0,0,1,0,0,0,1,1,0,0,0
chr5:5050640,0,0,0,0,0,0,0,0,0,0,0,0,0
chr5:5051778,0,0,0,0,0,0,0,0,0,0,0,0,0
chr5:5054052,0,0,0,0,0,0,0,0,0,0,0,0,0
chr5:5054198,0,0,0,0,0,0,0,0,0,0,0,0,0
chr5:5071284,0,0,0,0,0,0,0,0,0,0,0,0,0
chr5:5072343,0,0,0,0,0,0,0,0,0,0,0,0,0
chr5:5079594,0,0,0,0,0,0,0,0,0,0,0,0,0
chr5:5080348,0,0,0,0,0,0,0,0,0,0,0,0,0
chr5:5080965,0,0,0,0,0,0,0,0,0,0,0,0,0
chr5:5096473,0,0,0,0,0,0,0,0,0,0,0,0,0
chr5:5096521,0,0,0,0,0,0,0,0,0,0,0,0,0
chr5:5096545,0,0,0,0,0,0,0,0,0,0,0,0,0
chr5:5098016,0,0,0,0,0,0,0,0,0,0,0,0,0
chr5:5099711,0,0,0,0,0,0,0,0,0,0,0,0,0
chr5:5099890,0,0,0,0,0,0,0,0,0,0,0,0,0
chr5:5101784,1,0,0,0,1,0,0,0,0,0,0,0,0
chr5:5103002,1,0,0,0,1,0,0,0,0,0,0,0,0
chr5:5131923,1,0,0,0,1,0,0,0,0,0,0,0,0
chr5:5132700,1,0,0,0,1,0,0,0,0,0,0,0,0
chr5:5133075,1,0,0,0,1,0,0,0,0,0,0,0,0
chr5:5133592,1,0,0,0,1,0,0,0,0,0,0,0,0
chr5:5137241,1,0,0,0,1,0,0,0,0,0,0,0,0
chr5:5137289,1,0,0,0,1,0,0,0,0,0,0,0,0
chr5:5138400,1,0,0,0,1,0,0,0,0,0,0,0,0
chr5:5139113,1,0,0,0,1,0,0,0,0,0,0,0,0
chr5:5139215,1,0,0,0,1,0,0,0,0,0,0,0,0
chr5:5142980,1,0,0,0,1,0,0,0,1,0,1,1,0
chr5:5148365,0,0,0,0,0,0,0,0,0,0,0,0,0
chr5:5149473,0,0,0,0,0,0,0,0,0,0,0,0,0
chr5:5149525,0,0,0,0,0,0,0,0,0,0,0,0,0
chr5:5150192,1,0,0,0,1,0,0,0,1,1,0,0,0
chr5:5183832,1,0,0,0,1,0,0,0,0,0,0,0,0
chr5:5190172,1,0,0,0,1,0,0,0,0,0,0,0,0
chr5:5191773,1,0,0,0,1,0,0,0,1,0,0,1,0
chr5:5193040,0,0,0,0,0,0,0,0,0,0,0,0,0
chr5:5229289,1,0,0,0,1,0,0,0,0,0,0,0,0
chr5:5238120,0,0,0,0,0,0,0,0,0,0,0,0,0
chr5:5243749,1,0,0,0,1,0,0,0,0,0,0,0,0
chr5:5310759,0,0,0,0,0,0,0,0,0,0,0,0,0
chr5:5310927,0,0,0,0,0,0,0,0,0,0,0,0,0
chr5:5324089,0,0,0,0,0,0,0,0,0,0,0,0,0
chr5:5324591,0,0,0,0,0,0,0,0,0,0,0,0,0
chr5:5325353,0,0,0,0,0,0,0,0,0,0,0,0,0
chr5:5325406,0,0,0,0,0,0,0,0,0,0,0,0,0
chr5:5329710,0,0,0,0,0,0,0,0,0,0,0,0,0
chr5:5333427,1,0,0,0,1,0,0,0,1,1,0,0,0
chr5:5357408,1,0,0,0,1,0,0,0,0,0,0,0,0
chr5:5406441,0,0,0,0,0,0,0,0,0,0,0,0,0
chr5:5406734,0,0,0,0,0,0,0,0,0,0,0,0,0
chr5:5406761,0,0,0,0,0,0,0,0,0,0,0,0,0
chr5:5407728,0,0,0,0,0,0,0,0,0,0,0,0,0
chr5:5407975,0,0,0,0,0,0,0,0,0,0,0,0,0
chr5:5408105,0,0,0,0,0,0,0,0,0,0,0,0,0
chr5:5409216,0,0,0,0,0,0,0,0,0,0,0,0,0
chr5:5412897,0,0,0,0,0,0,0,0,0,0,0,0,0
chr5:5415423,1,0,0,0,1,0,0,0,1,1,0,0,0
chr5:5415628,0,0,0,0,0,0,0,0,0,0,0,0,0
chr5:5451313,1,0,0,0,1,0,0,0,1,1,0,0,0
chr5:5451315,1,0,0,0,1,0,0,0,1,1,0,0,0
chr5:5451881,1,0,0,0,1,0,0,0,0,0,0,0,0
chr5:5452924,0,0,0,0,0,0,0,0,0,0,0,0,0
chr5:5454198,1,0,0,0,1,0,0,0,0,0,0,0,0
chr5:5459663,0,0,0,0,0,0,0,0,0,0,0,0,0
chr5:5474241,0,0,0,0,0,0,0,0,0,0,0,0,0
chr5:5505693,1,0,0,0,1,0,0,0,1,1,0,0,0
chr5:5509544,0,0,0,0,0,0,0,0,0,0,0,0,0
chr5:5561820,1,0,0,0,1,0,0,0,0,0,0,0,0
chr5:5562375,1,0,0,0,1,0,0,0,1,0,1,0,0
chr5:5562427,1,0,0,0,1,0,0,0,1,0,1,0,0
chr5:5562480,1,0,0,0,1,0,0,0,1,0,1,0,0
chr5:5562588,1,0,0,0,1,0,0,0,1,0,1,0,0
chr5:5562746,1,0,0,0,1,0,0,0,1,0,1,0,0
chr5:5563580,0,0,0,0,0,0,0,0,0,0,0,0,0
chr5:5677131,1,0,0,0,1,0,0,0,1,1,0,0,0
chr5:5730968,1,0,0,0,1,0,0,0,0,0,0,0,0
chr5:5731343,1,0,0,0,1,0,0,0,1,1,0,0,0
chr5:5754840,0,0,0,0,0,0,0,0,0,0,0,0,0
chr5:5804298,0,0,0,0,0,0,0,0,0,0,0,0,0
chr5:5815907,0,0,0,0,0,0,0,0,0,0,0,0,0
chr5:5821024,0,0,0,0,0,0,0,0,0,0,0,0,0
chr5:5960529,1,0,0,0,1,0,0,0,1,1,0,0,0
chr5:5961014,1,0,0,0,1,0,0,0,1,1,0,0,0
chr5:5961284,1,0,0,0,1,0,0,0,1,0,0,1,0
chr5:5961990,1,0,0,0,1,0,0,0,1,0,0,1,0
chr5:5968132,0,0,0,0,0,0,0,0,0,0,0,0,0
chr5:5968196,0,0,0,0,0,0,0,0,0,0,0,0,0
chr5:5968227,0,0,0,0,0,0,0,0,0,0,0,0,0
chr5:5968330,0,0,0,0,0,0,0,0,0,0,0,0,0
chr5:5968377,0,0,0,0,0,0,0,0,0,0,0,0,0
chr5:5968393,0,0,0,0,0,0,0,0,0,0,0,0,0
chr5:5968451,0,0,0,0,0,0,0,0,0,0,0,0,0
chr5:5968463,0,0,0,0,0,0,0,0,0,0,0,0,0
chr5:5977436,1,0,0,0,1,0,0,0,0,0,0,0,0
chr5:6081209,1,0,0,0,1,0,0,0,1,1,0,0,0
chr5:6090439,0,0,0,0,0,0,0,0,0,0,0,0,0
chr5:6093345,1,0,0,0,1,0,0,0,0,0,0,0,0
chr5:6094226,1,0,0,0,1,0,0,0,0,0,0,0,0
chr5:6094523,1,0,0,0,1,0,0,0,1,0,0,1,0
chr5:6094579,0,0,0,0,0,0,0,0,0,0,0,0,0
chr5:6100297,0,0,0,0,0,0,0,0,0,0,0,0,0
chr5:6105575,1,0,0,0,1,0,0,0,1,0,1,0,0
chr5:6105605,1,0,0,0,1,0,0,0,1,0,1,0,0
chr5:6105734,1,0,0,0,1,0,0,0,0,0,0,0,0
chr5:6177410,0,0,0,0,0,0,0,0,0,0,0,0,0
chr5:6290666,0,0,0,0,0,0,0,0,0,0,0,0,0
chr5:6345798,0,0,0,0,0,0,0,0,0,0,0,0,0
chr5:6345842,0,0,0,0,0,0,0,0,0,0,0,0,0
chr5:6348624,0,0,0,0,0,0,0,0,0,0,0,0,0
chr5:6348894,1,0,0,0,1,0,0,0,1,1,0,0,0
chr5:6351124,0,0,0,0,0,0,0,0,0,0,0,0,0
chr5:6396405,0,0,0,0,0,0,0,0,0,0,0,0,0
chr5:6404705,0,0,0,0,0,0,0,0,0,0,0,0,0
chr5:6404964,0,0,0,0,0,0,0,0,0,0,0,0,0
chr5:6405425,1,0,0,0,1,0,0,0,1,1,0,0,0
chr5:6428791,1,0,0,0,1,0,0,0,0,0,0,0,0
chr5:6432992,0,0,0,0,0,0,0,0,0,0,0,0,0
chr5:6509106,0,0,0,0,0,0,0,0,0,0,0,0,0
chr5:6713355,1,0,0,0,1,0,0,0,1,0,0,1,0
chr5:7160066,0,0,0,0,0,0,0,0,0,0,0,0,0
chr5:7183779,1,0,0,0,1,0,0,0,1,1,0,0,0
chr5:7395333,1,0,0,0,1,0,0,0,1,1,0,0,0
chr5:7395384,1,0,0,0,1,0,0,0,1,1,0,0,0
chr5:7403415,1,0,0,0,1,0,0,0,0,0,0,0,0
chr5:7521601,1,0,0,0,1,0,0,0,1,1,0,0,0
chr5:7984376,1,0,0,0,1,0,0,0,0,0,0,0,0
chr5:8190731,1,0,0,0,1,0,0,0,0,0,0,0,0
chr5:8684968,0,0,0,0,0,0,0,0,0,0,0,0,0
chr5:10634261,0,0,0,0,0,0,0,0,0,0,0,0,0
chr5:12931446,1,0,0,0,1,0,0,0,1,0,1,0,0
chr5:13854374,0,0,0,0,0,0,0,0,0,0,0,0,0
chr5:13942100,1,0,0,0,1,0,0,0,0,0,0,0,0
chr5:13965742,1,0,0,0,1,0,0,0,1,1,0,0,0
chr5:15231312,0,0,0,0,0,0,0,0,0,0,0,0,0
chr5:19340330,0,0,0,0,0,0,0,0,0,0,0,0,0
chr5:20375977,1,0,0,0,1,0,0,0,0,0,0,0,0
chr5:20384656,1,0,0,0,1,0,0,0,1,1,1,0,0
chr5:20389974,1,0,0,0,1,0,0,0,1,0,1,1,0
chr5:20574195,1,0,0,0,1,0,0,0,0,0,0,0,0
chr5:21071346,0,0,0,0,0,0,0,0,0,0,0,0,0
chr5:23454788,0,0,0,0,0,0,0,0,0,0,0,0,0
chr5:25567970,0,0,0,0,0,0,0,0,0,0,0,0,0
chr5:26393688,0,0,0,0,0,0,0,0,0,0,0,0,0
chr5:26489911,0,0,0,0,0,0,0,0,0,0,0,0,0
chr5:26717762,0,0,0,0,0,0,0,0,0,0,0,0,0
chr5:26717983,0,0,0,0,0,0,0,0,0,0,0,0,0
chr5:26718731,0,0,0,0,0,0,0,0,0,0,0,0,0
chr5:26745778,0,0,0,0,0,0,0,0,0,0,0,0,0
chr5:26763553,0,0,0,0,0,0,0,0,0,0,0,0,0
chr5:26764590,0,0,0,0,0,0,0,0,0,0,0,0,0
chr5:26764945,0,0,0,0,0,0,0,0,0,0,0,0,0
chr5:26797475,0,0,0,0,0,0,0,0,0,0,0,0,0
chr5:26797859,0,0,0,0,0,0,0,0,0,0,0,0,0
chr5:26887181,0,0,0,0,0,0,0,0,0,0,0,0,0
chr5:26945452,0,0,0,0,0,0,0,0,0,0,0,0,0
chr5:26968375,0,0,0,0,0,0,0,0,0,0,0,0,0
chr5:26988957,0,0,0,0,0,0,0,0,0,0,0,0,0
chr5:26990110,1,0,0,0,1,0,0,0,0,0,0,0,0
chr5:26990145,1,0,0,0,1,0,0,0,0,0,0,0,0
chr5:26990292,1,0,0,0,1,0,0,0,1,1,0,0,0
chr5:27039284,0,0,0,0,0,0,0,0,0,0,0,0,0
chr5:27039596,0,0,0,0,0,0,0,0,0,0,0,0,0
chr5:27040336,0,0,0,0,0,0,0,0,0,0,0,0,0
chr5:27040391,0,0,0,0,0,0,0,0,0,0,0,0,0
chr5:27040587,0,0,0,0,0,0,0,0,0,0,0,0,0
chr5:27040874,0,0,0,0,0,0,0,0,0,0,0,0,0
chr5:27041450,0,0,0,0,0,0,0,0,0,0,0,0,0
chr5:27041536,0,0,0,0,0,0,0,0,0,0,0,0,0
chr5:27041698,0,0,0,0,0,0,0,0,0,0,0,0,0
chr5:27041790,0,0,0,0,0,0,0,0,0,0,0,0,0
chr5:27042092,0,0,0,0,0,0,0,0,0,0,0,0,0
chr5:27042096,0,0,0,0,0,0,0,0,0,0,0,0,0
chr5:27042529,0,0,0,0,0,0,0,0,0,0,0,0,0
chr5:27043128,0,0,0,0,0,0,0,0,0,0,0,0,0
chr5:27043427,0,0,0,0,0,0,0,0,0,0,0,0,0
chr5:27043434,0,0,0,0,0,0,0,0,0,0,0,0,0
chr5:27043558,0,0,0,0,0,0,0,0,0,0,0,0,0
chr5:27070044,0,0,0,0,0,0,0,0,0,0,0,0,0
chr5:27070428,1,0,0,0,1,0,0,0,1,1,0,0,0
chr5:27070469,1,0,0,0,1,0,0,0,1,1,0,0,0
chr5:27073625,0,0,0,0,0,0,0,0,0,0,0,0,0
chr5:27073699,0,0,0,0,0,0,0,0,0,0,0,0,0
chr5:27078073,0,0,0,0,0,0,0,0,0,0,0,0,0
chr5:27078697,0,0,0,0,0,0,0,0,0,0,0,0,0
chr5:27078876,0,0,0,0,0,0,0,0,0,0,0,0,0
chr5:27082350,0,0,0,0,0,0,0,0,0,0,0,0,0
chr5:27124664,0,0,0,0,0,0,0,0,0,0,0,0,0
chr5:27124679,0,0,0,0,0,0,0,0,0,0,0,0,0
chr5:27127537,0,0,0,0,0,0,0,0,0,0,0,0,0
chr5:27127597,0,0,0,0,0,0,0,0,0,0,0,0,0
chr5:27202968,0,0,0,0,0,0,0,0,0,0,0,0,0
chr5:27203075,0,0,0,0,0,0,0,0,0,0,0,0,0
chr5:27204188,0,0,0,0,0,0,0,0,0,0,0,0,0
chr5:27204405,0,0,0,0,0,0,0,0,0,0,0,0,0
chr5:27205013,0,0,0,0,0,0,0,0,0,0,0,0,0
chr5:27205205,0,0,0,0,0,0,0,0,0,0,0,0,0
chr5:27205480,0,0,0,0,0,0,0,0,0,0,0,0,0
chr5:27205626,0,0,0,0,0,0,0,0,0,0,0,0,0
chr5:27205904,0,0,0,0,0,0,0,0,0,0,0,0,0
chr5:27225411,0,0,0,0,0,0,0,0,0,0,0,0,0
chr5:27233343,1,0,0,0,1,0,0,0,1,1,0,0,0
chr5:27233654,1,0,0,0,1,0,0,0,0,0,0,0,0
chr5:27234604,1,0,0,0,1,0,0,0,0,0,0,0,0
chr5:27234729,1,0,0,0,1,0,0,0,0,0,0,0,0
chr5:27234937,1,0,0,0,1,0,0,0,0,0,0,0,0
chr5:27235153,1,0,0,0,1,0,0,0,0,0,0,0,0
chr5:27236238,0,0,0,0,0,0,0,0,0,0,0,0,0
chr5:27241046,0,0,0,0,0,0,0,0,0,0,0,0,0
chr5:27271418,0,0,0,0,0,0,0,0,0,0,0,0,0
chr5:27289301,0,0,0,0,0,0,0,0,0,0,0,0,0
chr5:27289537,0,0,0,0,0,0,0,0,0,0,0,0,0
chr5:27291126,0,0,0,0,0,0,0,0,0,0,0,0,0
chr5:27538223,0,0,0,0,0,0,0,0,0,0,0,0,0
chr5:27689664,0,0,0,0,0,0,0,0,0,0,0,0,0
chr5:27694655,0,0,0,0,0,0,0,0,0,0,0,0,0
chr5:27694966,0,0,0,0,0,0,0,0,0,0,0,0,0
chr5:27695026,0,0,0,0,0,0,0,0,0,0,0,0,0
chr5:27695222,0,0,0,0,0,0,0,0,0,0,0,0,0
chr5:27698385,0,0,0,0,0,0,0,0,0,0,0,0,0
chr5:27702470,0,0,0,0,0,0,0,0,0,0,0,0,0
chr5:27704974,0,0,0,0,0,0,0,0,0,0,0,0,0
chr5:27705003,0,0,0,0,0,0,0,0,0,0,0,0,0
chr5:27724130,0,0,0,0,0,0,0,0,0,0,0,0,0
chr5:27750969,0,0,0,0,0,0,0,0,0,0,0,0,0
chr5:27753295,0,0,0,0,0,0,0,0,0,0,0,0,0
chr5:27753308,0,0,0,0,0,0,0,0,0,0,0,0,0
chr5:27760574,0,0,0,0,0,0,0,0,0,0,0,0,0
chr5:27764367,0,0,0,0,0,0,0,0,0,0,0,0,0
chr5:27787062,0,0,0,0,0,0,0,0,0,0,0,0,0
chr5:27787118,0,0,0,0,0,0,0,0,0,0,0,0,0
chr5:27788235,0,0,0,0,0,0,0,0,0,0,0,0,0
chr5:27810120,0,0,0,0,0,0,0,0,0,0,0,0,0
chr5:27840120,1,0,0,0,1,0,0,0,1,1,0,0,0
chr5:27840328,1,0,0,0,1,0,0,0,1,1,0,0,0
chr5:27840975,0,0,0,0,0,0,0,0,0,0,0,0,0
chr5:27840992,0,0,0,0,0,0,0,0,0,0,0,0,0
chr5:27845705,1,0,0,0,1,0,0,0,1,1,1,0,0
chr5:27890868,0,0,0,0,0,0,0,0,0,0,0,0,0
chr5:27892636,0,0,0,0,0,0,0,0,0,0,0,0,0
chr5:27897617,0,0,0,0,0,0,0,0,0,0,0,0,0
chr5:27925234,0,0,0,0,0,0,0,0,0,0,0,0,0
chr5:27987420,0,0,0,0,0,0,0,0,0,0,0,0,0
chr5:27990324,0,0,0,0,0,0,0,0,0,0,0,0,0
chr5:28044699,0,0,0,0,0,0,0,0,0,0,0,0,0
chr5:28089862,1,0,0,0,1,0,0,0,1,0,0,1,0
chr5:28129447,0,0,0,0,0,0,0,0,0,0,0,0,0
chr5:28133070,0,0,0,0,0,0,0,0,0,0,0,0,0
chr5:28136571,0,0,0,0,0,0,0,0,0,0,0,0,0
chr5:28149292,0,0,0,0,0,0,0,0,0,0,0,0,0
chr5:28389344,0,0,0,0,0,0,0,0,0,0,0,0,0
chr5:28476424,0,0,0,0,0,0,0,0,0,0,0,0,0
chr5:28477229,0,0,0,0,0,0,0,0,0,0,0,0,0
chr5:28818427,0,0,0,0,0,0,0,0,0,0,0,0,0
chr5:28818917,0,0,0,0,0,0,0,0,0,0,0,0,0
chr5:29411339,0,0,0,0,0,0,0,0,0,0,0,0,0
chr5:29424738,0,0,0,0,0,0,0,0,0,0,0,0,0
chr5:29603797,0,0,0,0,0,0,0,0,0,0,0,0,0
chr5:29626770,0,0,0,0,0,0,0,0,0,0,0,0,0
chr5:30306415,0,0,0,0,0,0,0,0,0,0,0,0,0
chr5:31031213,0,0,0,0,0,0,0,0,0,0,0,0,0
chr5:31040689,0,0,0,0,0,0,0,0,0,0,0,0,0
chr5:31047442,0,0,0,0,0,0,0,0,0,0,0,0,0
chr5:31085202,0,0,0,0,0,0,0,0,0,0,0,0,0
chr5:31086225,0,0,0,0,0,0,0,0,0,0,0,0,0
chr5:31112883,0,0,0,0,0,0,0,0,0,0,0,0,0
chr5:31724022,1,0,0,0,1,0,0,0,1,0,1,0,0
chr5:31760786,0,0,0,0,0,0,0,0,0,0,0,0,0
chr5:32206857,0,0,0,0,0,0,0,0,0,0,0,0,0
chr5:32363819,0,0,0,0,0,0,0,0,0,0,0,0,0
chr5:35331945,0,0,0,0,0,0,0,0,0,0,0,0,0
chr5:35348487,0,0,0,0,0,0,0,0,0,0,0,0,0
chr5:35447317,0,0,0,0,0,0,0,0,0,0,0,0,0
chr5:35512986,0,0,0,0,0,0,0,0,0,0,0,0,0
chr5:35520444,0,0,0,0,0,0,0,0,0,0,0,0,0
chr5:35583448,0,0,0,0,0,0,0,0,0,0,0,0,0
chr5:35615265,1,0,0,0,1,0,0,0,0,0,0,0,0
chr5:35620533,1,0,0,0,1,0,0,0,0,0,0,0,0
chr5:35696617,0,0,0,0,0,0,0,0,0,0,0,0,0
chr5:35789051,0,0,0,0,0,0,0,0,0,0,0,0,0
chr5:35790743,0,0,0,0,0,0,0,0,0,0,0,0,0
chr5:35824896,0,0,0,0,0,0,0,0,0,0,0,0,0
chr5:35826170,0,0,0,0,0,0,0,0,0,0,0,0,0
chr5:35839833,0,0,0,0,0,0,0,0,0,0,0,0,0
chr5:36222716,0,0,0,0,0,0,0,0,0,0,0,0,0
chr5:36369570,0,0,0,0,0,0,0,0,0,0,0,0,0
chr5:36476867,0,0,0,0,0,0,0,0,0,0,0,0,0
chr5:36525887,0,0,0,0,0,0,0,0,0,0,0,0,0
chr5:36527652,0,0,0,0,0,0,0,0,0,0,0,0,0
chr5:36528319,0,0,0,0,0,0,0,0,0,0,0,0,0
chr5:36529008,1,0,0,0,1,0,0,0,1,1,0,0,0
chr5:37520124,0,0,0,0,0,0,0,0,0,0,0,0,0
chr5:37897821,0,0,0,0,0,0,0,0,0,0,0,0,0
chr5:37964879,0,0,0,0,0,0,0,0,0,0,0,0,0
chr5:38483752,0,0,0,0,0,0,0,0,0,0,0,0,0
chr5:38483753,0,0,0,0,0,0,0,0,0,0,0,0,0
chr5:38485653,0,0,0,0,0,0,0,0,0,0,0,0,0
chr5:38488356,0,0,0,0,0,0,0,0,0,0,0,0,0
chr5:38488535,0,0,0,0,0,0,0,0,0,0,0,0,0
chr5:38555224,0,0,0,0,0,0,0,0,0,0,0,0,0
chr5:39625647,0,0,0,0,0,0,0,0,0,0,0,0,0
chr5:40688419,0,0,0,0,0,0,0,0,0,0,0,0,0
chr5:41429905,0,0,0,0,0,0,0,0,0,0,0,0,0
chr5:43057125,0,0,0,0,0,0,0,0,0,0,0,0,0
chr5:44120007,0,0,0,0,0,0,0,0,0,0,0,0,0
chr5:44230617,0,0,0,0,0,0,0,0,0,0,0,0,0
chr5:44297434,0,0,0,0,0,0,0,0,0,0,0,0,0
chr5:44323438,0,0,0,0,0,0,0,0,0,0,0,0,0
chr5:44369814,0,0,0,0,0,0,0,0,0,0,0,0,0
chr5:44505720,0,0,0,0,0,0,0,0,0,0,0,0,0
chr5:44624590,0,0,0,0,0,0,0,0,0,0,0,0,0
chr5:44682591,0,0,0,0,0,0,0,0,0,0,0,0,0
chr5:44691623,0,0,0,0,0,0,0,0,0,0,0,0,0
chr5:44705099,1,0,0,0,1,0,0,0,1,1,0,0,0
chr5:44732451,0,0,0,0,0,0,0,0,0,0,0,0,0
chr5:44751316,0,0,0,0,0,0,0,0,0,0,0,0,0
chr5:44778331,0,0,0,0,0,0,0,0,0,0,0,0,0
chr5:44794729,0,0,0,0,0,0,0,0,0,0,0,0,0
chr5:44808586,0,0,0,0,0,0,0,0,0,0,0,0,0
chr5:44808728,0,0,0,0,0,0,0,0,0,0,0,0,0
chr5:44811653,0,0,0,0,0,0,0,0,0,0,0,0,0
chr5:44830666,0,0,0,0,0,0,0,0,0,0,0,0,0
chr5:44837695,0,0,0,0,0,0,0,0,0,0,0,0,0
chr5:44869679,0,0,0,0,0,0,0,0,0,0,0,0,0
chr5:44874308,0,0,0,0,0,0,0,0,0,0,0,0,0
chr5:44876559,0,0,0,0,0,0,0,0,0,0,0,0,0
chr5:44878162,0,0,0,0,0,0,0,0,0,0,0,0,0
chr5:44879475,0,0,0,0,0,0,0,0,0,0,0,0,0
chr5:45041074,0,0,0,0,0,0,0,0,0,0,0,0,0
chr5:45067599,0,0,0,0,0,0,0,0,0,0,0,0,0
chr5:45069565,0,0,0,0,0,0,0,0,0,0,0,0,0
chr5:45070028,0,0,0,0,0,0,0,0,0,0,0,0,0
chr5:45071801,0,0,0,0,0,0,0,0,0,0,0,0,0
chr5:45075785,0,0,0,0,0,0,0,0,0,0,0,0,0
chr5:45077193,0,0,0,0,0,0,0,0,0,0,0,0,0
chr5:45077554,0,0,0,0,0,0,0,0,0,0,0,0,0
chr5:45082371,0,0,0,0,0,0,0,0,0,0,0,0,0
chr5:45111515,0,0,0,0,0,0,0,0,0,0,0,0,0
chr5:45113188,0,0,0,0,0,0,0,0,0,0,0,0,0
chr5:45113970,0,0,0,0,0,0,0,0,0,0,0,0,0
chr5:45114201,0,0,0,0,0,0,0,0,0,0,0,0,0
chr5:45115896,0,0,0,0,0,0,0,0,0,0,0,0,0
chr5:45118247,0,0,0,0,0,0,0,0,0,0,0,0,0
chr5:45118305,0,0,0,0,0,0,0,0,0,0,0,0,0
chr5:45118378,0,0,0,0,0,0,0,0,0,0,0,0,0
chr5:45118834,0,0,0,0,0,0,0,0,0,0,0,0,0
chr5:45119740,0,0,0,0,0,0,0,0,0,0,0,0,0
chr5:45123351,0,0,0,0,0,0,0,0,0,0,0,0,0
chr5:45129116,1,0,0,0,1,0,0,0,1,0,0,1,0
chr5:45133578,1,0,0,0,1,0,0,0,0,0,0,0,0
chr5:45135204,1,0,0,0,1,0,0,0,1,0,1,0,0
chr5:45142636,1,0,0,0,1,0,0,0,0,0,0,0,0
chr5:45144094,1,0,0,0,1,0,0,0,1,1,1,1,0
chr5:45144468,1,0,0,0,1,0,0,0,1,1,1,1,0
chr5:45147336,1,0,0,0,1,0,0,0,0,0,0,0,0
chr5:45154728,0,0,0,0,0,0,0,0,0,0,0,0,0
chr5:45163681,0,0,0,0,0,0,0,0,0,0,0,0,0
chr5:45166367,0,0,0,0,0,0,0,0,0,0,0,0,0
chr5:45175528,0,0,0,0,0,0,0,0,0,0,0,0,0
chr5:45175796,0,0,0,0,0,0,0,0,0,0,0,0,0
chr5:45198855,0,0,0,0,0,0,0,0,0,0,0,0,0
chr5:45206022,0,0,0,0,0,0,0,0,0,0,0,0,0
chr5:45258885,0,0,0,0,0,0,0,0,0,0,0,0,0
chr5:45264435,0,0,0,0,0,0,0,0,0,0,0,0,0
chr5:45266960,0,0,0,0,0,0,0,0,0,0,0,0,0
chr5:45268767,0,0,0,0,0,0,0,0,0,0,0,0,0
chr5:45269783,0,0,0,0,0,0,0,0,0,0,0,0,0
chr5:45283265,0,0,0,0,0,0,0,0,0,0,0,0,0
chr5:45283471,0,0,0,0,0,0,0,0,0,0,0,0,0
chr5:45284019,0,0,0,0,0,0,0,0,0,0,0,0,0
chr5:45337559,0,0,0,0,0,0,0,0,0,0,0,0,0
chr5:45355768,0,0,0,0,0,0,0,0,0,0,0,0,0
chr5:45410968,0,0,0,0,0,0,0,0,0,0,0,0,0
chr5:45411003,0,0,0,0,0,0,0,0,0,0,0,0,0
chr5:45413059,0,0,0,0,0,0,0,0,0,0,0,0,0
chr5:45419963,0,0,0,0,0,0,0,0,0,0,0,0,0
chr5:45445493,0,0,0,0,0,0,0,0,0,0,0,0,0
chr5:45456557,0,0,0,0,0,0,0,0,0,0,0,0,0
chr5:45479143,0,0,0,0,0,0,0,0,0,0,0,0,0
chr5:45480730,0,0,0,0,0,0,0,0,0,0,0,0,0
chr5:45487696,1,0,0,0,1,0,0,0,0,0,0,0,0
chr5:45526394,0,0,0,0,0,0,0,0,0,0,0,0,0
chr5:45572030,0,0,0,0,0,0,0,0,0,0,0,0,0
chr5:45628173,0,0,0,0,0,0,0,0,0,0,0,0,0
chr5:45635025,0,0,0,0,0,0,0,0,0,0,0,0,0
chr5:45637268,0,0,0,0,0,0,0,0,0,0,0,0,0
chr5:45638134,0,0,0,0,0,0,0,0,0,0,0,0,0
chr5:45647252,0,0,0,0,0,0,0,0,0,0,0,0,0
chr5:45648787,0,0,0,0,0,0,0,0,0,0,0,0,0
chr5:45695211,0,0,0,0,0,0,0,0,0,0,0,0,0
chr5:45696613,0,0,0,0,0,0,0,0,0,0,0,0,0
chr5:45696673,0,0,0,0,0,0,0,0,0,0,0,0,0
chr5:45736723,0,0,0,0,0,0,0,0,0,0,0,0,0
chr5:45737991,0,0,0,0,0,0,0,0,0,0,0,0,0
chr5:45756919,0,0,0,0,0,0,0,0,0,0,0,0,0
chr5:45760774,0,0,0,0,0,0,0,0,0,0,0,0,0
chr5:45772126,0,0,0,0,0,0,0,0,0,0,0,0,0
chr5:45774956,0,0,0,0,0,0,0,0,0,0,0,0,0
chr5:45778649,0,0,0,0,0,0,0,0,0,0,0,0,0
chr5:45783365,0,0,0,0,0,0,0,0,0,0,0,0,0
chr5:45789957,0,0,0,0,0,0,0,0,0,0,0,0,0
chr5:45790110,0,0,0,0,0,0,0,0,0,0,0,0,0
chr5:45790935,0,0,0,0,0,0,0,0,0,0,0,0,0
chr5:45792602,0,0,0,0,0,0,0,0,0,0,0,0,0
chr5:45794281,0,0,0,0,0,0,0,0,0,0,0,0,0
chr5:45796426,0,0,0,0,0,0,0,0,0,0,0,0,0
chr5:45799768,0,0,0,0,0,0,0,0,0,0,0,0,0
chr5:45846693,0,0,0,0,0,0,0,0,0,0,0,0,0
chr5:45853185,0,0,0,0,0,0,0,0,0,0,0,0,0
chr5:45854609,0,0,0,0,0,0,0,0,0,0,0,0,0
chr5:45857347,0,0,0,0,0,0,0,0,0,0,0,0,0
chr5:45859820,0,0,0,0,0,0,0,0,0,0,0,0,0
chr5:45870188,0,0,0,0,0,0,0,0,0,0,0,0,0
chr5:45872528,0,0,0,0,0,0,0,0,0,0,0,0,0
chr5:45881907,0,0,0,0,0,0,0,0,0,0,0,0,0
chr5:45905074,0,0,0,0,0,0,0,0,0,0,0,0,0
chr5:46442507,0,0,0,0,0,0,0,0,0,0,0,0,0
chr5:47047695,0,0,0,0,0,0,0,0,0,0,0,0,0
chr5:47052048,0,0,0,0,0,0,0,0,0,0,0,0,0
chr5:47055228,0,0,0,0,0,0,0,0,0,0,0,0,0
chr5:47133945,0,0,0,0,0,0,0,0,0,0,0,0,0
chr5:47135784,0,0,0,0,0,0,0,0,0,0,0,0,0
chr5:47141539,0,0,0,0,0,0,0,0,0,0,0,0,0
chr5:48267671,0,0,0,0,0,0,0,0,0,0,0,0,0
chr5:50029517,0,0,0,0,0,0,0,0,0,0,0,0,0
chr5:50040485,1,0,0,0,1,0,0,0,0,0,0,0,0
chr5:50040494,1,0,0,0,1,0,0,0,0,0,0,0,0
chr5:50180010,0,0,0,0,0,0,0,0,0,0,0,0,0
chr5:50414881,0,0,0,0,0,0,0,0,0,0,0,0,0
chr5:53274258,1,0,0,0,1,0,0,0,0,0,0,0,0
chr5:53274411,1,0,0,0,1,0,0,0,1,1,0,0,0
chr5:53274765,1,0,0,0,1,0,0,0,0,0,0,0,0
chr5:53492424,0,0,0,0,0,0,0,0,0,0,0,0,0
chr5:56110079,1,0,0,0,1,0,0,0,1,1,0,0,0
chr5:56554038,0,0,0,0,0,0,0,0,0,0,0,0,0
chr5:56559749,0,0,0,0,0,0,0,0,0,0,0,0,0
chr5:56636929,0,0,0,0,0,0,0,0,0,0,0,0,0
chr5:56644259,0,0,0,0,0,0,0,0,0,0,0,0,0
chr5:56660740,0,0,0,0,0,0,0,0,0,0,0,0,0
chr5:56661259,0,0,0,0,0,0,0,0,0,0,0,0,0
chr5:56661795,0,0,0,0,0,0,0,0,0,0,0,0,0
chr5:56661823,0,0,0,0,0,0,0,0,0,0,0,0,0
chr5:56664718,0,0,0,0,0,0,0,0,0,0,0,0,0
chr5:56667774,0,0,0,0,0,0,0,0,0,0,0,0,0
chr5:56668801,0,0,0,0,0,0,0,0,0,0,0,0,0
chr5:56672159,0,0,0,0,0,0,0,0,0,0,0,0,0
chr5:56673437,0,0,0,0,0,0,0,0,0,0,0,0,0
chr5:56673456,0,0,0,0,0,0,0,0,0,0,0,0,0
chr5:56673552,0,0,0,0,0,0,0,0,0,0,0,0,0
chr5:56674312,0,0,0,0,0,0,0,0,0,0,0,0,0
chr5:56674447,0,0,0,0,0,0,0,0,0,0,0,0,0
chr5:56674815,0,0,0,0,0,0,0,0,0,0,0,0,0
chr5:56674928,0,0,0,0,0,0,0,0,0,0,0,0,0
chr5:56675835,0,0,0,0,0,0,0,0,0,0,0,0,0
chr5:56675957,0,0,0,0,0,0,0,0,0,0,0,0,0
chr5:56678310,0,0,0,0,0,0,0,0,0,0,0,0,0
chr5:56678454,0,0,0,0,0,0,0,0,0,0,0,0,0
chr5:56679354,0,0,0,0,0,0,0,0,0,0,0,0,0
chr5:56680404,0,0,0,0,0,0,0,0,0,0,0,0,0
chr5:56682081,0,0,0,0,0,0,0,0,0,0,0,0,0
chr5:56683108,0,0,0,0,0,0,0,0,0,0,0,0,0
chr5:56683216,0,0,0,0,0,0,0,0,0,0,0,0,0
chr5:56683260,0,0,0,0,0,0,0,0,0,0,0,0,0
chr5:56684830,0,0,0,0,0,0,0,0,0,0,0,0,0
chr5:56686613,0,0,0,0,0,0,0,0,0,0,0,0,0
chr5:56688259,0,0,0,0,0,0,0,0,0,0,0,0,0
chr5:56690464,0,0,0,0,0,0,0,0,0,0,0,0,0
chr5:56691946,0,0,0,0,0,0,0,0,0,0,0,0,0
chr5:56692850,0,0,0,0,0,0,0,0,0,0,0,0,0
chr5:56694420,0,0,0,0,0,0,0,0,0,0,0,0,0
chr5:56694730,0,0,0,0,0,0,0,0,0,0,0,0,0
chr5:56696171,0,0,0,0,0,0,0,0,0,0,0,0,0
chr5:56696310,0,0,0,0,0,0,0,0,0,0,0,0,0
chr5:56696775,0,0,0,0,0,0,0,0,0,0,0,0,0
chr5:56697442,0,0,0,0,0,0,0,0,0,0,0,0,0
chr5:56697663,0,0,0,0,0,0,0,0,0,0,0,0,0
chr5:56697916,0,0,0,0,0,0,0,0,0,0,0,0,0
chr5:56698608,0,0,0,0,0,0,0,0,0,0,0,0,0
chr5:56698849,0,0,0,0,0,0,0,0,0,0,0,0,0
chr5:56698992,0,0,0,0,0,0,0,0,0,0,0,0,0
chr5:56699310,0,0,0,0,0,0,0,0,0,0,0,0,0
chr5:56700539,0,0,0,0,0,0,0,0,0,0,0,0,0
chr5:56701550,0,0,0,0,0,0,0,0,0,0,0,0,0
chr5:56701699,0,0,0,0,0,0,0,0,0,0,0,0,0
chr5:56701823,0,0,0,0,0,0,0,0,0,0,0,0,0
chr5:56702772,0,0,0,0,0,0,0,0,0,0,0,0,0
chr5:56704064,0,0,0,0,0,0,0,0,0,0,0,0,0
chr5:56704293,0,0,0,0,0,0,0,0,0,0,0,0,0
chr5:56718201,0,0,0,0,0,0,0,0,0,0,0,0,0
chr5:56746294,0,0,0,0,0,0,0,0,0,0,0,0,0
chr5:56747320,0,0,0,0,0,0,0,0,0,0,0,0,0
chr5:56748862,0,0,0,0,0,0,0,0,0,0,0,0,0
chr5:56748889,0,0,0,0,0,0,0,0,0,0,0,0,0
chr5:56749033,0,0,0,0,0,0,0,0,0,0,0,0,0
chr5:56749133,0,0,0,0,0,0,0,0,0,0,0,0,0
chr5:56750956,0,0,0,0,0,0,0,0,0,0,0,0,0
chr5:56750991,0,0,0,0,0,0,0,0,0,0,0,0,0
chr5:56791258,0,0,0,0,0,0,0,0,0,0,0,0,0
chr5:56791383,0,1,0,0,0,1,0,0,1,0,0,0,0
chr5:56792544,0,0,0,0,0,0,0,0,0,0,0,0,0
chr5:56792605,0,0,0,0,0,0,0,0,0,0,0,0,0
chr5:56798517,0,0,0,0,0,0,0,0,0,0,0,0,0
chr5:56798588,0,0,0,0,0,0,0,0,0,0,0,0,0
chr5:56799454,0,0,0,0,0,0,0,0,0,0,0,0,0
chr5:56799514,0,0,0,0,0,0,0,0,0,0,0,0,0
chr5:56807715,0,0,0,0,0,0,0,0,0,0,0,0,0
chr5:56807797,0,0,0,0,0,0,0,0,0,0,0,0,0
chr5:56809023,0,0,0,0,0,0,0,0,0,0,0,0,0
chr5:56809031,0,0,0,0,0,0,0,0,0,0,0,0,0
chr5:56810284,0,0,0,0,0,0,0,0,0,0,0,0,0
chr5:56810381,0,0,0,0,0,0,0,0,0,0,0,0,0
chr5:56811837,0,0,0,0,0,0,0,0,0,0,0,0,0
chr5:56812232,0,0,0,0,0,0,0,0,0,0,0,0,0
chr5:56817150,0,0,0,0,0,0,0,0,0,0,0,0,0
chr5:56819112,0,0,0,0,0,0,0,0,0,0,0,0,0
chr5:56823289,0,0,0,0,0,0,0,0,0,0,0,0,0
chr5:56823303,0,0,0,0,0,0,0,0,0,0,0,0,0
chr5:56824375,0,0,0,0,0,0,0,0,0,0,0,0,0
chr5:56824414,0,0,0,0,0,0,0,0,0,0,0,0,0
chr5:56824482,0,0,0,0,0,0,0,0,0,0,0,0,0
chr5:56824998,0,0,0,0,0,0,0,0,0,0,0,0,0
chr5:56828131,0,0,0,0,0,0,0,0,0,0,0,0,0
chr5:56828268,0,0,0,0,0,0,0,0,0,0,0,0,0
chr5:56839863,0,0,0,0,0,0,0,0,0,0,0,0,0
chr5:56839921,0,0,0,0,0,0,0,0,0,0,0,0,0
chr5:56867995,0,0,0,0,0,0,0,0,0,0,0,0,0
chr5:56868040,0,0,0,0,0,0,0,0,0,0,0,0,0
chr5:56870217,0,0,0,0,0,0,0,0,0,0,0,0,0
chr5:56871361,0,0,0,0,0,0,0,0,0,0,0,0,0
chr5:56871870,0,0,0,0,0,0,0,0,0,0,0,0,0
chr5:56872230,0,0,0,0,0,0,0,0,0,0,0,0,0
chr5:56872402,0,0,0,0,0,0,0,0,0,0,0,0,0
chr5:56873685,0,0,0,0,0,0,0,0,0,0,0,0,0
chr5:56873973,0,0,0,0,0,0,0,0,0,0,0,0,0
chr5:56874111,0,0,0,0,0,0,0,0,0,0,0,0,0
chr5:56876497,0,0,0,0,0,0,0,0,0,0,0,0,0
chr5:56876879,0,0,0,0,0,0,0,0,0,0,0,0,0
chr5:56889430,0,0,0,0,0,0,0,0,0,0,0,0,0
chr5:56896967,0,0,0,0,0,0,0,0,0,0,0,0,0
chr5:56904490,0,0,0,0,0,0,0,0,0,0,0,0,0
chr5:56906365,0,0,0,0,0,0,0,0,0,0,0,0,0
chr5:56906895,0,0,0,0,0,0,0,0,0,0,0,0,0
chr5:56907376,0,0,0,0,0,0,0,0,0,0,0,0,0
chr5:56907424,0,0,0,0,0,0,0,0,0,0,0,0,0
chr5:56907668,0,0,0,0,0,0,0,0,0,0,0,0,0
chr5:56909114,0,0,0,0,0,0,0,0,0,0,0,0,0
chr5:56917409,0,0,0,0,0,0,0,0,0,0,0,0,0
chr5:56917629,0,0,0,0,0,0,0,0,0,0,0,0,0
chr5:56918351,0,0,0,0,0,0,0,0,0,0,0,0,0
chr5:56918615,0,0,0,0,0,0,0,0,0,0,0,0,0
chr5:56919997,1,0,0,0,1,0,0,0,0,0,0,0,0
chr5:56920100,1,0,0,0,1,0,0,0,1,1,0,0,0
chr5:56921042,0,0,0,0,0,0,0,0,0,0,0,0,0
chr5:56922700,0,0,0,0,0,0,0,0,0,0,0,0,0
chr5:56923439,0,0,0,0,0,0,0,0,0,0,0,0,0
chr5:56924025,0,0,0,0,0,0,0,0,0,0,0,0,0
chr5:56924204,0,0,0,0,0,0,0,0,0,0,0,0,0
chr5:56924434,0,0,0,0,0,0,0,0,0,0,0,0,0
chr5:56925784,1,0,0,0,1,0,0,0,0,0,0,0,0
chr5:56927578,1,0,0,0,1,0,0,0,1,0,1,0,0
chr5:56930104,1,0,0,0,1,0,0,0,0,0,0,0,0
chr5:56930594,1,0,0,0,1,0,0,0,0,0,0,0,0
chr5:56931343,1,0,0,0,1,0,0,0,0,0,0,0,0
chr5:56931915,1,0,0,0,1,0,0,0,0,0,0,0,0
chr5:56932333,1,0,0,0,1,0,0,0,0,0,0,0,0
chr5:56933277,1,0,0,0,1,0,0,0,0,0,0,0,0
chr5:56933788,1,0,0,0,1,0,0,0,0,0,0,0,0
chr5:56938392,1,0,0,0,1,0,0,0,1,0,0,1,0
chr5:56938975,1,0,0,0,1,0,0,0,0,0,0,0,0
chr5:56939560,1,0,0,0,1,0,0,0,1,0,1,0,0
chr5:56940323,1,0,0,0,1,0,0,0,0,0,0,0,0
chr5:56940680,1,0,0,0,1,0,0,0,1,0,1,0,0
chr5:56942924,0,0,0,0,0,0,0,0,0,0,0,0,0
chr5:56942928,0,0,0,0,0,0,0,0,0,0,0,0,0
chr5:56943915,0,0,0,0,0,0,0,0,0,0,0,0,0
chr5:56945194,0,0,0,0,0,0,0,0,0,0,0,0,0
chr5:56945265,0,0,0,0,0,0,0,0,0,0,0,0,0
chr5:56961780,0,0,0,0,0,0,0,0,0,0,0,0,0
chr5:56961799,0,0,0,0,0,0,0,0,0,0,0,0,0
chr5:56981364,0,0,0,0,0,0,0,0,0,0,0,0,0
chr5:56983224,0,0,0,0,0,0,0,0,0,0,0,0,0
chr5:56983383,0,0,0,0,0,0,0,0,0,0,0,0,0
chr5:56985272,0,0,0,0,0,0,0,0,0,0,0,0,0
chr5:56986171,0,0,0,0,0,0,0,0,0,0,0,0,0
chr5:56986173,0,0,0,0,0,0,0,0,0,0,0,0,0
chr5:56986207,0,0,0,0,0,0,0,0,0,0,0,0,0
chr5:57002323,0,0,0,0,0,0,0,0,0,0,0,0,0
chr5:57003472,0,0,0,0,0,0,0,0,0,0,0,0,0
chr5:57003541,0,0,0,0,0,0,0,0,0,0,0,0,0
chr5:57003552,0,0,0,0,0,0,0,0,0,0,0,0,0
chr5:57003936,0,0,0,0,0,0,0,0,0,0,0,0,0
chr5:57003954,0,0,0,0,0,0,0,0,0,0,0,0,0
chr5:57004994,0,0,0,0,0,0,0,0,0,0,0,0,0
chr5:57005088,0,0,0,0,0,0,0,0,0,0,0,0,0
chr5:57005155,0,0,0,0,0,0,0,0,0,0,0,0,0
chr5:57005591,0,0,0,0,0,0,0,0,0,0,0,0,0
chr5:57007905,0,0,0,0,0,0,0,0,0,0,0,0,0
chr5:57009364,0,0,0,0,0,0,0,0,0,0,0,0,0
chr5:57009958,0,0,0,0,0,0,0,0,0,0,0,0,0
chr5:57011467,0,0,0,0,0,0,0,0,0,0,0,0,0
chr5:57011603,0,0,0,0,0,0,0,0,0,0,0,0,0
chr5:57013056,0,0,0,0,0,0,0,0,0,0,0,0,0
chr5:57013484,0,0,0,0,0,0,0,0,0,0,0,0,0
chr5:57013536,0,0,0,0,0,0,0,0,0,0,0,0,0
chr5:57014488,0,0,0,0,0,0,0,0,0,0,0,0,0
chr5:57022533,0,0,0,0,0,0,0,0,0,0,0,0,0
chr5:57049404,0,0,0,0,0,0,0,0,0,0,0,0,0
chr5:57050028,0,0,0,0,0,0,0,0,0,0,0,0,0
chr5:57051893,0,0,0,0,0,0,0,0,0,0,0,0,0
chr5:57052037,0,0,0,0,0,0,0,0,0,0,0,0,0
chr5:57053556,0,0,0,0,0,0,0,0,0,0,0,0,0
chr5:57054468,0,0,0,0,0,0,0,0,0,0,0,0,0
chr5:57054519,0,0,0,0,0,0,0,0,0,0,0,0,0
chr5:57112470,0,0,0,0,0,0,0,0,0,0,0,0,0
chr5:57747652,0,0,0,0,0,0,0,0,0,0,0,0,0
chr5:58348025,0,0,0,0,0,0,0,0,0,0,0,0,0
chr5:60295494,0,0,0,0,0,0,0,0,0,0,0,0,0
chr5:60500103,0,0,0,0,0,0,0,0,0,0,0,0,0
chr5:60540084,0,0,0,0,0,0,0,0,0,0,0,0,0
chr5:60864357,0,0,0,0,0,0,0,0,0,0,0,0,0
chr5:62373790,0,0,0,0,0,0,0,0,0,0,0,0,0
chr5:62373952,0,0,0,0,0,0,0,0,0,0,0,0,0
chr5:62375779,0,0,0,0,0,0,0,0,0,0,0,0,0
chr5:62376270,0,0,0,0,0,0,0,0,0,0,0,0,0
chr5:62425479,0,0,0,0,0,0,0,0,0,0,0,0,0
chr5:62439994,0,0,0,0,0,0,0,0,0,0,0,0,0
chr5:62446153,0,0,0,0,0,0,0,0,0,0,0,0,0
chr5:62446265,0,0,0,0,0,0,0,0,0,0,0,0,0
chr5:62477885,0,0,0,0,0,0,0,0,0,0,0,0,0
chr5:62484664,0,0,0,0,0,0,0,0,0,0,0,0,0
chr5:62485226,0,0,0,0,0,0,0,0,0,0,0,0,0
chr5:62501879,0,0,0,0,0,0,0,0,0,0,0,0,0
chr5:63310861,0,0,0,0,0,0,0,0,0,0,0,0,0
chr5:66849965,1,0,0,0,1,0,0,0,1,0,1,0,0
chr5:66932047,0,0,0,0,0,0,0,0,0,0,0,0,0
chr5:68510982,0,0,0,0,0,0,0,0,0,0,0,0,0
chr5:68550898,0,0,0,0,0,0,0,0,0,0,0,0,0
chr5:68594406,0,0,0,0,0,0,0,0,0,0,0,0,0
chr5:68596336,0,0,0,0,0,0,0,0,0,0,0,0,0
chr5:68596443,0,0,0,0,0,0,0,0,0,0,0,0,0
chr5:68606259,0,0,0,0,0,0,0,0,0,0,0,0,0
chr5:68641031,0,0,0,0,0,0,0,0,0,0,0,0,0
chr5:68643443,0,0,0,0,0,0,0,0,0,0,0,0,0
chr5:68664222,0,0,0,0,0,0,0,0,0,0,0,0,0
chr5:68665753,0,0,0,0,0,0,0,0,0,0,0,0,0
chr5:68667826,0,0,0,0,0,0,0,0,0,0,0,0,0
chr5:68739588,0,0,0,0,0,0,0,0,0,0,0,0,0
chr5:68747402,1,0,0,0,1,0,0,0,1,1,0,0,0
chr5:68771351,1,0,0,0,1,0,0,0,0,0,0,0,0
chr5:68779784,0,0,0,0,0,0,0,0,0,0,0,0,0
chr5:68797434,0,0,0,0,0,0,0,0,0,0,0,0,0
chr5:68828661,0,0,0,0,0,0,0,0,0,0,0,0,0
chr5:68837040,0,0,0,0,0,0,0,0,0,0,0,0,0
chr5:69612148,1,0,0,0,1,0,0,0,0,0,0,0,0
chr5:69613820,1,0,0,0,1,0,0,0,0,0,0,0,0
chr5:69767110,1,0,0,0,1,0,0,0,0,0,0,0,0
chr5:70841448,0,0,0,0,0,0,0,0,0,0,0,0,0
chr5:71413219,0,0,0,0,0,0,0,0,0,0,0,0,0
chr5:72032518,1,0,0,0,1,0,0,0,1,0,0,1,0
chr5:72079682,1,0,0,0,1,0,0,0,0,0,0,0,0
chr5:72153108,0,0,0,0,0,0,0,0,0,0,0,0,0
chr5:72235395,0,0,0,0,0,0,0,0,0,0,0,0,0
chr5:72247860,0,0,0,0,0,0,0,0,0,0,0,0,0
chr5:72314251,0,0,0,0,0,0,0,0,0,0,0,0,0
chr5:72317668,0,0,0,0,0,0,0,0,0,0,0,0,0
chr5:72319456,0,0,0,0,0,0,0,0,0,0,0,0,0
chr5:72334206,0,0,0,0,0,0,0,0,0,0,0,0,0
chr5:72423595,0,0,0,0,0,0,0,0,0,0,0,0,0
chr5:72428052,0,0,0,0,0,0,0,0,0,0,0,0,0
chr5:72489781,0,0,0,0,0,0,0,0,0,0,0,0,0
chr5:72560050,0,0,0,0,0,0,0,0,0,0,0,0,0
chr5:72565491,0,0,0,0,0,0,0,0,0,0,0,0,0
chr5:72576624,0,0,0,0,0,0,0,0,0,0,0,0,0
chr5:72577726,0,0,0,0,0,0,0,0,0,0,0,0,0
chr5:72579082,0,0,0,0,0,0,0,0,0,0,0,0,0
chr5:72580276,0,0,0,0,0,0,0,0,0,0,0,0,0
chr5:72587196,0,0,0,0,0,0,0,0,0,0,0,0,0
chr5:72611883,0,0,0,0,0,0,0,0,0,0,0,0,0
chr5:72703777,0,0,0,0,0,0,0,0,0,0,0,0,0
chr5:72708969,0,0,0,0,0,0,0,0,0,0,0,0,0
chr5:72758519,0,0,0,0,0,0,0,0,0,0,0,0,0
chr5:72787605,0,0,0,0,0,0,0,0,0,0,0,0,0
chr5:72858788,0,0,0,0,0,0,0,0,0,0,0,0,0
chr5:73006069,0,0,0,0,0,0,0,0,0,0,0,0,0
chr5:73006168,0,0,0,0,0,0,0,0,0,0,0,0,0
chr5:73017239,0,0,0,0,0,0,0,0,0,0,0,0,0
chr5:73985609,1,0,0,0,1,0,0,0,1,1,0,0,0
chr5:74824985,1,0,0,0,1,0,0,0,0,0,0,0,0
chr5:75276003,0,0,0,0,0,0,0,0,0,0,0,0,0
chr5:75280691,0,0,0,0,0,0,0,0,0,0,0,0,0
chr5:75306291,0,0,0,0,0,0,0,0,0,0,0,0,0
chr5:75306318,0,0,0,0,0,0,0,0,0,0,0,0,0
chr5:75483067,0,0,0,0,0,0,0,0,0,0,0,0,0
chr5:75555806,0,0,0,0,0,0,0,0,0,0,0,0,0
chr5:75728707,0,0,0,0,0,0,0,0,0,0,0,0,0
chr5:75760544,0,0,0,0,0,0,0,0,0,0,0,0,0
chr5:75816926,0,0,0,0,0,0,0,0,0,0,0,0,0
chr5:75818922,0,0,0,0,0,0,0,0,0,0,0,0,0
chr5:75904270,0,0,0,0,0,0,0,0,0,0,0,0,0
chr5:75950731,0,0,0,0,0,0,0,0,0,0,0,0,0
chr5:76039325,0,0,0,0,0,0,0,0,0,0,0,0,0
chr5:76046623,0,0,0,0,0,0,0,0,0,0,0,0,0
chr5:76097867,0,0,0,0,0,0,0,0,0,0,0,0,0
chr5:76202123,0,0,0,0,0,0,0,0,0,0,0,0,0
chr5:76224925,1,0,0,0,1,0,0,0,0,0,0,0,0
chr5:76322934,0,0,0,0,0,0,0,0,0,0,0,0,0
chr5:77071668,0,0,0,0,0,0,0,0,0,0,0,0,0
chr5:77096903,0,0,0,0,0,0,0,0,0,0,0,0,0
chr5:77177404,0,0,0,0,0,0,0,0,0,0,0,0,0
chr5:77288364,0,0,0,0,0,0,0,0,0,0,0,0,0
chr5:77318676,1,0,0,0,1,0,0,0,1,1,0,1,0
chr5:78087131,0,0,0,0,0,0,0,0,0,0,0,0,0
chr5:78143924,0,0,0,0,0,0,0,0,0,0,0,0,0
chr5:79871756,1,0,0,0,1,0,0,0,0,0,0,0,0
chr5:79898744,0,0,0,0,0,0,0,0,0,0,0,0,0
chr5:79926548,0,0,0,0,0,0,0,0,0,0,0,0,0
chr5:79951775,0,0,0,0,0,0,0,0,0,0,0,0,0
chr5:82596856,0,0,0,0,0,0,0,0,0,0,0,0,0
chr5:82650739,0,0,0,0,0,0,0,0,0,0,0,0,0
chr5:82794431,0,0,0,0,0,0,0,0,0,0,0,0,0
chr5:83179536,0,0,0,0,0,0,0,0,0,0,0,0,0
chr5:83981758,0,0,0,0,0,0,0,0,0,0,0,0,0
chr5:83981816,0,0,0,0,0,0,0,0,0,0,0,0,0
chr5:84914678,0,0,0,0,0,0,0,0,0,0,0,0,0
chr5:85767181,0,0,0,0,0,0,0,0,0,0,0,0,0
chr5:96703797,1,0,0,0,1,0,0,0,0,0,0,0,0
chr5:96906529,0,0,0,0,0,0,0,0,0,0,0,0,0
chr5:103686237,0,0,0,0,0,0,0,0,0,0,0,0,0
chr5:103778733,0,0,0,0,0,0,0,0,0,0,0,0,0
chr5:103813720,0,0,0,0,0,0,0,0,0,0,0,0,0
chr5:104224131,0,0,0,0,0,0,0,0,0,0,0,0,0
chr5:104228834,0,0,0,0,0,0,0,0,0,0,0,0,0
chr5:104233311,0,0,0,0,0,0,0,0,0,0,0,0,0
chr5:104322768,0,0,0,0,0,0,0,0,0,0,0,0,0
chr5:104324863,0,0,0,0,0,0,0,0,0,0,0,0,0
chr5:104371277,0,0,0,0,0,0,0,0,0,0,0,0,0
chr5:104396909,0,0,0,0,0,0,0,0,0,0,0,0,0
chr5:104461223,0,0,0,0,0,0,0,0,0,0,0,0,0
chr5:104508376,0,0,0,0,0,0,0,0,0,0,0,0,0
chr5:104523625,0,0,0,0,0,0,0,0,0,0,0,0,0
chr5:104530833,0,0,0,0,0,0,0,0,0,0,0,0,0
chr5:104566252,0,0,0,0,0,0,0,0,0,0,0,0,0
chr5:104577384,0,0,0,0,0,0,0,0,0,0,0,0,0
chr5:104578752,0,0,0,0,0,0,0,0,0,0,0,0,0
chr5:104607190,0,0,0,0,0,0,0,0,0,0,0,0,0
chr5:104683045,0,0,0,0,0,0,0,0,0,0,0,0,0
chr5:105133738,0,0,0,0,0,0,0,0,0,0,0,0,0
chr5:105200458,0,0,0,0,0,0,0,0,0,0,0,0,0
chr5:105220656,0,0,0,0,0,0,0,0,0,0,0,0,0
chr5:105224125,0,0,0,0,0,0,0,0,0,0,0,0,0
chr5:105227567,0,0,0,0,0,0,0,0,0,0,0,0,0
chr5:105229124,0,0,0,0,0,0,0,0,0,0,0,0,0
chr5:105238150,0,0,0,0,0,0,0,0,0,0,0,0,0
chr5:105238661,0,0,0,0,0,0,0,0,0,0,0,0,0
chr5:105270798,0,0,0,0,0,0,0,0,0,0,0,0,0
chr5:105295095,0,0,0,0,0,0,0,0,0,0,0,0,0
chr5:105319591,0,0,0,0,0,0,0,0,0,0,0,0,0
chr5:105328115,0,0,0,0,0,0,0,0,0,0,0,0,0
chr5:105429466,0,0,0,0,0,0,0,0,0,0,0,0,0
chr5:105432227,0,0,0,0,0,0,0,0,0,0,0,0,0
chr5:105433283,0,0,0,0,0,0,0,0,0,0,0,0,0
chr5:105456940,0,0,0,0,0,0,0,0,0,0,0,0,0
chr5:105476347,0,0,0,0,0,0,0,0,0,0,0,0,0
chr5:105511499,0,0,0,0,0,0,0,0,0,0,0,0,0
chr5:105517250,0,0,0,0,0,0,0,0,0,0,0,0,0
chr5:105544592,0,0,0,0,0,0,0,0,0,0,0,0,0
chr5:105585776,0,0,0,0,0,0,0,0,0,0,0,0,0
chr5:105586203,0,0,0,0,0,0,0,0,0,0,0,0,0
chr5:105658621,0,0,0,0,0,0,0,0,0,0,0,0,0
chr5:105796216,0,0,0,0,0,0,0,0,0,0,0,0,0
chr5:105837141,0,0,0,0,0,0,0,0,0,0,0,0,0
chr5:105864739,0,0,0,0,0,0,0,0,0,0,0,0,0
chr5:106006966,0,0,0,0,0,0,0,0,0,0,0,0,0
chr5:106031112,0,0,0,0,0,0,0,0,0,0,0,0,0
chr5:106301889,0,0,0,0,0,0,0,0,0,0,0,0,0
chr5:106324127,0,0,0,0,0,0,0,0,0,0,0,0,0
chr5:106336946,0,0,0,0,0,0,0,0,0,0,0,0,0
chr5:106348703,0,0,0,0,0,0,0,0,0,0,0,0,0
chr5:106374826,0,0,0,0,0,0,0,0,0,0,0,0,0
chr5:106475476,0,0,0,0,0,0,0,0,0,0,0,0,0
chr5:106477228,0,0,0,0,0,0,0,0,0,0,0,0,0
chr5:106548698,0,0,0,0,0,0,0,0,0,0,0,0,0
chr5:106580793,0,0,0,0,0,0,0,0,0,0,0,0,0
chr5:106622316,0,0,0,0,0,0,0,0,0,0,0,0,0
chr5:106625540,0,0,0,0,0,0,0,0,0,0,0,0,0
chr5:106711263,0,0,0,0,0,0,0,0,0,0,0,0,0
chr5:106765177,0,0,0,0,0,0,0,0,0,0,0,0,0
chr5:106818999,0,0,0,0,0,0,0,0,0,0,0,0,0
chr5:106821488,0,0,0,0,0,0,0,0,0,0,0,0,0
chr5:106855474,0,0,0,0,0,0,0,0,0,0,0,0,0
chr5:106864927,0,0,0,0,0,0,0,0,0,0,0,0,0
chr5:106971840,0,0,0,0,0,0,0,0,0,0,0,0,0
chr5:107155138,0,0,0,0,0,0,0,0,0,0,0,0,0
chr5:107156377,0,0,0,0,0,0,0,0,0,0,0,0,0
chr5:107158002,0,0,0,0,0,0,0,0,0,0,0,0,0
chr5:107346480,0,0,0,0,0,0,0,0,0,0,0,0,0
chr5:107452662,0,0,0,0,0,0,0,0,0,0,0,0,0
chr5:107626066,0,0,0,0,0,0,0,0,0,0,0,0,0
chr5:107636106,0,0,0,0,0,0,0,0,0,0,0,0,0
chr5:107636122,0,0,0,0,0,0,0,0,0,0,0,0,0
chr5:107636922,0,0,0,0,0,0,0,0,0,0,0,0,0
chr5:107726105,0,0,0,0,0,0,0,0,0,0,0,0,0
chr5:107727892,0,0,0,0,0,0,0,0,0,0,0,0,0
chr5:107728596,0,0,0,0,0,0,0,0,0,0,0,0,0
chr5:107730344,0,0,0,0,0,0,0,0,0,0,0,0,0
chr5:107734187,0,0,0,0,0,0,0,0,0,0,0,0,0
chr5:107735201,0,0,0,0,0,0,0,0,0,0,0,0,0
chr5:107735568,0,0,0,0,0,0,0,0,0,0,0,0,0
chr5:107741489,0,0,0,0,0,0,0,0,0,0,0,0,0
chr5:107756287,0,0,0,0,0,0,0,0,0,0,0,0,0
chr5:107762930,0,0,0,0,0,0,0,0,0,0,0,0,0
chr5:107769399,0,0,0,0,0,0,0,0,0,0,0,0,0
chr5:107774641,0,0,0,0,0,0,0,0,0,0,0,0,0
chr5:107774650,0,0,0,0,0,0,0,0,0,0,0,0,0
chr5:107775795,0,0,0,0,0,0,0,0,0,0,0,0,0
chr5:107787659,0,0,0,0,0,0,0,0,0,0,0,0,0
chr5:107789290,0,0,0,0,0,0,0,0,0,0,0,0,0
chr5:107789311,0,0,0,0,0,0,0,0,0,0,0,0,0
chr5:107805314,0,0,0,0,0,0,0,0,0,0,0,0,0
chr5:107808086,0,0,0,0,0,0,0,0,0,0,0,0,0
chr5:107823094,0,0,0,0,0,0,0,0,0,0,0,0,0
chr5:107823406,0,0,0,0,0,0,0,0,0,0,0,0,0
chr5:107825102,0,0,0,0,0,0,0,0,0,0,0,0,0
chr5:107827111,0,0,0,0,0,0,0,0,0,0,0,0,0
chr5:107850592,1,0,0,0,1,0,0,0,1,1,0,1,0
chr5:107851693,1,0,0,0,1,0,0,0,1,1,1,0,0
chr5:107854591,0,0,0,0,0,0,0,0,0,0,0,0,0
chr5:107855636,0,0,0,0,0,0,0,0,0,0,0,0,0
chr5:107856883,0,0,0,0,0,0,0,0,0,0,0,0,0
chr5:107858383,0,0,0,0,0,0,0,0,0,0,0,0,0
chr5:107859642,0,0,0,0,0,0,0,0,0,0,0,0,0
chr5:107861001,0,0,0,0,0,0,0,0,0,0,0,0,0
chr5:107862809,0,0,0,0,0,0,0,0,0,0,0,0,0
chr5:107864212,0,0,0,0,0,0,0,0,0,0,0,0,0
chr5:107867972,0,0,0,0,0,0,0,0,0,0,0,0,0
chr5:107870445,0,0,0,0,0,0,0,0,0,0,0,0,0
chr5:107871201,0,0,0,0,0,0,0,0,0,0,0,0,0
chr5:107872746,0,0,0,0,0,0,0,0,0,0,0,0,0
chr5:107873656,0,0,0,0,0,0,0,0,0,0,0,0,0
chr5:107877112,0,0,0,0,0,0,0,0,0,0,0,0,0
chr5:107881609,0,0,0,0,0,0,0,0,0,0,0,0,0
chr5:107882731,0,0,0,0,0,0,0,0,0,0,0,0,0
chr5:107886415,0,0,0,0,0,0,0,0,0,0,0,0,0
chr5:107933677,0,0,0,0,0,0,0,0,0,0,0,0,0
chr5:107955555,0,0,0,0,0,0,0,0,0,0,0,0,0
chr5:107955686,0,0,0,0,0,0,0,0,0,0,0,0,0
chr5:108022068,0,0,0,0,0,0,0,0,0,0,0,0,0
chr5:108022995,0,0,0,0,0,0,0,0,0,0,0,0,0
chr5:108044244,0,0,0,0,0,0,0,0,0,0,0,0,0
chr5:108044463,0,0,0,0,0,0,0,0,0,0,0,0,0
chr5:108081297,0,0,0,0,0,0,0,0,0,0,0,0,0
chr5:108103628,0,0,0,0,0,0,0,0,0,0,0,0,0
chr5:108109306,0,0,0,0,0,0,0,0,0,0,0,0,0
chr5:108110374,0,0,0,0,0,0,0,0,0,0,0,0,0
chr5:108179819,0,0,0,0,0,0,0,0,0,0,0,0,0
chr5:108186943,0,0,0,0,0,0,0,0,0,0,0,0,0
chr5:108188647,0,0,0,0,0,0,0,0,0,0,0,0,0
chr5:108260003,0,0,0,0,0,0,0,0,0,0,0,0,0
chr5:108264595,0,0,0,0,0,0,0,0,0,0,0,0,0
chr5:108274083,1,0,0,0,1,0,0,0,0,0,0,0,0
chr5:108276052,1,0,0,0,1,0,0,0,0,0,0,0,0
chr5:108279220,1,0,0,0,1,0,0,0,1,1,0,0,0
chr5:108282491,1,0,0,0,1,0,0,0,0,0,0,0,0
chr5:108282689,1,0,0,0,1,0,0,0,0,0,0,0,0
chr5:108291145,1,0,0,0,1,0,0,0,0,0,0,0,0
chr5:108291671,1,0,0,0,1,0,0,0,0,0,0,0,0
chr5:108604176,0,0,0,0,0,0,0,0,0,0,0,0,0
chr5:108647846,0,0,0,0,0,0,0,0,0,0,0,0,0
chr5:108721552,0,0,0,0,0,0,0,0,0,0,0,0,0
chr5:108784288,0,0,0,0,0,0,0,0,0,0,0,0,0
chr5:108789464,0,0,0,0,0,0,0,0,0,0,0,0,0
chr5:108945414,0,0,0,0,0,0,0,0,0,0,0,0,0
chr5:109015039,0,0,0,0,0,0,0,0,0,0,0,0,0
chr5:109115414,0,0,0,0,0,0,0,0,0,0,0,0,0
chr5:109167071,0,0,0,0,0,0,0,0,0,0,0,0,0
chr5:109230361,0,0,0,0,0,0,0,0,0,0,0,0,0
chr5:109279728,0,0,0,0,0,0,0,0,0,0,0,0,0
chr5:109283938,0,0,0,0,0,0,0,0,0,0,0,0,0
chr5:109283983,0,0,0,0,0,0,0,0,0,0,0,0,0
chr5:109332734,0,0,0,0,0,0,0,0,0,0,0,0,0
chr5:109399266,0,0,0,0,0,0,0,0,0,0,0,0,0
chr5:109416667,0,0,0,0,0,0,0,0,0,0,0,0,0
chr5:109430075,0,0,0,0,0,0,0,0,0,0,0,0,0
chr5:109430142,0,0,0,0,0,0,0,0,0,0,0,0,0
chr5:109430217,0,0,0,0,0,0,0,0,0,0,0,0,0
chr5:109445995,0,0,0,0,0,0,0,0,0,0,0,0,0
chr5:109464778,0,0,0,0,0,0,0,0,0,0,0,0,0
chr5:109494289,0,0,0,0,0,0,0,0,0,0,0,0,0
chr5:109507959,0,0,0,0,0,0,0,0,0,0,0,0,0
chr5:109509125,0,0,0,0,0,0,0,0,0,0,0,0,0
chr5:109547898,0,0,0,0,0,0,0,0,0,0,0,0,0
chr5:109700758,0,0,0,0,0,0,0,0,0,0,0,0,0
chr5:109746362,0,0,0,0,0,0,0,0,0,0,0,0,0
chr5:109755283,0,0,0,0,0,0,0,0,0,0,0,0,0
chr5:109758759,0,0,0,0,0,0,0,0,0,0,0,0,0
chr5:109763993,0,0,0,0,0,0,0,0,0,0,0,0,0
chr5:109798245,1,0,0,0,1,0,0,0,0,0,0,0,0
chr5:109859940,0,0,0,0,0,0,0,0,0,0,0,0,0
chr5:109863650,0,0,0,0,0,0,0,0,0,0,0,0,0
chr5:109907148,0,0,0,0,0,0,0,0,0,0,0,0,0
chr5:109911776,0,0,0,0,0,0,0,0,0,0,0,0,0
chr5:109914355,0,0,0,0,0,0,0,0,0,0,0,0,0
chr5:109934889,0,0,0,0,0,0,0,0,0,0,0,0,0
chr5:109960994,0,0,0,0,0,0,0,0,0,0,0,0,0
chr5:109985997,0,0,0,0,0,0,0,0,0,0,0,0,0
chr5:110048283,0,0,0,0,0,0,0,0,0,0,0,0,0
chr5:110055529,0,0,0,0,0,0,0,0,0,0,0,0,0
chr5:110121098,0,0,0,0,0,0,0,0,0,0,0,0,0
chr5:110121114,0,0,0,0,0,0,0,0,0,0,0,0,0
chr5:110147819,0,0,0,0,0,0,0,0,0,0,0,0,0
chr5:110159543,0,0,0,0,0,0,0,0,0,0,0,0,0
chr5:110162161,0,0,0,0,0,0,0,0,0,0,0,0,0
chr5:110162407,0,0,0,0,0,0,0,0,0,0,0,0,0
chr5:110200632,0,0,0,0,0,0,0,0,0,0,0,0,0
chr5:110309407,0,0,0,0,0,0,0,0,0,0,0,0,0
chr5:110366326,0,0,0,0,0,0,0,0,0,0,0,0,0
chr5:110436629,0,0,0,0,0,0,0,0,0,0,0,0,0
chr5:110483127,0,0,0,0,0,0,0,0,0,0,0,0,0
chr5:110509142,0,0,0,0,0,0,0,0,0,0,0,0,0
chr5:110606118,0,0,0,0,0,0,0,0,0,0,0,0,0
chr5:110620088,0,0,0,0,0,0,0,0,0,0,0,0,0
chr5:110620153,0,0,0,0,0,0,0,0,0,0,0,0,0
chr5:110622803,0,0,0,0,0,0,0,0,0,0,0,0,0
chr5:110624459,0,0,0,0,0,0,0,0,0,0,0,0,0
chr5:110716625,0,0,0,0,0,0,0,0,0,0,0,0,0
chr5:110739431,0,0,0,0,0,0,0,0,0,0,0,0,0
chr5:110768751,0,0,0,0,0,0,0,0,0,0,0,0,0
chr5:110832312,0,0,0,0,0,0,0,0,0,0,0,0,0
chr5:110913204,0,0,0,0,0,0,0,0,0,0,0,0,0
chr5:110932977,0,0,0,0,0,0,0,0,0,0,0,0,0
chr5:110959039,0,0,0,0,0,0,0,0,0,0,0,0,0
chr5:110959040,0,0,0,0,0,0,0,0,0,0,0,0,0
chr5:110972236,0,0,0,0,0,0,0,0,0,0,0,0,0
chr5:110973075,0,0,0,0,0,0,0,0,0,0,0,0,0
chr5:110980663,0,0,0,0,0,0,0,0,0,0,0,0,0
chr5:110985517,0,0,0,0,0,0,0,0,0,0,0,0,0
chr5:110988141,0,0,0,0,0,0,0,0,0,0,0,0,0
chr5:110988147,0,0,0,0,0,0,0,0,0,0,0,0,0
chr5:111095984,0,0,0,0,0,0,0,0,0,0,0,0,0
chr5:111158334,0,0,0,0,0,0,0,0,0,0,0,0,0
chr5:111165774,0,0,0,0,0,0,0,0,0,0,0,0,0
chr5:111304906,0,0,0,0,0,0,0,0,0,0,0,0,0
chr5:111324691,0,0,0,0,0,0,0,0,0,0,0,0,0
chr5:111325146,0,0,0,0,0,0,0,0,0,0,0,0,0
chr5:111327060,0,0,0,0,0,0,0,0,0,0,0,0,0
chr5:111327884,0,0,0,0,0,0,0,0,0,0,0,0,0
chr5:111339410,0,0,0,0,0,0,0,0,0,0,0,0,0
chr5:111339491,0,0,0,0,0,0,0,0,0,0,0,0,0
chr5:111355731,0,0,0,0,0,0,0,0,0,0,0,0,0
chr5:111358153,0,0,0,0,0,0,0,0,0,0,0,0,0
chr5:111504136,0,0,0,0,0,0,0,0,0,0,0,0,0
chr5:111527623,0,0,0,0,0,0,0,0,0,0,0,0,0
chr5:111579473,0,0,0,0,0,0,0,0,0,0,0,0,0
chr5:111590455,0,0,0,0,0,0,0,0,0,0,0,0,0
chr5:111607358,0,0,0,0,0,0,0,0,0,0,0,0,0
chr5:111610330,0,0,0,0,0,0,0,0,0,0,0,0,0
chr5:111628139,0,0,0,0,0,0,0,0,0,0,0,0,0
chr5:111721140,0,0,0,0,0,0,0,0,0,0,0,0,0
chr5:111791394,0,0,0,0,0,0,0,0,0,0,0,0,0
chr5:111800474,0,0,0,0,0,0,0,0,0,0,0,0,0
chr5:111830704,0,0,0,0,0,0,0,0,0,0,0,0,0
chr5:111927624,0,0,0,0,0,0,0,0,0,0,0,0,0
chr5:111935321,0,0,0,0,0,0,0,0,0,0,0,0,0
chr5:111942892,0,0,0,0,0,0,0,0,0,0,0,0,0
chr5:112009882,0,0,0,0,0,0,0,0,0,0,0,0,0
chr5:112020838,0,0,0,0,0,0,0,0,0,0,0,0,0
chr5:112065450,0,0,0,0,0,0,0,0,0,0,0,0,0
chr5:112081529,0,0,0,0,0,0,0,0,0,0,0,0,0
chr5:112163221,0,0,0,0,0,0,0,0,0,0,0,0,0
chr5:112269084,0,0,0,0,0,0,0,0,0,0,0,0,0
chr5:112313186,0,0,0,0,0,0,0,0,0,0,0,0,0
chr5:112314583,0,0,0,0,0,0,0,0,0,0,0,0,0
chr5:112412724,0,0,0,0,0,0,0,0,0,0,0,0,0
chr5:112416764,0,0,0,0,0,0,0,0,0,0,0,0,0
chr5:112428784,0,0,0,0,0,0,0,0,0,0,0,0,0
chr5:112445388,0,0,0,0,0,0,0,0,0,0,0,0,0
chr5:112490913,0,0,0,0,0,0,0,0,0,0,0,0,0
chr5:112573723,0,0,0,0,0,0,0,0,0,0,0,0,0
chr5:112590439,0,0,0,0,0,0,0,0,0,0,0,0,0
chr5:112608076,0,0,0,0,0,0,0,0,0,0,0,0,0
chr5:112627607,0,0,0,0,0,0,0,0,0,0,0,0,0
chr5:112629027,0,0,0,0,0,0,0,0,0,0,0,0,0
chr5:112692392,0,0,0,0,0,0,0,0,0,0,0,0,0
chr5:112695370,0,0,0,0,0,0,0,0,0,0,0,0,0
chr5:112696290,0,0,0,0,0,0,0,0,0,0,0,0,0
chr5:112700273,0,0,0,0,0,0,0,0,0,0,0,0,0
chr5:112702287,0,0,0,0,0,0,0,0,0,0,0,0,0
chr5:112704438,0,0,0,0,0,0,0,0,0,0,0,0,0
chr5:112746099,0,0,0,0,0,0,0,0,0,0,0,0,0
chr5:112773585,0,0,0,0,0,0,0,0,0,0,0,0,0
chr5:112773626,0,0,0,0,0,0,0,0,0,0,0,0,0
chr5:112778745,0,0,0,0,0,0,0,0,0,0,0,0,0
chr5:112780449,0,0,0,0,0,0,0,0,0,0,0,0,0
chr5:112797801,0,0,0,0,0,0,0,0,0,0,0,0,0
chr5:112804569,0,0,0,0,0,0,0,0,0,0,0,0,0
chr5:112806194,0,0,0,0,0,0,0,0,0,0,0,0,0
chr5:112817536,0,0,0,0,0,0,0,0,0,0,0,0,0
chr5:113049203,0,0,0,0,0,0,0,0,0,0,0,0,0
chr5:113418745,0,0,0,0,0,0,0,0,0,0,0,0,0
chr5:113636779,0,0,0,0,0,0,0,0,0,0,0,0,0
chr5:113765100,0,0,0,0,0,0,0,0,0,0,0,0,0
chr5:114085647,0,0,0,0,0,0,0,0,0,0,0,0,0
chr5:114594826,0,0,0,0,0,0,0,0,0,0,0,0,0
chr5:114771881,0,0,0,0,0,0,0,0,0,0,0,0,0
chr5:115071025,0,0,0,0,0,0,0,0,0,0,0,0,0
chr5:115080555,0,0,0,0,0,0,0,0,0,0,0,0,0
chr5:115105030,0,0,0,0,0,0,0,0,0,0,0,0,0
chr5:119424644,0,0,0,0,0,0,0,0,0,0,0,0,0
chr5:121186041,0,0,0,0,0,0,0,0,0,0,0,0,0
chr5:127360254,0,0,0,0,0,0,0,0,0,0,0,0,0
chr5:127360296,0,0,0,0,0,0,0,0,0,0,0,0,0
chr5:127361798,0,0,0,0,0,0,0,0,0,0,0,0,0
chr5:127366347,0,0,0,0,0,0,0,0,0,0,0,0,0
chr5:127489525,0,0,0,0,0,0,0,0,0,0,0,0,0
chr5:127508411,0,0,0,0,0,0,0,0,0,0,0,0,0
chr5:127754470,0,0,0,0,0,0,0,0,0,0,0,0,0
chr5:127789275,0,0,0,0,0,0,0,0,0,0,0,0,0
chr5:127849005,0,0,0,0,0,0,0,0,0,0,0,0,0
chr5:127856962,0,0,0,0,0,0,0,0,0,0,0,0,0
chr5:127894336,0,0,0,0,0,0,0,0,0,0,0,0,0
chr5:127900522,0,0,0,0,0,0,0,0,0,0,0,0,0
chr5:128108096,0,0,0,0,0,0,0,0,0,0,0,0,0
chr5:128114342,0,0,0,0,0,0,0,0,0,0,0,0,0
chr5:128122198,0,0,0,0,0,0,0,0,0,0,0,0,0
chr5:128159834,0,0,0,0,0,0,0,0,0,0,0,0,0
chr5:128172514,0,0,0,0,0,0,0,0,0,0,0,0,0
chr5:128198881,0,0,0,0,0,0,0,0,0,0,0,0,0
chr5:128208577,0,0,0,0,0,0,0,0,0,0,0,0,0
chr5:128267245,0,0,0,0,0,0,0,0,0,0,0,0,0
chr5:128343833,0,0,0,0,0,0,0,0,0,0,0,0,0
chr5:128344092,0,0,0,0,0,0,0,0,0,0,0,0,0
chr5:128713344,0,0,0,0,0,0,0,0,0,0,0,0,0
chr5:128756740,0,0,0,0,0,0,0,0,0,0,0,0,0
chr5:129006042,0,0,0,0,0,0,0,0,0,0,0,0,0
chr5:129047302,0,0,0,0,0,0,0,0,0,0,0,0,0
chr5:129183645,0,0,0,0,0,0,0,0,0,0,0,0,0
chr5:129523156,1,0,0,0,1,0,0,0,0,0,0,0,0
chr5:131088966,0,0,0,0,0,0,0,0,0,0,0,0,0
chr5:131285182,0,0,0,0,0,0,0,0,0,0,0,0,0
chr5:131288333,0,0,0,0,0,0,0,0,0,0,0,0,0
chr5:131353879,0,0,0,0,0,0,0,0,0,0,0,0,0
chr5:131366217,0,0,0,0,0,0,0,0,0,0,0,0,0
chr5:131384022,0,0,0,0,0,0,0,0,0,0,0,0,0
chr5:131435129,0,0,0,0,0,0,0,0,0,0,0,0,0
chr5:133311683,0,0,0,0,0,0,0,0,0,0,0,0,0
chr5:134048012,0,0,0,0,0,0,0,0,0,0,0,0,0
chr5:134066003,0,0,0,0,0,0,0,0,0,0,0,0,0
chr5:135637215,0,0,0,0,0,0,0,0,0,0,0,0,0
chr5:136715578,0,0,0,0,0,0,0,0,0,0,0,0,0
chr5:136718238,0,0,0,0,0,0,0,0,0,0,0,0,0
chr5:136723246,0,0,0,0,0,0,0,0,0,0,0,0,0
chr5:136723278,0,0,0,0,0,0,0,0,0,0,0,0,0
chr5:136730199,0,0,0,0,0,0,0,0,0,0,0,0,0
chr5:136746829,0,0,0,0,0,0,0,0,0,0,0,0,0
chr5:136748587,0,0,0,0,0,0,0,0,0,0,0,0,0
chr5:136910799,0,0,0,0,0,0,0,0,0,0,0,0,0
chr5:136919103,0,0,0,0,0,0,0,0,0,0,0,0,0
chr5:137001154,0,0,0,0,0,0,0,0,0,0,0,0,0
chr5:137017258,0,0,0,0,0,0,0,0,0,0,0,0,0
chr5:137033502,0,0,0,0,0,0,0,0,0,0,0,0,0
chr5:137049218,0,0,0,0,0,0,0,0,0,0,0,0,0
chr5:137090814,0,0,0,0,0,0,0,0,0,0,0,0,0
chr5:137120056,0,0,0,0,0,0,0,0,0,0,0,0,0
chr5:137126626,0,0,0,0,0,0,0,0,0,0,0,0,0
chr5:137152040,0,0,0,0,0,0,0,0,0,0,0,0,0
chr5:137223704,0,0,0,0,0,0,0,0,0,0,0,0,0
chr5:137235465,0,0,0,0,0,0,0,0,0,0,0,0,0
chr5:137423824,0,0,0,0,0,0,0,0,0,0,0,0,0
chr5:137425689,0,0,0,0,0,0,0,0,0,0,0,0,0
chr5:137427904,0,0,0,0,0,0,0,0,0,0,0,0,0
chr5:137427971,0,0,0,0,0,0,0,0,0,0,0,0,0
chr5:137442102,0,0,0,0,0,0,0,0,0,0,0,0,0
chr5:138519428,0,0,0,0,0,0,0,0,0,0,0,0,0
chr5:138635961,0,0,0,0,0,0,0,0,0,0,0,0,0
chr5:138666077,0,0,0,0,0,0,0,0,0,0,0,0,0
chr5:139575914,0,0,0,0,0,0,0,0,0,0,0,0,0
chr5:141203186,0,0,0,0,0,0,0,0,0,0,0,0,0
chr5:142725687,0,0,0,0,0,0,0,0,0,0,0,0,0
chr5:142995798,0,0,0,0,0,0,0,0,0,0,0,0,0
chr5:143448183,0,0,0,0,0,0,0,0,0,0,0,0,0
chr5:144301276,0,0,0,0,0,0,0,0,0,0,0,0,0
chr5:144347618,0,0,0,0,0,0,0,0,0,0,0,0,0
chr5:144543209,1,0,0,0,1,0,0,0,0,0,0,0,0
chr5:144816854,0,0,0,0,0,0,0,0,0,0,0,0,0
chr5:144817026,0,0,0,0,0,0,0,0,0,0,0,0,0
chr5:144817406,0,0,0,0,0,0,0,0,0,0,0,0,0
chr5:144817504,0,0,0,0,0,0,0,0,0,0,0,0,0
chr5:147364783,0,0,0,0,0,0,0,0,0,0,0,0,0
chr5:147404090,0,0,0,0,0,0,0,0,0,0,0,0,0
chr5:147406319,0,0,0,0,0,0,0,0,0,0,0,0,0
chr5:147561246,0,0,0,0,0,0,0,0,0,0,0,0,0
chr5:147569966,0,0,0,0,0,0,0,0,0,0,0,0,0
chr5:147572882,0,0,0,0,0,0,0,0,0,0,0,0,0
chr5:147573109,0,0,0,0,0,0,0,0,0,0,0,0,0
chr5:147601312,0,0,0,0,0,0,0,0,0,0,0,0,0
chr5:147601473,0,0,0,0,0,0,0,0,0,0,0,0,0
chr5:147605588,0,0,0,0,0,0,0,0,0,0,0,0,0
chr5:147645284,0,0,0,0,0,0,0,0,0,0,0,0,0
chr5:147645302,0,0,0,0,0,0,0,0,0,0,0,0,0
chr5:148255479,0,0,0,0,0,0,0,0,0,0,0,0,0
chr5:148291020,0,0,0,0,0,0,0,0,0,0,0,0,0
chr5:148682908,0,0,0,0,0,0,0,0,0,0,0,0,0
chr5:149102985,0,0,0,0,0,0,0,0,0,0,0,0,0
chr5:149296941,0,0,0,0,0,0,0,0,0,0,0,0,0
chr5:149445831,0,0,0,0,0,0,0,0,0,0,0,0,0
chr5:150361477,0,0,0,0,0,0,0,0,0,0,0,0,0
chr5:152040809,0,0,0,0,0,0,0,0,0,0,0,0,0
chr5:152043215,0,0,0,0,0,0,0,0,0,0,0,0,0
chr5:152109813,0,0,0,0,0,0,0,0,0,0,0,0,0
chr5:152220322,0,0,0,0,0,0,0,0,0,0,0,0,0
chr5:152227510,0,0,0,0,0,0,0,0,0,0,0,0,0
chr5:152300903,0,0,0,0,0,0,0,0,0,0,0,0,0
chr5:152302299,0,0,0,0,0,0,0,0,0,0,0,0,0
chr5:152302793,0,0,0,0,0,0,0,0,0,0,0,0,0
chr5:152306112,0,0,0,0,0,0,0,0,0,0,0,0,0
chr5:152312303,0,0,0,0,0,0,0,0,0,0,0,0,0
chr5:152334451,0,0,0,0,0,0,0,0,0,0,0,0,0
chr5:152390881,0,0,0,0,0,0,0,0,0,0,0,0,0
chr5:152390894,0,0,0,0,0,0,0,0,0,0,0,0,0
chr5:152424321,0,0,0,0,0,0,0,0,0,0,0,0,0
chr5:152426051,0,0,0,0,0,0,0,0,0,0,0,0,0
chr5:152427199,0,0,0,0,0,0,0,0,0,0,0,0,0
chr5:152427655,0,0,0,0,0,0,0,0,0,0,0,0,0
chr5:152429182,0,0,0,0,0,0,0,0,0,0,0,0,0
chr5:152436410,0,0,0,0,0,0,0,0,0,0,0,0,0
chr5:152444181,0,0,0,0,0,0,0,0,0,0,0,0,0
chr5:152444645,0,0,0,0,0,0,0,0,0,0,0,0,0
chr5:152456010,0,0,0,0,0,0,0,0,0,0,0,0,0
chr5:152670389,0,0,0,0,0,0,0,0,0,0,0,0,0
chr5:152673503,0,0,0,0,0,0,0,0,0,0,0,0,0
chr5:152673962,0,0,0,0,0,0,0,0,0,0,0,0,0
chr5:152690822,0,0,0,0,0,0,0,0,0,0,0,0,0
chr5:152690832,0,0,0,0,0,0,0,0,0,0,0,0,0
chr5:152702005,0,0,0,0,0,0,0,0,0,0,0,0,0
chr5:152702266,0,0,0,0,0,0,0,0,0,0,0,0,0
chr5:152711020,0,0,0,0,0,0,0,0,0,0,0,0,0
chr5:152717712,0,0,0,0,0,0,0,0,0,0,0,0,0
chr5:152718841,0,0,0,0,0,0,0,0,0,0,0,0,0
chr5:152744420,0,0,0,0,0,0,0,0,0,0,0,0,0
chr5:152778138,0,0,0,0,0,0,0,0,0,0,0,0,0
chr5:152783652,0,0,0,0,0,0,0,0,0,0,0,0,0
chr5:152804139,0,0,0,0,0,0,0,0,0,0,0,0,0
chr5:152809161,0,0,0,0,0,0,0,0,0,0,0,0,0
chr5:152814497,0,0,0,0,0,0,0,0,0,0,0,0,0
chr5:152963739,0,0,0,0,0,0,0,0,0,0,0,0,0
chr5:152987132,0,0,0,0,0,0,0,0,0,0,0,0,0
chr5:152992719,0,0,0,0,0,0,0,0,0,0,0,0,0
chr5:153101408,0,0,0,0,0,0,0,0,0,0,0,0,0
chr5:153106603,0,0,0,0,0,0,0,0,0,0,0,0,0
chr5:153114647,0,0,0,0,0,0,0,0,0,0,0,0,0
chr5:153130403,0,0,0,0,0,0,0,0,0,0,0,0,0
chr5:153238726,0,0,0,0,0,0,0,0,0,0,0,0,0
chr5:153244067,0,0,0,0,0,0,0,0,0,0,0,0,0
chr5:153257783,0,0,0,0,0,0,0,0,0,0,0,0,0
chr5:153279363,0,0,0,0,0,0,0,0,0,0,0,0,0
chr5:153279379,0,0,0,0,0,0,0,0,0,0,0,0,0
chr5:153286189,0,0,0,0,0,0,0,0,0,0,0,0,0
chr5:153340289,0,0,0,0,0,0,0,0,0,0,0,0,0
chr5:153356246,0,0,0,0,0,0,0,0,0,0,0,0,0
chr5:153398554,0,0,0,0,0,0,0,0,0,0,0,0,0
chr5:153403304,0,0,0,0,0,0,0,0,0,0,0,0,0
chr5:153406251,0,0,0,0,0,0,0,0,0,0,0,0,0
chr5:153430614,0,0,0,0,0,0,0,0,0,0,0,0,0
chr5:153638581,0,0,0,0,0,0,0,0,0,0,0,0,0
chr5:153642824,0,0,0,0,0,0,0,0,0,0,0,0,0
chr5:154452418,0,0,0,0,0,0,0,0,0,0,0,0,0
chr5:155425680,0,0,0,0,0,0,0,0,0,0,0,0,0
chr5:155460409,1,0,0,0,1,0,0,0,0,0,0,0,0
chr5:160502716,0,0,0,0,0,0,0,0,0,0,0,0,0
chr5:162434431,0,0,0,0,0,0,0,0,0,0,0,0,0
chr5:162436413,0,0,0,0,0,0,0,0,0,0,0,0,0
chr5:162439371,0,0,0,0,0,0,0,0,0,0,0,0,0
chr5:162469991,0,0,0,0,0,0,0,0,0,0,0,0,0
chr5:162547118,1,0,0,0,1,0,0,0,1,0,0,1,0
chr5:164559123,0,0,0,0,0,0,0,0,0,0,0,0,0
chr5:165461428,0,0,0,0,0,0,0,0,0,0,0,0,0
chr5:165461873,0,0,0,0,0,0,0,0,0,0,0,0,0
chr5:165497332,0,0,0,0,0,0,0,0,0,0,0,0,0
chr5:167957098,0,0,0,0,0,0,0,0,0,0,0,0,0
chr5:167967136,0,0,0,0,0,0,0,0,0,0,0,0,0
chr5:168994869,1,0,0,0,1,0,0,0,0,0,0,0,0
chr5:169056231,0,0,0,0,0,0,0,0,0,0,0,0,0
chr5:169066328,0,0,0,0,0,0,0,0,0,0,0,0,0
chr5:169150016,0,0,0,0,0,0,0,0,0,0,0,0,0
chr5:169157468,0,0,0,0,0,0,0,0,0,0,0,0,0
chr5:169873762,0,0,0,0,0,0,0,0,0,0,0,0,0
chr5:169878206,0,0,0,0,0,0,0,0,0,0,0,0,0
chr5:169878225,0,0,0,0,0,0,0,0,0,0,0,0,0
chr5:169879745,0,0,0,0,0,0,0,0,0,0,0,0,0
chr5:169881377,0,0,0,0,0,0,0,0,0,0,0,0,0
chr5:169929371,0,0,0,0,0,0,0,0,0,0,0,0,0
chr5:169938330,0,0,0,0,0,0,0,0,0,0,0,0,0
chr5:169938536,0,0,0,0,0,0,0,0,0,0,0,0,0
chr5:170039134,0,0,0,0,0,0,0,0,0,0,0,0,0
chr5:171276946,0,0,0,0,0,0,0,0,0,0,0,0,0
chr5:171303689,0,0,0,0,0,0,0,0,0,0,0,0,0
chr5:172121502,0,0,0,0,0,0,0,0,0,0,0,0,0
chr5:176879560,1,0,0,0,1,0,0,0,1,1,0,0,0
chr5:176938893,0,0,0,0,0,0,0,0,0,0,0,0,0
chr5:177027938,0,0,0,0,0,0,0,0,0,0,0,0,0
chr5:178414170,0,0,0,0,0,0,0,0,0,0,0,0,0
chr5:179610774,0,0,0,0,0,0,0,0,0,0,0,0,0
chr5:179737504,0,0,0,0,0,0,0,0,0,0,0,0,0
chr5:180622808,1,0,0,0,1,0,0,0,1,0,1,0,0
chr5:180624572,1,0,0,0,1,0,0,0,0,0,0,0,0
chr5:180624604,1,0,0,0,1,0,0,0,0,0,0,0,0
chr5:180627479,0,0,0,0,0,0,0,0,0,0,0,0,0
chr5:180911004,0,0,0,0,0,0,0,0,0,0,0,0,0
chr5:181920882,0,0,0,0,0,0,0,0,0,0,0,0,0
chr5:185558559,1,0,0,0,1,0,0,0,0,0,0,0,0
chr5:188625712,1,0,0,0,1,0,0,0,1,1,0,0,0
chr5:188625863,1,0,0,0,1,0,0,0,0,0,0,0,0
chr5:188625947,1,0,0,0,1,0,0,0,1,1,0,0,0
chr5:190294959,0,0,0,0,0,0,0,0,0,0,0,0,0
chr5:190306375,0,0,0,0,0,0,0,0,0,0,0,0,0
chr5:191470918,1,0,0,0,1,0,0,0,1,0,0,1,0
chr5:191618116,0,0,0,0,0,0,0,0,0,0,0,0,0
chr5:192896387,0,0,0,0,0,0,0,0,0,0,0,0,0
chr5:192896611,0,0,0,0,0,0,0,0,0,0,0,0,0
chr5:192896670,0,0,0,0,0,0,0,0,0,0,0,0,0
chr5:192896735,0,0,0,0,0,0,0,0,0,0,0,0,0
chr5:192896819,0,0,0,0,0,0,0,0,0,0,0,0,0
chr5:192900055,0,0,0,0,0,0,0,0,0,0,0,0,0
chr5:192904233,0,0,0,0,0,0,0,0,0,0,0,0,0
chr5:192906172,0,0,0,0,0,0,0,0,0,0,0,0,0
chr5:192923900,0,0,0,0,0,0,0,0,0,0,0,0,0
chr5:192924578,0,0,0,0,0,0,0,0,0,0,0,0,0
chr5:192925014,0,0,0,0,0,0,0,0,0,0,0,0,0
chr5:192925684,0,0,0,0,0,0,0,0,0,0,0,0,0
chr5:192925691,0,0,0,0,0,0,0,0,0,0,0,0,0
chr5:192926374,0,0,0,0,0,0,0,0,0,0,0,0,0
chr5:192926771,0,0,0,0,0,0,0,0,0,0,0,0,0
chr5:192928569,0,0,0,0,0,0,0,0,0,0,0,0,0
chr5:192928602,0,0,0,0,0,0,0,0,0,0,0,0,0
chr5:192928665,0,0,0,0,0,0,0,0,0,0,0,0,0
chr5:192928930,0,0,0,0,0,0,0,0,0,0,0,0,0
chr5:192929058,0,0,0,0,0,0,0,0,0,0,0,0,0
chr5:192932200,0,0,0,0,0,0,0,0,0,0,0,0,0
chr5:192932316,0,0,0,0,0,0,0,0,0,0,0,0,0
chr5:192932568,0,0,0,0,0,0,0,0,0,0,0,0,0
chr5:192933195,0,0,0,0,0,0,0,0,0,0,0,0,0
chr5:192946721,0,0,0,0,0,0,0,0,0,0,0,0,0
chr5:192946892,0,0,0,0,0,0,0,0,0,0,0,0,0
chr5:192947325,0,0,0,0,0,0,0,0,0,0,0,0,0
chr5:192947965,0,0,0,0,0,0,0,0,0,0,0,0,0
chr5:192948648,0,0,0,0,0,0,0,0,0,0,0,0,0
chr5:192948924,0,0,0,0,0,0,0,0,0,0,0,0,0
chr5:192950405,0,0,0,0,0,0,0,0,0,0,0,0,0
chr5:192950611,0,0,0,0,0,0,0,0,0,0,0,0,0
chr5:192950995,0,0,0,0,0,0,0,0,0,0,0,0,0
chr5:192951127,0,0,0,0,0,0,0,0,0,0,0,0,0
chr5:192951511,0,0,0,0,0,0,0,0,0,0,0,0,0
chr5:192959141,0,0,0,0,0,0,0,0,0,0,0,0,0
chr5:192960620,0,0,0,0,0,0,0,0,0,0,0,0,0
chr5:192986147,0,0,0,0,0,0,0,0,0,0,0,0,0
chr5:192986258,0,0,0,0,0,0,0,0,0,0,0,0,0
chr5:192989111,0,0,0,0,0,0,0,0,0,0,0,0,0
chr5:192989222,0,0,0,0,0,0,0,0,0,0,0,0,0
chr5:192989278,0,0,0,0,0,0,0,0,0,0,0,0,0
chr5:192990037,0,0,0,0,0,0,0,0,0,0,0,0,0
chr5:192999766,0,0,0,0,0,0,0,0,0,0,0,0,0
chr5:192999840,0,0,0,0,0,0,0,0,0,0,0,0,0
chr5:193000063,0,0,0,0,0,0,0,0,0,0,0,0,0
chr5:193000093,0,0,0,0,0,0,0,0,0,0,0,0,0
chr5:193001523,1,0,0,0,1,0,0,0,1,1,0,0,0
chr5:193001749,1,0,0,0,1,0,0,0,1,1,0,0,0
chr5:193004392,0,0,0,0,0,0,0,0,0,0,0,0,0
chr5:193004460,0,0,0,0,0,0,0,0,0,0,0,0,0
chr5:193014600,0,0,0,0,0,0,0,0,0,0,0,0,0
chr5:193015607,0,0,0,0,0,0,0,0,0,0,0,0,0
chr5:193017359,0,0,0,0,0,0,0,0,0,0,0,0,0
chr5:193017373,0,0,0,0,0,0,0,0,0,0,0,0,0
chr5:193017421,0,0,0,0,0,0,0,0,0,0,0,0,0
chr5:193029409,0,0,0,0,0,0,0,0,0,0,0,0,0
chr5:193031323,0,0,0,0,0,0,0,0,0,0,0,0,0
chr5:193031897,0,0,0,0,0,0,0,0,0,0,0,0,0
chr5:193033006,0,0,0,0,0,0,0,0,0,0,0,0,0
chr5:193035236,0,0,0,0,0,0,0,0,0,0,0,0,0
chr5:193042069,0,0,0,0,0,0,0,0,0,0,0,0,0
chr5:193042183,0,0,0,0,0,0,0,0,0,0,0,0,0
chr5:193042874,0,0,0,0,0,0,0,0,0,0,0,0,0
chr5:193043149,0,0,0,0,0,0,0,0,0,0,0,0,0
chr5:193126640,0,0,0,0,0,0,0,0,0,0,0,0,0
chr5:193137564,0,0,0,0,0,0,0,0,0,0,0,0,0
chr5:193137796,0,0,0,0,0,0,0,0,0,0,0,0,0
chr5:193138396,0,0,0,0,0,0,0,0,0,0,0,0,0
chr5:193144860,0,0,0,0,0,0,0,0,0,0,0,0,0
chr5:194306599,0,0,0,0,0,0,0,0,0,0,0,0,0
chr5:194306833,0,0,0,0,0,0,0,0,0,0,0,0,0
chr5:194919371,1,0,0,0,1,0,0,0,0,0,0,0,0
chr5:195030879,0,0,0,0,0,0,0,0,0,0,0,0,0
chr5:195032503,0,0,0,0,0,0,0,0,0,0,0,0,0
chr5:199619020,1,0,0,0,1,0,0,0,1,0,1,0,0
chr5:199619074,1,0,0,0,1,0,0,0,1,0,1,0,0
chr5:199878358,0,0,0,0,0,0,0,0,0,0,0,0,0
chr5:199950274,0,0,0,0,0,0,0,0,0,0,0,0,0
chr5:200340689,0,0,0,0,0,0,0,0,0,0,0,0,0
chr5:200340788,0,0,0,0,0,0,0,0,0,0,0,0,0
chr5:203930000,0,0,0,0,0,0,0,0,0,0,0,0,0
chr5:204145033,0,0,0,0,0,0,0,0,0,0,0,0,0
chr5:206900771,0,0,0,0,0,0,0,0,0,0,0,0,0
chr5:206950394,1,0,0,0,1,0,0,0,1,1,0,0,0
chr5:207396971,0,0,0,0,0,0,0,0,0,0,0,0,0
chr5:207626599,1,0,0,0,1,0,0,0,1,1,0,0,0
chr5:209783987,0,0,0,0,0,0,0,0,0,0,0,0,0
chr5:209800375,0,0,0,0,0,0,0,0,0,0,0,0,0
chr5:211017342,0,0,0,0,0,0,0,0,0,0,0,0,0
chr5:211411949,0,0,0,0,0,0,0,0,0,0,0,0,0
chr5:211418373,0,0,0,0,0,0,0,0,0,0,0,0,0
chr5:211420085,0,0,0,0,0,0,0,0,0,0,0,0,0
chr5:211669800,1,0,0,0,1,0,0,0,1,1,0,0,0
chr5:213951071,0,0,0,0,0,0,0,0,0,0,0,0,0
chr5:213951152,0,0,0,0,0,0,0,0,0,0,0,0,0
chr5:214474656,0,0,0,0,0,0,0,0,0,0,0,0,0
chr5:214474684,0,0,0,0,0,0,0,0,0,0,0,0,0
chr5:214474715,1,0,0,0,1,0,0,0,1,1,0,0,0
chr5:214948533,0,0,0,0,0,0,0,0,0,0,0,0,0
chr5:215354337,0,0,0,0,0,0,0,0,0,0,0,0,0
chr5:215377394,0,0,0,0,0,0,0,0,0,0,0,0,0
chr5:215478404,0,0,0,0,0,0,0,0,0,0,0,0,0
chr5:215542209,0,0,0,0,0,0,0,0,0,0,0,0,0
chr5:216406727,1,0,0,0,1,0,0,0,1,0,1,0,0
chr5:217432754,0,0,0,0,0,0,0,0,0,0,0,0,0
chr5:217433286,0,0,0,0,0,0,0,0,0,0,0,0,0
chr5:217576517,1,0,0,0,1,0,0,0,0,0,0,0,0
chr5:217576910,1,0,0,0,1,0,0,0,1,1,0,0,0
chr5:217578190,1,0,0,0,1,0,0,0,0,0,0,0,0
chr5:217813830,1,0,0,0,1,0,0,0,0,0,0,0,0
chr5:218324206,0,0,0,0,0,0,0,0,0,0,0,0,0
chr5:218353424,1,0,0,0,1,0,0,0,0,0,0,0,0
chr5:218432209,0,0,0,0,0,0,0,0,0,0,0,0,0
chr5:218454987,0,0,1,0,0,0,1,0,1,0,0,0,0
chr5:218717538,0,0,0,0,0,0,0,0,0,0,0,0,0
chr5:218720337,0,0,0,0,0,0,0,0,0,0,0,0,0
chr5:219769974,0,0,0,0,0,0,0,0,0,0,0,0,0
chr5:219776410,1,0,0,0,1,0,0,0,0,0,0,0,0
chr5:219783801,0,0,0,0,0,0,0,0,0,0,0,0,0
chr5:219923051,0,0,0,0,0,0,0,0,0,0,0,0,0
chr5:219959522,0,0,0,0,0,0,0,0,0,0,0,0,0
chr5:219962388,1,0,0,0,1,0,0,0,0,0,0,0,0
chr5:219963370,1,0,0,0,1,0,0,0,0,0,0,0,0
chr5:220038913,1,0,0,0,1,0,0,0,0,0,0,0,0
chr5:220190470,0,0,0,0,0,0,0,0,0,0,0,0,0
chr5:220209087,1,0,0,0,1,0,0,0,1,0,1,0,0
chr5:220284333,1,0,0,0,1,0,0,0,1,0,1,0,0
chr5:220284604,1,0,0,0,1,0,0,0,1,1,0,0,0
chr5:220525952,0,0,0,0,0,0,0,0,0,0,0,0,0
chr5:220724855,1,0,0,0,1,0,0,0,1,1,0,0,0
chr5:220827550,0,0,0,0,0,0,0,0,0,0,0,0,0
chr5:220833955,0,0,0,0,0,0,0,0,0,0,0,0,0
chr5:220937838,0,0,0,0,0,0,0,0,0,0,0,0,0
chr5:220939462,1,0,0,0,1,0,0,0,1,1,0,0,0
chr5:220939766,1,0,0,0,1,0,0,0,1,1,0,0,0
chr5:221415283,0,0,0,0,0,0,0,0,0,0,0,0,0
chr5:221415296,0,0,0,0,0,0,0,0,0,0,0,0,0
chr5:221734369,0,0,0,0,0,0,0,0,0,0,0,0,0
chr5:221982228,1,0,0,0,1,0,0,0,0,0,0,0,0
chr5:222133902,0,0,0,0,0,0,0,0,0,0,0,0,0
chr6:335616,0,0,0,0,0,0,0,0,0,0,0,0,0
chr6:798357,0,0,0,0,0,0,0,0,0,0,0,0,0
chr6:952107,0,0,0,0,0,0,0,0,0,0,0,0,0
chr6:9187947,0,0,0,0,0,0,0,0,0,0,0,0,0
chr6:9959604,1,0,0,0,1,0,0,0,0,0,0,0,0
chr6:9959674,1,0,0,0,1,0,0,0,0,0,0,0,0
chr6:9960322,1,0,0,0,1,0,0,0,1,1,0,0,0
chr6:10080347,0,0,0,0,0,0,0,0,0,0,0,0,0
chr6:10215269,0,0,0,0,0,0,0,0,0,0,0,0,0
chr6:10220395,0,0,0,0,0,0,0,0,0,0,0,0,0
chr6:10236019,0,0,0,0,0,0,0,0,0,0,0,0,0
chr6:10249313,0,0,0,0,0,0,0,0,0,0,0,0,0
chr6:10363340,0,0,0,0,0,0,0,0,0,0,0,0,0
chr6:10460221,0,0,0,0,0,0,0,0,0,0,0,0,0
chr6:10498247,0,0,0,0,0,0,0,0,0,0,0,0,0
chr6:10514520,0,0,0,0,0,0,0,0,0,0,0,0,0
chr6:10518186,0,0,0,0,0,0,0,0,0,0,0,0,0
chr6:10553075,0,0,0,0,0,0,0,0,0,0,0,0,0
chr6:10736891,0,0,0,0,0,0,0,0,0,0,0,0,0
chr6:11127017,0,0,0,0,0,0,0,0,0,0,0,0,0
chr6:11251393,0,0,0,0,0,0,0,0,0,0,0,0,0
chr6:11311462,0,0,0,0,0,0,0,0,0,0,0,0,0
chr6:16805469,0,0,0,0,0,0,0,0,0,0,0,0,0
chr6:16805515,0,0,0,0,0,0,0,0,0,0,0,0,0
chr6:16805545,0,0,0,0,0,0,0,0,0,0,0,0,0
chr6:16805709,0,0,0,0,0,0,0,0,0,0,0,0,0
chr6:16848049,0,0,0,0,0,0,0,0,0,0,0,0,0
chr6:16915398,0,0,0,0,0,0,0,0,0,0,0,0,0
chr6:16916116,0,0,0,0,0,0,0,0,0,0,0,0,0
chr6:16918335,0,0,0,0,0,0,0,0,0,0,0,0,0
chr6:17044985,0,0,0,0,0,0,0,0,0,0,0,0,0
chr6:17050194,0,0,0,0,0,0,0,0,0,0,0,0,0
chr6:17078492,0,0,0,0,0,0,0,0,0,0,0,0,0
chr6:17087500,0,0,0,0,0,0,0,0,0,0,0,0,0
chr6:17087535,0,0,0,0,0,0,0,0,0,0,0,0,0
chr6:17106340,0,0,0,0,0,0,0,0,0,0,0,0,0
chr6:17106404,0,0,0,0,0,0,0,0,0,0,0,0,0
chr6:17106479,0,0,0,0,0,0,0,0,0,0,0,0,0
chr6:17107693,0,0,0,0,0,0,0,0,0,0,0,0,0
chr6:17125875,0,0,0,0,0,0,0,0,0,0,0,0,0
chr6:17125986,0,0,0,0,0,0,0,0,0,0,0,0,0
chr6:17126587,0,0,0,0,0,0,0,0,0,0,0,0,0
chr6:17126619,0,0,0,0,0,0,0,0,0,0,0,0,0
chr6:17127270,0,0,0,0,0,0,0,0,0,0,0,0,0
chr6:17127733,0,0,0,0,0,0,0,0,0,0,0,0,0
chr6:17127792,0,0,0,0,0,0,0,0,0,0,0,0,0
chr6:17134226,0,0,0,0,0,0,0,0,0,0,0,0,0
chr6:17134711,0,0,0,0,0,0,0,0,0,0,0,0,0
chr6:17134833,0,0,0,0,0,0,0,0,0,0,0,0,0
chr6:17134930,0,0,0,0,0,0,0,0,0,0,0,0,0
chr6:17135064,0,0,0,0,0,0,0,0,0,0,0,0,0
chr6:17135252,0,0,0,0,0,0,0,0,0,0,0,0,0
chr6:17175704,1,0,0,0,1,0,0,0,0,0,0,0,0
chr6:19124689,1,0,0,0,1,0,0,0,0,0,0,0,0
chr6:19125308,1,0,0,0,1,0,0,0,1,1,0,0,0
chr6:19437596,1,0,0,0,1,0,0,0,1,1,0,0,0
chr6:19437906,1,0,0,0,1,0,0,0,0,0,0,0,0
chr6:20170581,0,0,0,0,0,0,0,0,0,0,0,0,0
chr6:20520030,0,0,0,0,0,0,0,0,0,0,0,0,0
chr6:20905228,0,0,0,0,0,0,0,0,0,0,0,0,0
chr6:20905780,0,0,0,0,0,0,0,0,0,0,0,0,0
chr6:20906961,0,0,0,0,0,0,0,0,0,0,0,0,0
chr6:20910797,0,0,0,0,0,0,0,0,0,0,0,0,0
chr6:20912642,0,0,0,0,0,0,0,0,0,0,0,0,0
chr6:21078419,0,0,1,0,0,0,1,0,1,0,0,0,0
chr6:21422106,0,0,0,0,0,0,0,0,0,0,0,0,0
chr6:21676787,0,0,0,0,0,0,0,0,0,0,0,0,0
chr6:21677066,0,0,0,0,0,0,0,0,0,0,0,0,0
chr6:21677078,0,0,0,0,0,0,0,0,0,0,0,0,0
chr6:21800011,0,0,0,0,0,0,0,0,0,0,0,0,0
chr6:21800132,0,0,0,0,0,0,0,0,0,0,0,0,0
chr6:21808565,0,0,0,0,0,0,0,0,0,0,0,0,0
chr6:21821142,0,0,0,0,0,0,0,0,0,0,0,0,0
chr6:21910237,0,0,0,0,0,0,0,0,0,0,0,0,0
chr6:21910283,0,0,0,0,0,0,0,0,0,0,0,0,0
chr6:21978095,0,0,0,0,0,0,0,0,0,0,0,0,0
chr6:22029556,0,0,0,0,0,0,0,0,0,0,0,0,0
chr6:22030789,0,0,0,0,0,0,0,0,0,0,0,0,0
chr6:22786999,0,0,0,0,0,0,0,0,0,0,0,0,0
chr6:25589073,0,0,0,0,0,0,0,0,0,0,0,0,0
chr6:27339754,0,0,0,0,0,0,0,0,0,0,0,0,0
chr6:28297334,0,0,0,0,0,0,0,0,0,0,0,0,0
chr6:28849981,1,0,0,0,1,0,0,0,0,0,0,0,0
chr6:28893950,1,0,0,0,1,0,0,0,1,1,0,0,0
chr6:28893971,1,0,0,0,1,0,0,0,1,1,0,0,0
chr6:28894304,1,0,0,0,1,0,0,0,0,0,0,0,0
chr6:28894734,1,0,0,0,1,0,0,0,1,1,0,0,0
chr6:29590958,0,0,0,0,0,0,0,0,0,0,0,0,0
chr6:29614014,0,0,0,0,0,0,0,0,0,0,0,0,0
chr6:29638077,0,0,0,0,0,0,0,0,0,0,0,0,0
chr6:29657724,0,0,0,0,0,0,0,0,0,0,0,0,0
chr6:30482637,1,0,0,0,1,0,0,0,1,1,0,0,0
chr6:31080119,0,0,0,0,0,0,0,0,0,0,0,0,0
chr6:31730503,1,0,0,0,1,0,0,0,0,0,0,0,0
chr6:31731155,1,0,0,0,1,0,0,0,0,0,0,0,0
chr6:31731752,1,0,0,0,1,0,0,0,0,0,0,0,0
chr6:31731817,1,0,0,0,1,0,0,0,0,0,0,0,0
chr6:31737356,0,0,0,0,0,0,0,0,0,0,0,0,0
chr6:31740107,0,0,0,0,0,0,0,0,0,0,0,0,0
chr6:31775375,0,0,0,0,0,0,0,0,0,0,0,0,0
chr6:32070482,0,0,0,0,0,0,0,0,0,0,0,0,0
chr6:32070493,0,0,0,0,0,0,0,0,0,0,0,0,0
chr6:32144570,0,0,0,0,0,0,0,0,0,0,0,0,0
chr6:32497512,0,0,0,0,0,0,0,0,0,0,0,0,0
chr6:33550734,0,0,0,0,0,0,0,0,0,0,0,0,0
chr6:34254064,0,0,0,0,0,0,0,0,0,0,0,0,0
chr6:34716941,0,0,0,0,0,0,0,0,0,0,0,0,0
chr6:34716955,0,0,0,0,0,0,0,0,0,0,0,0,0
chr6:35751687,0,0,0,0,0,0,0,0,0,0,0,0,0
chr6:36227231,0,0,0,0,0,0,0,0,0,0,0,0,0
chr6:38170726,0,0,0,0,0,0,0,0,0,0,0,0,0
chr6:38416832,0,0,0,0,0,0,0,0,0,0,0,0,0
chr6:40764767,0,0,0,0,0,0,0,0,0,0,0,0,0
chr6:41434151,0,0,0,0,0,0,0,0,0,0,0,0,0
chr6:51471197,0,0,0,0,0,0,0,0,0,0,0,0,0
chr6:54065833,0,0,0,0,0,0,0,0,0,0,0,0,0
chr6:54365996,0,0,0,0,0,0,0,0,0,0,0,0,0
chr6:54366001,0,0,0,0,0,0,0,0,0,0,0,0,0
chr6:60095397,0,0,0,0,0,0,0,0,0,0,0,0,0
chr6:60785481,0,0,0,0,0,0,0,0,0,0,0,0,0
chr6:63505690,0,0,0,0,0,0,0,0,0,0,0,0,0
chr6:65376585,1,0,0,0,1,0,0,0,1,1,0,0,0
chr6:65779289,0,0,0,0,0,0,0,0,0,0,0,0,0
chr6:70302474,0,0,0,0,0,0,0,0,0,0,0,0,0
chr6:71669642,0,0,0,0,0,0,0,0,0,0,0,0,0
chr6:71886346,0,0,0,0,0,0,0,0,0,0,0,0,0
chr6:72024379,0,0,0,0,0,0,0,0,0,0,0,0,0
chr6:72028408,0,0,0,0,0,0,0,0,0,0,0,0,0
chr6:72045447,0,0,0,0,0,0,0,0,0,0,0,0,0
chr6:72080414,0,0,0,0,0,0,0,0,0,0,0,0,0
chr6:72082825,0,0,0,0,0,0,0,0,0,0,0,0,0
chr6:72142134,1,0,0,0,1,0,0,0,0,0,0,0,0
chr6:72142358,1,0,0,0,1,0,0,0,0,0,0,0,0
chr6:72142579,1,0,0,0,1,0,0,0,0,0,0,0,0
chr6:72145663,0,0,0,0,0,0,0,0,0,0,0,0,0
chr6:72146152,0,0,0,0,0,0,0,0,0,0,0,0,0
chr6:72149246,0,0,0,0,0,0,0,0,0,0,0,0,0
chr6:72151949,0,0,0,0,0,0,0,0,0,0,0,0,0
chr6:72153366,0,0,0,0,0,0,0,0,0,0,0,0,0
chr6:72219838,0,0,0,0,0,0,0,0,0,0,0,0,0
chr6:72225971,0,0,0,0,0,0,0,0,0,0,0,0,0
chr6:72231369,0,0,0,0,0,0,0,0,0,0,0,0,0
chr6:72240284,0,0,0,0,0,0,0,0,0,0,0,0,0
chr6:72241311,0,0,0,0,0,0,0,0,0,0,0,0,0
chr6:74607127,0,0,0,0,0,0,0,0,0,0,0,0,0
chr6:75025793,0,0,0,0,0,0,0,0,0,0,0,0,0
chr6:75034833,0,0,0,0,0,0,0,0,0,0,0,0,0
chr6:75123975,0,1,0,0,0,1,0,0,1,0,0,0,0
chr6:75199935,0,0,0,0,0,0,0,0,0,0,0,0,0
chr6:75352965,0,0,0,0,0,0,0,0,0,0,0,0,0
chr6:75432481,0,0,0,0,0,0,0,0,0,0,0,0,0
chr6:75433172,1,0,0,0,1,0,0,0,1,1,0,0,0
chr6:77267878,0,0,0,0,0,0,0,0,0,0,0,0,0
chr6:78257074,1,0,0,0,1,0,0,0,0,0,0,0,0
chr6:79948244,0,0,0,0,0,0,0,0,0,0,0,0,0
chr6:81412979,0,0,0,0,0,0,0,0,0,0,0,0,0
chr6:81413435,0,0,0,0,0,0,0,0,0,0,0,0,0
chr6:81534368,0,0,0,0,0,0,0,0,0,0,0,0,0
chr6:81580012,0,0,0,0,0,0,0,0,0,0,0,0,0
chr6:81595229,0,0,0,0,0,0,0,0,0,0,0,0,0
chr6:81711404,0,0,0,0,0,0,0,0,0,0,0,0,0
chr6:82387033,0,0,0,0,0,0,0,0,0,0,0,0,0
chr6:82424819,0,0,0,0,0,0,0,0,0,0,0,0,0
chr6:83310832,0,0,0,0,0,0,0,0,0,0,0,0,0
chr6:83320018,0,0,0,0,0,0,0,0,0,0,0,0,0
chr6:83542088,0,0,0,0,0,0,0,0,0,0,0,0,0
chr6:83692086,0,0,0,0,0,0,0,0,0,0,0,0,0
chr6:83717315,0,0,0,0,0,0,0,0,0,0,0,0,0
chr6:84069293,0,0,0,0,0,0,0,0,0,0,0,0,0
chr6:84515048,0,0,0,0,0,0,0,0,0,0,0,0,0
chr6:84651390,0,0,0,0,0,0,0,0,0,0,0,0,0
chr6:85554669,0,0,0,0,0,0,0,0,0,0,0,0,0
chr6:86069108,0,0,0,0,0,0,0,0,0,0,0,0,0
chr6:87520526,0,0,0,0,0,0,0,0,0,0,0,0,0
chr6:88268988,1,0,0,0,1,0,0,0,0,0,0,0,0
chr6:88269841,1,0,0,0,1,0,0,0,0,0,0,0,0
chr6:88368215,0,0,0,0,0,0,0,0,0,0,0,0,0
chr6:88925149,0,0,0,0,0,0,0,0,0,0,0,0,0
chr6:89232880,0,0,0,0,0,0,0,0,0,0,0,0,0
chr6:89233916,0,0,0,0,0,0,0,0,0,0,0,0,0
chr6:89258277,0,0,0,0,0,0,0,0,0,0,0,0,0
chr6:89263709,0,0,0,0,0,0,0,0,0,0,0,0,0
chr6:89267293,0,0,0,0,0,0,0,0,0,0,0,0,0
chr6:90513730,0,0,0,0,0,0,0,0,0,0,0,0,0
chr6:92030460,0,0,0,0,0,0,0,0,0,0,0,0,0
chr6:92038679,0,0,0,0,0,0,0,0,0,0,0,0,0
chr6:92530635,0,0,0,0,0,0,0,0,0,0,0,0,0
chr6:92531130,0,0,0,0,0,0,0,0,0,0,0,0,0
chr6:93087085,0,0,0,0,0,0,0,0,0,0,0,0,0
chr6:93328099,0,0,0,0,0,0,0,0,0,0,0,0,0
chr6:93750103,0,0,0,0,0,0,0,0,0,0,0,0,0
chr6:93767739,0,0,0,0,0,0,0,0,0,0,0,0,0
chr6:93800636,0,0,0,0,0,0,0,0,0,0,0,0,0
chr6:94032997,0,0,0,0,0,0,0,0,0,0,0,0,0
chr6:94034276,0,0,0,0,0,0,0,0,0,0,0,0,0
chr6:94034701,0,0,1,0,0,0,1,0,1,0,0,0,0
chr6:94035158,0,0,0,0,0,0,0,0,0,0,0,0,0
chr6:94036499,0,0,0,0,0,0,0,0,0,0,0,0,0
chr6:94036610,0,0,0,0,0,0,0,0,0,0,0,0,0
chr6:94183934,0,0,0,0,0,0,0,0,0,0,0,0,0
chr6:94184351,0,0,0,0,0,0,0,0,0,0,0,0,0
chr6:94191030,1,0,0,0,1,0,0,0,1,1,0,0,0
chr6:94407529,0,0,0,0,0,0,0,0,0,0,0,0,0
chr6:94408681,0,0,0,0,0,0,0,0,0,0,0,0,0
chr6:94408817,0,0,0,0,0,0,0,0,0,0,0,0,0
chr6:94409291,0,0,0,0,0,0,0,0,0,0,0,0,0
chr6:94410485,0,0,0,0,0,0,0,0,0,0,0,0,0
chr6:94411391,0,0,0,0,0,0,0,0,0,0,0,0,0
chr6:94416366,0,0,0,0,0,0,0,0,0,0,0,0,0
chr6:94417015,0,0,0,0,0,0,0,0,0,0,0,0,0
chr6:94417601,0,0,0,0,0,0,0,0,0,0,0,0,0
chr6:94418101,0,0,0,0,0,0,0,0,0,0,0,0,0
chr6:94419389,0,0,0,0,0,0,0,0,0,0,0,0,0
chr6:94422264,0,0,0,0,0,0,0,0,0,0,0,0,0
chr6:94424684,0,0,0,0,0,0,0,0,0,0,0,0,0
chr6:94424751,0,0,0,0,0,0,0,0,0,0,0,0,0
chr6:94424908,0,0,0,0,0,0,0,0,0,0,0,0,0
chr6:94468433,0,0,0,0,0,0,0,0,0,0,0,0,0
chr6:94473100,0,0,0,0,0,0,0,0,0,0,0,0,0
chr6:95240974,0,0,0,0,0,0,0,0,0,0,0,0,0
chr6:95241042,0,0,0,0,0,0,0,0,0,0,0,0,0
chr6:95258781,0,0,0,0,0,0,0,0,0,0,0,0,0
chr6:95287503,0,0,0,0,0,0,0,0,0,0,0,0,0
chr6:95288113,0,0,0,0,0,0,0,0,0,0,0,0,0
chr6:95312980,0,0,0,0,0,0,0,0,0,0,0,0,0
chr6:95313662,0,0,0,0,0,0,0,0,0,0,0,0,0
chr6:95313764,0,0,0,0,0,0,0,0,0,0,0,0,0
chr6:95313959,0,0,0,0,0,0,0,0,0,0,0,0,0
chr6:95315773,0,0,0,0,0,0,0,0,0,0,0,0,0
chr6:95315784,0,0,0,0,0,0,0,0,0,0,0,0,0
chr6:95316427,0,0,0,0,0,0,0,0,0,0,0,0,0
chr6:95316817,0,0,0,0,0,0,0,0,0,0,0,0,0
chr6:95317231,0,0,0,0,0,0,0,0,0,0,0,0,0
chr6:95318105,0,0,0,0,0,0,0,0,0,0,0,0,0
chr6:95318124,0,0,0,0,0,0,0,0,0,0,0,0,0
chr6:95318897,0,0,0,0,0,0,0,0,0,0,0,0,0
chr6:95319322,0,0,0,0,0,0,0,0,0,0,0,0,0
chr6:95321013,0,0,0,0,0,0,0,0,0,0,0,0,0
chr6:95406029,0,0,0,0,0,0,0,0,0,0,0,0,0
chr6:95406499,0,0,0,0,0,0,0,0,0,0,0,0,0
chr6:95410132,0,0,0,0,0,0,0,0,0,0,0,0,0
chr6:95411389,0,0,0,0,0,0,0,0,0,0,0,0,0
chr6:95411799,0,0,0,0,0,0,0,0,0,0,0,0,0
chr6:95648058,0,0,0,0,0,0,0,0,0,0,0,0,0
chr6:98072226,0,0,0,0,0,0,0,0,0,0,0,0,0
chr6:98996796,0,0,0,0,0,0,0,0,0,0,0,0,0
chr6:99255771,0,0,0,0,0,0,0,0,0,0,0,0,0
chr6:101234935,0,0,0,0,0,0,0,0,0,0,0,0,0
chr6:101653119,0,0,0,0,0,0,0,0,0,0,0,0,0
chr6:101689421,1,0,0,0,1,0,0,0,1,1,0,0,0
chr6:101753123,0,0,0,0,0,0,0,0,0,0,0,0,0
chr6:101759893,0,0,0,0,0,0,0,0,0,0,0,0,0
chr6:101766831,0,0,0,0,0,0,0,0,0,0,0,0,0
chr6:101766917,0,0,0,0,0,0,0,0,0,0,0,0,0
chr6:101853104,0,0,0,0,0,0,0,0,0,0,0,0,0
chr6:101856147,0,0,0,0,0,0,0,0,0,0,0,0,0
chr6:101881928,0,0,0,0,0,0,0,0,0,0,0,0,0
chr6:101882434,0,0,0,0,0,0,0,0,0,0,0,0,0
chr6:101882750,0,0,0,0,0,0,0,0,0,0,0,0,0
chr6:101888642,0,0,0,0,0,0,0,0,0,0,0,0,0
chr6:101903219,0,0,0,0,0,0,0,0,0,0,0,0,0
chr6:101966847,0,0,0,0,0,0,0,0,0,0,0,0,0
chr6:101972724,0,0,0,0,0,0,0,0,0,0,0,0,0
chr6:101974246,0,0,0,0,0,0,0,0,0,0,0,0,0
chr6:101994823,0,0,0,0,0,0,0,0,0,0,0,0,0
chr6:102063775,0,0,0,0,0,0,0,0,0,0,0,0,0
chr6:102080118,0,0,0,0,0,0,0,0,0,0,0,0,0
chr6:102083649,0,0,0,0,0,0,0,0,0,0,0,0,0
chr6:102095823,0,0,0,0,0,0,0,0,0,0,0,0,0
chr6:102117675,0,0,0,0,0,0,0,0,0,0,0,0,0
chr6:102137492,0,0,0,0,0,0,0,0,0,0,0,0,0
chr6:102152175,0,0,0,0,0,0,0,0,0,0,0,0,0
chr6:102152941,0,0,0,0,0,0,0,0,0,0,0,0,0
chr6:102158159,0,0,0,0,0,0,0,0,0,0,0,0,0
chr6:102161233,0,0,0,0,0,0,0,0,0,0,0,0,0
chr6:102178912,0,0,0,0,0,0,0,0,0,0,0,0,0
chr6:102280775,0,0,0,0,0,0,0,0,0,0,0,0,0
chr6:102770881,0,0,0,0,0,0,0,0,0,0,0,0,0
chr6:102771384,0,0,0,0,0,0,0,0,0,0,0,0,0
chr6:102771922,0,0,0,0,0,0,0,0,0,0,0,0,0
chr6:102791563,0,0,0,0,0,0,0,0,0,0,0,0,0
chr6:102838618,0,0,0,0,0,0,0,0,0,0,0,0,0
chr6:102888937,0,0,0,0,0,0,0,0,0,0,0,0,0
chr6:102937735,1,0,0,0,1,0,0,0,0,0,0,0,0
chr6:102944453,0,0,0,0,0,0,0,0,0,0,0,0,0
chr6:102944561,0,0,0,0,0,0,0,0,0,0,0,0,0
chr6:102970474,1,0,0,0,1,0,0,0,0,0,0,0,0
chr6:102970841,1,0,0,0,1,0,0,0,1,0,1,0,0
chr6:102971544,0,0,0,0,0,0,0,0,0,0,0,0,0
chr6:103000161,0,0,0,0,0,0,0,0,0,0,0,0,0
chr6:103000250,0,0,0,0,0,0,0,0,0,0,0,0,0
chr6:103000280,0,0,0,0,0,0,0,0,0,0,0,0,0
chr6:103000314,0,0,0,0,0,0,0,0,0,0,0,0,0
chr6:105489007,0,0,0,0,0,0,0,0,0,0,0,0,0
chr6:106983081,0,0,0,0,0,0,0,0,0,0,0,0,0
chr6:107181413,0,0,0,0,0,0,0,0,0,0,0,0,0
chr6:107187051,0,0,0,0,0,0,0,0,0,0,0,0,0
chr6:107188684,0,0,0,0,0,0,0,0,0,0,0,0,0
chr6:107195543,0,0,0,0,0,0,0,0,0,0,0,0,0
chr6:107493299,0,0,0,0,0,0,0,0,0,0,0,0,0
chr6:107493379,0,0,0,0,0,0,0,0,0,0,0,0,0
chr6:107493429,0,0,0,0,0,0,0,0,0,0,0,0,0
chr6:108029295,1,0,0,0,1,0,0,0,1,1,0,0,0
chr6:108029304,1,0,0,0,1,0,0,0,1,1,0,0,0
chr6:108029388,1,0,0,0,1,0,0,0,1,1,0,0,0
chr6:108065714,0,0,0,0,0,0,0,0,0,0,0,0,0
chr6:108207011,1,0,0,0,1,0,0,0,1,0,1,0,0
chr6:108247418,0,0,0,0,0,0,0,0,0,0,0,0,0
chr6:108250385,0,0,0,0,0,0,0,0,0,0,0,0,0
chr6:109432856,0,0,0,0,0,0,0,0,0,0,0,0,0
chr6:109610959,0,0,0,0,0,0,0,0,0,0,0,0,0
chr6:109733608,0,0,0,0,0,0,0,0,0,0,0,0,0
chr6:110243149,0,0,0,0,0,0,0,0,0,0,0,0,0
chr6:110243468,0,0,0,0,0,0,0,0,0,0,0,0,0
chr6:110243749,0,0,0,0,0,0,0,0,0,0,0,0,0
chr6:111099098,0,0,0,0,0,0,0,0,0,0,0,0,0
chr6:111099124,0,0,0,0,0,0,0,0,0,0,0,0,0
chr6:111100129,0,0,0,0,0,0,0,0,0,0,0,0,0
chr6:111102364,0,0,0,0,0,0,0,0,0,0,0,0,0
chr6:111104353,0,0,0,0,0,0,0,0,0,0,0,0,0
chr6:111106662,0,0,0,0,0,0,0,0,0,0,0,0,0
chr6:111107285,0,0,0,0,0,0,0,0,0,0,0,0,0
chr6:111107662,0,0,0,0,0,0,0,0,0,0,0,0,0
chr6:111109068,0,0,0,0,0,0,0,0,0,0,0,0,0
chr6:111206298,0,0,0,0,0,0,0,0,0,0,0,0,0
chr6:111208819,0,0,0,0,0,0,0,0,0,0,0,0,0
chr6:111208854,0,0,0,0,0,0,0,0,0,0,0,0,0
chr6:111209581,0,0,0,0,0,0,0,0,0,0,0,0,0
chr6:111254237,0,0,0,0,0,0,0,0,0,0,0,0,0
chr6:111270537,0,0,0,0,0,0,0,0,0,0,0,0,0
chr6:111270598,0,0,0,0,0,0,0,0,0,0,0,0,0
chr6:111286510,0,0,0,0,0,0,0,0,0,0,0,0,0
chr6:111295165,0,0,0,0,0,0,0,0,0,0,0,0,0
chr6:111295263,0,0,0,0,0,0,0,0,0,0,0,0,0
chr6:112127955,0,0,0,0,0,0,0,0,0,0,0,0,0
chr6:112387587,1,0,0,0,1,0,0,0,1,1,0,0,0
chr6:112995946,0,0,0,0,0,0,0,0,0,0,0,0,0
chr6:116092429,0,0,0,0,0,0,0,0,0,0,0,0,0
chr6:116092903,0,0,0,0,0,0,0,0,0,0,0,0,0
chr6:116109966,0,0,0,0,0,0,0,0,0,0,0,0,0
chr6:116117196,1,0,0,0,1,0,0,0,0,0,0,0,0
chr6:116117757,1,0,0,0,1,0,0,0,0,0,0,0,0
chr6:116120105,1,0,0,0,1,0,0,0,0,0,0,0,0
chr6:116125418,1,0,1,0,1,0,1,0,1,0,0,0,0
chr6:116125606,1,0,0,0,1,0,0,0,0,0,0,0,0
chr6:119334472,0,0,0,0,0,0,0,0,0,0,0,0,0
chr6:119334529,0,0,0,0,0,0,0,0,0,0,0,0,0
chr6:120744049,0,0,0,0,0,0,0,0,0,0,0,0,0
chr6:121097951,0,0,0,0,0,0,0,0,0,0,0,0,0
chr6:121107143,0,0,0,0,0,0,0,0,0,0,0,0,0
chr6:121108253,0,0,0,0,0,0,0,0,0,0,0,0,0
chr6:121113133,1,0,0,0,1,0,0,0,1,1,0,0,0
chr6:121134716,0,0,0,0,0,0,0,0,0,0,0,0,0
chr6:121138055,0,0,0,0,0,0,0,0,0,0,0,0,0
chr6:121143112,0,0,0,0,0,0,0,0,0,0,0,0,0
chr6:121241207,0,0,0,0,0,0,0,0,0,0,0,0,0
chr6:121244537,0,0,0,0,0,0,0,0,0,0,0,0,0
chr6:121256007,0,0,0,0,0,0,0,0,0,0,0,0,0
chr6:121299126,0,0,0,0,0,0,0,0,0,0,0,0,0
chr6:121322743,0,0,0,0,0,0,0,0,0,0,0,0,0
chr6:121333407,0,0,0,0,0,0,0,0,0,0,0,0,0
chr6:121334681,0,0,0,0,0,0,0,0,0,0,0,0,0
chr6:124193148,1,0,0,0,1,0,0,0,0,0,0,0,0
chr6:124196494,0,0,0,0,0,0,0,0,0,0,0,0,0
chr6:128624272,0,0,0,0,0,0,0,0,0,0,0,0,0
chr6:131571542,0,0,0,0,0,0,0,0,0,0,0,0,0
chr6:132163052,1,0,0,0,1,0,0,0,1,1,0,1,0
chr6:133520748,1,0,0,0,1,0,0,0,0,0,0,0,0
chr6:133521535,1,0,0,0,1,0,0,0,0,0,0,0,0
chr6:133537702,0,0,0,0,0,0,0,0,0,0,0,0,0
chr6:133538553,0,0,0,0,0,0,0,0,0,0,0,0,0
chr6:133818985,0,0,0,0,0,0,0,0,0,0,0,0,0
chr6:133819308,0,0,0,0,0,0,0,0,0,0,0,0,0
chr6:133843620,0,0,0,0,0,0,0,0,0,0,0,0,0
chr6:134013826,0,0,0,0,0,0,0,0,0,0,0,0,0
chr6:136444035,0,0,0,0,0,0,0,0,0,0,0,0,0
chr6:142943972,0,0,0,0,0,0,0,0,0,0,0,0,0
chr6:143338068,1,0,0,0,1,0,0,0,0,0,0,0,0
chr6:143543195,1,0,0,0,1,0,0,0,1,1,0,0,0
chr6:143544656,0,0,0,0,0,0,0,0,0,0,0,0,0
chr6:143590808,0,0,0,0,0,0,0,0,0,0,0,0,0
chr6:143592858,0,0,0,0,0,0,0,0,0,0,0,0,0
chr6:143652844,0,0,0,0,0,0,0,0,0,0,0,0,0
chr6:143653885,0,0,0,0,0,0,0,0,0,0,0,0,0
chr6:143780597,1,0,0,0,1,0,0,0,1,1,0,0,0
chr6:143827241,0,0,0,0,0,0,0,0,0,0,0,0,0
chr6:143832578,0,0,0,0,0,0,0,0,0,0,0,0,0
chr6:143834991,1,0,0,0,1,0,0,0,0,0,0,0,0
chr6:144874598,1,0,0,0,1,0,0,0,1,0,0,1,0
chr6:145920660,1,0,0,0,1,0,0,0,0,0,0,0,0
chr6:146591196,0,0,0,0,0,0,0,0,0,0,0,0,0
chr6:146843695,1,0,0,0,1,0,0,0,1,1,0,0,0
chr6:146843725,1,0,0,0,1,0,0,0,1,1,0,0,0
chr6:146843773,1,0,0,0,1,0,0,0,1,1,0,0,0
chr6:146906049,1,0,0,0,1,0,0,0,0,0,0,0,0
chr6:146907008,1,0,0,0,1,0,0,0,0,0,0,0,0
chr6:146907182,1,0,0,0,1,0,0,0,0,0,0,0,0
chr6:146908494,1,0,0,0,1,0,0,0,0,0,0,0,0
chr6:146909124,1,0,0,0,1,0,0,0,1,0,1,0,0
chr6:146909592,1,0,0,0,1,0,0,0,0,0,0,0,0
chr6:146910300,1,0,0,0,1,0,0,0,0,0,0,0,0
chr6:146910484,1,0,0,0,1,0,0,0,0,0,0,0,0
chr6:146910521,1,0,0,0,1,0,0,0,0,0,0,0,0
chr6:146910911,1,0,0,0,1,0,0,0,1,0,0,1,0
chr6:146917386,0,0,0,0,0,0,0,0,0,0,0,0,0
chr6:146931086,0,0,0,0,0,0,0,0,0,0,0,0,0
chr6:147039169,1,0,0,0,1,0,0,0,0,0,0,0,0
chr6:147039654,1,0,0,0,1,0,0,0,0,0,0,0,0
chr6:147040338,1,0,0,0,1,0,0,0,1,0,1,0,0
chr6:147047402,0,0,0,0,0,0,0,0,0,0,0,0,0
chr6:147047478,0,0,0,0,0,0,0,0,0,0,0,0,0
chr6:147047649,0,0,0,0,0,0,0,0,0,0,0,0,0
chr6:147047717,0,0,0,0,0,0,0,0,0,0,0,0,0
chr6:147048474,0,0,0,0,0,0,0,0,0,0,0,0,0
chr6:147048564,0,0,0,0,0,0,0,0,0,0,0,0,0
chr6:147396282,0,0,0,0,0,0,0,0,0,0,0,0,0
chr6:147692657,0,0,0,0,0,0,0,0,0,0,0,0,0
chr6:147693925,0,0,0,0,0,0,0,0,0,0,0,0,0
chr6:147744522,0,0,0,0,0,0,0,0,0,0,0,0,0
chr6:147746403,0,0,0,0,0,0,0,0,0,0,0,0,0
chr6:147747948,1,0,0,0,1,0,0,0,1,1,1,0,0
chr6:147749402,1,0,0,0,1,0,0,0,1,0,1,0,0
chr6:147752940,1,0,0,0,1,0,0,0,0,0,0,0,0
chr6:147757257,1,0,0,0,1,0,0,0,0,0,0,0,0
chr6:147774455,0,0,0,0,0,0,0,0,0,0,0,0,0
chr6:147775658,0,0,0,0,0,0,0,0,0,0,0,0,0
chr6:147776232,0,0,0,0,0,0,0,0,0,0,0,0,0
chr6:147778244,0,0,0,0,0,0,0,0,0,0,0,0,0
chr6:147779119,0,0,0,0,0,0,0,0,0,0,0,0,0
chr6:147781814,0,0,0,0,0,0,0,0,0,0,0,0,0
chr6:147783401,0,0,0,0,0,0,0,0,0,0,0,0,0
chr6:147785942,0,0,0,0,0,0,0,0,0,0,0,0,0
chr6:147831538,0,0,0,0,0,0,0,0,0,0,0,0,0
chr6:147833964,0,0,0,0,0,0,0,0,0,0,0,0,0
chr6:147835638,0,0,0,0,0,0,0,0,0,0,0,0,0
chr6:148042964,0,0,0,0,0,0,0,0,0,0,0,0,0
chr6:148053901,1,0,0,0,1,0,0,0,1,1,0,0,0
chr6:148086696,1,0,0,0,1,0,0,0,1,1,1,0,0
chr6:148090668,1,0,0,0,1,0,0,0,0,0,0,0,0
chr6:151716762,1,0,0,0,1,0,0,0,0,0,0,0,0
chr6:152647150,0,0,0,0,0,0,0,0,0,0,0,0,0
chr6:153091711,0,0,0,0,0,0,0,0,0,0,0,0,0
chr6:154226643,0,0,0,0,0,0,0,0,0,0,0,0,0
chr6:154384830,0,0,0,0,0,0,0,0,0,0,0,0,0
chr6:155618255,1,0,0,0,1,0,0,0,1,1,0,0,0
chr6:155628785,0,0,0,0,0,0,0,0,0,0,0,0,0
chr6:155629834,1,0,0,0,1,0,0,0,0,0,0,0,0
chr6:155630130,1,0,0,0,1,0,0,0,0,0,0,0,0
chr6:155631764,1,0,0,0,1,0,0,0,0,0,0,0,0
chr6:155631802,1,0,0,0,1,0,0,0,0,0,0,0,0
chr6:155633027,1,0,0,0,1,0,0,0,0,0,0,0,0
chr6:155636573,1,0,0,0,1,0,0,0,1,0,0,1,0
chr6:155636730,0,0,0,0,0,0,0,0,0,0,0,0,0
chr6:155638495,1,0,0,0,1,0,0,0,1,0,0,1,0
chr6:156209209,1,0,0,0,1,0,0,0,0,0,0,0,0
chr6:156333367,0,0,0,0,0,0,0,0,0,0,0,0,0
chr6:156776498,0,0,0,0,0,0,0,0,0,0,0,0,0
chr6:156789648,0,0,0,0,0,0,0,0,0,0,0,0,0
chr6:156810664,0,0,0,0,0,0,0,0,0,0,0,0,0
chr6:156812764,0,0,0,0,0,0,0,0,0,0,0,0,0
chr6:156815483,0,0,1,0,0,0,1,0,1,0,0,0,0
chr6:156944483,0,0,0,0,0,0,0,0,0,0,0,0,0
chr6:157246448,0,0,0,0,0,0,0,0,0,0,0,0,0
chr6:157250271,0,0,0,0,0,0,0,0,0,0,0,0,0
chr6:157252979,0,0,0,0,0,0,0,0,0,0,0,0,0
chr6:157263253,0,0,0,0,0,0,0,0,0,0,0,0,0
chr6:157301642,1,0,0,0,1,0,0,0,0,0,0,0,0
chr6:157303698,1,0,0,0,1,0,0,0,0,0,0,0,0
chr6:157309871,0,0,0,0,0,0,0,0,0,0,0,0,0
chr6:157429598,1,0,0,0,1,0,0,0,1,0,0,1,0
chr6:157430438,1,0,0,0,1,0,0,0,1,0,0,1,0
chr6:158831077,0,0,0,0,0,0,0,0,0,0,0,0,0
chr6:158898466,0,0,0,0,0,0,0,0,0,0,0,0,0
chr6:159268588,1,0,0,0,1,0,0,0,0,0,0,0,0
chr6:159669243,0,0,0,0,0,0,0,0,0,0,0,0,0
chr6:160345018,0,0,0,0,0,0,0,0,0,0,0,0,0
chr6:161168048,0,0,0,0,0,0,0,0,0,0,0,0,0
chr6:162525788,0,0,0,0,0,0,0,0,0,0,0,0,0
chr6:163392440,0,0,0,0,0,0,0,0,0,0,0,0,0
chr6:163392648,0,0,0,0,0,0,0,0,0,0,0,0,0
chr6:163392710,0,0,0,0,0,0,0,0,0,0,0,0,0
chr6:165623957,0,0,0,0,0,0,0,0,0,0,0,0,0
chr6:165627465,1,0,0,0,1,0,0,0,1,1,0,0,0
chr6:165627726,1,0,0,0,1,0,0,0,1,0,0,1,0
chr6:165632917,1,0,0,0,1,0,0,0,1,1,0,1,0
chr6:165633732,1,0,0,0,1,0,0,0,1,0,1,1,0
chr6:165831840,1,0,0,0,1,0,0,0,1,0,0,1,0
chr6:165839412,1,0,0,0,1,0,0,0,0,0,0,0,0
chr6:165888162,0,0,0,0,0,0,0,0,0,0,0,0,0
chr6:165999088,0,0,0,0,0,0,0,0,0,0,0,0,0
chr6:166480210,0,0,0,0,0,0,0,0,0,0,0,0,0
chr6:167836140,1,0,0,0,1,0,0,0,0,0,0,0,0
chr6:167989221,0,0,0,0,0,0,0,0,0,0,0,0,0
chr6:167993266,1,0,0,0,1,0,0,0,0,0,0,0,0
chr6:167993482,1,0,0,0,1,0,0,0,1,1,1,0,0
chr6:167993926,1,0,0,0,1,0,0,0,0,0,0,0,0
chr6:167994922,1,0,0,0,1,0,0,0,0,0,0,0,0
chr6:167995564,1,0,0,0,1,0,0,0,0,0,0,0,0
chr6:167996736,1,0,0,0,1,0,0,0,1,1,1,0,0
chr6:167998164,1,0,0,0,1,0,0,0,1,0,0,1,0
chr6:168032682,0,0,0,0,0,0,0,0,0,0,0,0,0
chr6:168122889,0,0,0,0,0,0,0,0,0,0,0,0,0
chr6:168150540,0,0,0,0,0,0,0,0,0,0,0,0,0
chr6:168175529,0,0,0,0,0,0,0,0,0,0,0,0,0
chr6:168205105,1,0,0,0,1,0,0,0,1,1,1,0,0
chr6:168305663,0,0,0,0,0,0,0,0,0,0,0,0,0
chr6:169006566,1,0,0,0,1,0,0,0,1,1,0,0,0
chr6:169006627,1,0,0,0,1,0,0,0,1,1,0,0,0
chr6:169022754,0,0,0,0,0,0,0,0,0,0,0,0,0
chr6:169313722,0,0,0,0,0,0,0,0,0,0,0,0,0
chr6:169957652,0,0,0,0,0,0,0,0,0,0,0,0,0
chr6:169957898,1,0,0,0,1,0,0,0,1,0,0,1,0
chr6:169958933,1,0,0,0,1,0,0,0,1,0,0,1,0
chr6:169959099,1,0,0,0,1,0,0,0,1,1,0,0,0
chr6:169962268,1,0,0,0,1,0,0,0,1,1,0,0,0
chr6:169962932,1,0,0,0,1,0,0,0,1,1,0,0,0
chr6:169964186,1,0,0,0,1,0,0,0,1,0,0,1,0
chr6:169966728,1,0,0,0,1,0,0,0,0,0,0,0,0
chr6:170108428,0,0,0,0,0,0,0,0,0,0,0,0,0
chr6:170243343,1,0,0,0,1,0,0,0,1,1,0,0,0
chr6:170249286,1,0,0,0,1,0,0,0,1,1,0,0,0
chr6:170253772,0,0,0,0,0,0,0,0,0,0,0,0,0
chr6:170340564,0,0,0,0,0,0,0,0,0,0,0,0,0
chr6:170348342,1,0,0,0,1,0,0,0,0,0,0,0,0
chr6:170349253,1,0,0,0,1,0,0,0,0,0,0,0,0
chr6:170663336,0,0,0,0,0,0,0,0,0,0,0,0,0
chr6:171100713,0,0,0,0,0,0,0,0,0,0,0,0,0
chr6:171101542,0,0,0,0,0,0,0,0,0,0,0,0,0
chr6:173164959,0,0,0,0,0,0,0,0,0,0,0,0,0
chr6:173223446,0,0,0,0,0,0,0,0,0,0,0,0,0
chr6:173235472,0,0,0,0,0,0,0,0,0,0,0,0,0
chr7:845178,0,0,0,0,0,0,0,0,0,0,0,0,0
chr7:1149079,1,0,0,0,1,0,0,0,1,1,0,0,0
chr7:1177180,0,0,0,0,0,0,0,0,0,0,0,0,0
chr7:1177203,0,0,0,0,0,0,0,0,0,0,0,0,0
chr7:1177214,0,0,0,0,0,0,0,0,0,0,0,0,0
chr7:1178236,0,0,0,0,0,0,0,0,0,0,0,0,0
chr7:1179316,0,0,0,0,0,0,0,0,0,0,0,0,0
chr7:1179635,0,0,0,0,0,0,0,0,0,0,0,0,0
chr7:1182336,0,0,0,0,0,0,0,0,0,0,0,0,0
chr7:1182893,0,0,0,0,0,0,0,0,0,0,0,0,0
chr7:1183142,0,0,0,0,0,0,0,0,0,0,0,0,0
chr7:1184315,0,0,0,0,0,0,0,0,0,0,0,0,0
chr7:1185060,0,0,0,0,0,0,0,0,0,0,0,0,0
chr7:1193032,0,0,0,0,0,0,0,0,0,0,0,0,0
chr7:1213350,0,0,0,0,0,0,0,0,0,0,0,0,0
chr7:1216550,0,0,0,0,0,0,0,0,0,0,0,0,0
chr7:1216655,0,0,0,0,0,0,0,0,0,0,0,0,0
chr7:1218079,0,0,0,0,0,0,0,0,0,0,0,0,0
chr7:1221263,0,0,0,0,0,0,0,0,0,0,0,0,0
chr7:1225589,0,0,0,0,0,0,0,0,0,0,0,0,0
chr7:2936603,0,0,0,0,0,0,0,0,0,0,0,0,0
chr7:3082195,1,0,0,0,1,0,0,0,1,1,0,0,0
chr7:3307868,0,0,0,0,0,0,0,0,0,0,0,0,0
chr7:5055013,0,0,0,0,0,0,0,0,0,0,0,0,0
chr7:5058123,0,0,0,0,0,0,0,0,0,0,0,0,0
chr7:5058136,0,0,0,0,0,0,0,0,0,0,0,0,0
chr7:5085119,1,0,0,0,1,0,0,0,1,1,0,0,0
chr7:5226426,1,0,0,0,1,0,0,0,1,1,0,0,0
chr7:5297703,0,0,0,0,0,0,0,0,0,0,0,0,0
chr7:5353778,0,0,0,0,0,0,0,0,0,0,0,0,0
chr7:5854504,0,0,0,0,0,0,0,0,0,0,0,0,0
chr7:6516347,0,0,0,0,0,0,0,0,0,0,0,0,0
chr7:6968156,0,0,0,0,0,0,0,0,0,0,0,0,0
chr7:9354630,0,0,0,0,0,0,0,0,0,0,0,0,0
chr7:9497413,1,0,0,0,1,0,0,0,0,0,0,0,0
chr7:10079534,1,0,0,0,1,0,0,0,1,1,0,0,0
chr7:10832298,1,0,0,0,1,0,0,0,0,0,0,0,0
chr7:10832366,1,0,0,0,1,0,0,0,0,0,0,0,0
chr7:10856170,1,0,0,0,1,0,0,0,0,0,0,0,0
chr7:11290005,0,0,0,0,0,0,0,0,0,0,0,0,0
chr7:11376107,0,0,0,0,0,0,0,0,0,0,0,0,0
chr7:11379718,0,0,0,0,0,0,0,0,0,0,0,0,0
chr7:11403223,0,0,0,0,0,0,0,0,0,0,0,0,0
chr7:11453865,0,0,0,0,0,0,0,0,0,0,0,0,0
chr7:11458896,1,0,0,0,1,0,0,0,0,0,0,0,0
chr7:11464466,1,0,0,0,1,0,0,0,1,1,1,0,0
chr7:11479848,0,0,0,0,0,0,0,0,0,0,0,0,0
chr7:11523083,0,0,0,0,0,0,0,0,0,0,0,0,0
chr7:11774217,1,0,1,0,1,0,1,0,1,0,1,1,0
chr7:13766034,0,0,0,0,0,0,0,0,0,0,0,0,0
chr7:13821669,0,0,0,0,0,0,0,0,0,0,0,0,0
chr7:13822956,0,0,0,0,0,0,0,0,0,0,0,0,0
chr7:13823017,0,0,0,0,0,0,0,0,0,0,0,0,0
chr7:14100632,1,0,0,0,1,0,0,0,0,0,0,0,0
chr7:14293131,0,0,0,0,0,0,0,0,0,0,0,0,0
chr7:15046339,0,0,0,0,0,0,0,0,0,0,0,0,0
chr7:15070641,0,0,0,0,0,0,0,0,0,0,0,0,0
chr7:15912689,0,0,0,0,0,0,0,0,0,0,0,0,0
chr7:15921130,1,0,0,0,1,0,0,0,0,0,0,0,0
chr7:15932559,0,0,0,0,0,0,0,0,0,0,0,0,0
chr7:18151310,1,0,0,0,1,0,0,0,1,1,0,0,0
chr7:18154995,0,0,0,0,0,0,0,0,0,0,0,0,0
chr7:18161375,0,0,0,0,0,0,0,0,0,0,0,0,0
chr7:18162757,0,0,0,0,0,0,0,0,0,0,0,0,0
chr7:18409203,1,0,0,0,1,0,0,0,0,0,0,0,0
chr7:18528131,0,0,0,0,0,0,0,0,0,0,0,0,0
chr7:19781558,1,0,0,0,1,0,0,0,0,0,0,0,0
chr7:20103029,1,0,0,0,1,0,0,0,1,1,0,1,0
chr7:20103213,1,0,0,0,1,0,0,0,1,0,0,1,0
chr7:20103481,1,0,0,0,1,0,0,0,1,0,0,1,0
chr7:20105590,1,0,0,0,1,0,0,0,1,1,0,0,0
chr7:20105594,1,0,0,0,1,0,0,0,1,1,0,0,0
chr7:20107115,1,0,0,0,1,0,0,0,0,0,0,0,0
chr7:20243601,0,0,0,0,0,0,0,0,0,0,0,0,0
chr7:20245308,0,0,0,0,0,0,0,0,0,0,0,0,0
chr7:20580816,1,0,0,0,1,0,0,0,1,1,0,1,0
chr7:21985330,0,0,0,0,0,0,0,0,0,0,0,0,0
chr7:22103986,1,0,0,0,1,0,0,0,1,1,0,0,0
chr7:23923539,0,0,0,0,0,0,0,0,0,0,0,0,0
chr7:25499119,1,0,0,0,1,0,0,0,1,0,0,1,0
chr7:26221491,0,0,0,0,0,0,0,0,0,0,0,0,0
chr7:26223342,0,0,0,0,0,0,0,0,0,0,0,0,0
chr7:29067057,0,0,0,0,0,0,0,0,0,0,0,0,0
chr7:31141255,0,0,0,0,0,0,0,0,0,0,0,0,0
chr7:31848263,0,0,0,0,0,0,0,0,0,0,0,0,0
chr7:31948980,0,0,0,0,0,0,0,0,0,0,0,0,0
chr7:32081287,1,0,0,0,1,0,0,0,1,1,0,0,0
chr7:33781722,0,0,0,0,0,0,0,0,0,0,0,0,0
chr7:33781731,0,0,0,0,0,0,0,0,0,0,0,0,0
chr7:33781782,0,0,0,0,0,0,0,0,0,0,0,0,0
chr7:33781844,0,0,0,0,0,0,0,0,0,0,0,0,0
chr7:39395268,0,0,0,0,0,0,0,0,0,0,0,0,0
chr7:39395330,0,0,0,0,0,0,0,0,0,0,0,0,0
chr7:40138058,0,0,0,0,0,0,0,0,0,0,0,0,0
chr7:40141462,0,0,0,0,0,0,0,0,0,0,0,0,0
chr7:40167105,0,0,0,0,0,0,0,0,0,0,0,0,0
chr7:40182151,0,0,0,0,0,0,0,0,0,0,0,0,0
chr7:40466426,0,0,0,0,0,0,0,0,0,0,0,0,0
chr7:41464345,0,0,0,0,0,0,0,0,0,0,0,0,0
chr7:41464621,0,0,0,0,0,0,0,0,0,0,0,0,0
chr7:41522679,0,0,0,0,0,0,0,0,0,0,0,0,0
chr7:42071107,0,0,0,0,0,0,0,0,0,0,0,0,0
chr7:44862120,0,0,0,0,0,0,0,0,0,0,0,0,0
chr7:48470948,0,0,0,0,0,0,0,0,0,0,0,0,0
chr7:49449918,0,0,0,0,0,0,0,0,0,0,0,0,0
chr7:51264366,0,0,0,0,0,0,0,0,0,0,0,0,0
chr7:52561955,0,0,0,0,0,0,0,0,0,0,0,0,0
chr7:52779174,0,0,0,0,0,0,0,0,0,0,0,0,0
chr7:53182803,0,0,0,0,0,0,0,0,0,0,0,0,0
chr7:53522476,0,0,0,0,0,0,0,0,0,0,0,0,0
chr7:53832448,0,0,0,0,0,0,0,0,0,0,0,0,0
chr7:53886019,0,0,0,0,0,0,0,0,0,0,0,0,0
chr7:54161698,0,0,0,0,0,0,0,0,0,0,0,0,0
chr7:56437635,0,0,0,0,0,0,0,0,0,0,0,0,0
chr7:56437729,0,0,0,0,0,0,0,0,0,0,0,0,0
chr7:59361874,0,0,0,0,0,0,0,0,0,0,0,0,0
chr7:60394819,0,0,0,0,0,0,0,0,0,0,0,0,0
chr7:61861035,0,0,0,0,0,0,0,0,0,0,0,0,0
chr7:62581022,0,0,0,0,0,0,0,0,0,0,0,0,0
chr7:64128172,0,0,0,0,0,0,0,0,0,0,0,0,0
chr7:64186850,0,0,0,0,0,0,0,0,0,0,0,0,0
chr7:64493911,0,0,0,0,0,0,0,0,0,0,0,0,0
chr7:67831028,0,0,0,0,0,0,0,0,0,0,0,0,0
chr7:70953764,0,0,0,0,0,0,0,0,0,0,0,0,0
chr7:71634005,0,0,0,0,0,0,0,0,0,0,0,0,0
chr7:71982481,0,0,0,0,0,0,0,0,0,0,0,0,0
chr7:73824308,0,0,0,0,0,0,0,0,0,0,0,0,0
chr7:74368917,0,0,0,0,0,0,0,0,0,0,0,0,0
chr7:74705185,0,0,0,0,0,0,0,0,0,0,0,0,0
chr7:74778716,0,0,0,0,0,0,0,0,0,0,0,0,0
chr7:74812660,0,0,0,0,0,0,0,0,0,0,0,0,0
chr7:74857672,0,0,0,0,0,0,0,0,0,0,0,0,0
chr7:75243833,0,0,0,0,0,0,0,0,0,0,0,0,0
chr7:76482122,0,0,0,0,0,0,0,0,0,0,0,0,0
chr7:77132281,0,0,0,0,0,0,0,0,0,0,0,0,0
chr7:79935311,0,0,0,0,0,0,0,0,0,0,0,0,0
chr7:82999207,0,0,0,0,0,0,0,0,0,0,0,0,0
chr7:83130224,0,0,0,0,0,0,0,0,0,0,0,0,0
chr7:83551231,0,0,0,0,0,0,0,0,0,0,0,0,0
chr7:83696062,1,0,0,0,1,0,0,0,0,0,0,0,0
chr7:83697693,1,0,0,0,1,0,0,0,1,1,0,0,0
chr7:83699070,0,0,0,0,0,0,0,0,0,0,0,0,0
chr7:84165097,1,0,0,0,1,0,0,0,0,0,0,0,0
chr7:84203744,1,0,0,0,1,0,0,0,0,0,0,0,0
chr7:84210088,0,0,0,0,0,0,0,0,0,0,0,0,0
chr7:84211572,0,0,0,0,0,0,0,0,0,0,0,0,0
chr7:84212734,0,0,0,0,0,0,0,0,0,0,0,0,0
chr7:84217830,0,0,0,0,0,0,0,0,0,0,0,0,0
chr7:84240725,0,0,0,0,0,0,0,0,0,0,0,0,0
chr7:84241792,0,0,0,0,0,0,0,0,0,0,0,0,0
chr7:84243069,0,0,0,0,0,0,0,0,0,0,0,0,0
chr7:84252423,0,0,0,0,0,0,0,0,0,0,0,0,0
chr7:84257478,0,0,0,0,0,0,0,0,0,0,0,0,0
chr7:84257589,0,0,0,0,0,0,0,0,0,0,0,0,0
chr7:84257881,0,0,0,0,0,0,0,0,0,0,0,0,0
chr7:84292401,0,0,0,0,0,0,0,0,0,0,0,0,0
chr7:84301116,0,0,0,0,0,0,0,0,0,0,0,0,0
chr7:84303641,0,0,0,0,0,0,0,0,0,0,0,0,0
chr7:84307901,0,0,0,0,0,0,0,0,0,0,0,0,0
chr7:84331349,0,0,0,0,0,0,0,0,0,0,0,0,0
chr7:84597702,0,0,0,0,0,0,0,0,0,0,0,0,0
chr7:84604774,0,0,0,0,0,0,0,0,0,0,0,0,0
chr7:84605169,0,0,0,0,0,0,0,0,0,0,0,0,0
chr7:84612279,0,0,0,0,0,0,0,0,0,0,0,0,0
chr7:84633174,0,0,0,0,0,0,0,0,0,0,0,0,0
chr7:84633371,0,0,0,0,0,0,0,0,0,0,0,0,0
chr7:84633593,0,0,0,0,0,0,0,0,0,0,0,0,0
chr7:84638477,0,0,0,0,0,0,0,0,0,0,0,0,0
chr7:84639779,0,0,0,0,0,0,0,0,0,0,0,0,0
chr7:84645160,0,0,0,0,0,0,0,0,0,0,0,0,0
chr7:84652087,0,0,0,0,0,0,0,0,0,0,0,0,0
chr7:84674718,0,0,0,0,0,0,0,0,0,0,0,0,0
chr7:84677346,0,0,0,0,0,0,0,0,0,0,0,0,0
chr7:84706236,0,0,0,0,0,0,0,0,0,0,0,0,0
chr7:84707598,0,0,0,0,0,0,0,0,0,0,0,0,0
chr7:84707645,0,0,0,0,0,0,0,0,0,0,0,0,0
chr7:84707696,0,0,0,0,0,0,0,0,0,0,0,0,0
chr7:84739482,0,0,0,0,0,0,0,0,0,0,0,0,0
chr7:84742356,0,0,0,0,0,0,0,0,0,0,0,0,0
chr7:84742865,0,0,0,0,0,0,0,0,0,0,0,0,0
chr7:84743945,0,0,0,0,0,0,0,0,0,0,0,0,0
chr7:84744301,0,0,0,0,0,0,0,0,0,0,0,0,0
chr7:84747683,0,0,0,0,0,0,0,0,0,0,0,0,0
chr7:84778174,0,0,0,0,0,0,0,0,0,0,0,0,0
chr7:84805001,0,0,0,0,0,0,0,0,0,0,0,0,0
chr7:84805003,0,0,0,0,0,0,0,0,0,0,0,0,0
chr7:84809546,0,0,0,0,0,0,0,0,0,0,0,0,0
chr7:84809608,0,0,0,0,0,0,0,0,0,0,0,0,0
chr7:84817053,0,0,0,0,0,0,0,0,0,0,0,0,0
chr7:84817103,0,0,0,0,0,0,0,0,0,0,0,0,0
chr7:84820191,0,0,0,0,0,0,0,0,0,0,0,0,0
chr7:84821760,0,0,0,0,0,0,0,0,0,0,0,0,0
chr7:84826004,0,0,0,0,0,0,0,0,0,0,0,0,0
chr7:84829054,1,0,0,0,1,0,0,0,0,0,0,0,0
chr7:84843363,0,0,0,0,0,0,0,0,0,0,0,0,0
chr7:84871649,0,0,0,0,0,0,0,0,0,0,0,0,0
chr7:84878110,0,0,0,0,0,0,0,0,0,0,0,0,0
chr7:84891966,0,0,0,0,0,0,0,0,0,0,0,0,0
chr7:84963457,0,0,0,0,0,0,0,0,0,0,0,0,0
chr7:86271114,0,0,0,0,0,0,0,0,0,0,0,0,0
chr7:86330983,0,0,0,0,0,0,0,0,0,0,0,0,0
chr7:86384515,0,0,0,0,0,0,0,0,0,0,0,0,0
chr7:88509861,0,0,0,0,0,0,0,0,0,0,0,0,0
chr7:89891901,0,0,0,0,0,0,0,0,0,0,0,0,0
chr7:91889587,0,0,0,0,0,0,0,0,0,0,0,0,0
chr7:92266742,0,0,0,0,0,0,0,0,0,0,0,0,0
chr7:93025260,0,0,0,0,0,0,0,0,0,0,0,0,0
chr7:93500873,0,0,0,0,0,0,0,0,0,0,0,0,0
chr7:95181760,0,0,0,0,0,0,0,0,0,0,0,0,0
chr7:95182845,0,0,0,0,0,0,0,0,0,0,0,0,0
chr7:95185784,0,0,0,0,0,0,0,0,0,0,0,0,0
chr7:95200254,0,0,0,0,0,0,0,0,0,0,0,0,0
chr7:95236247,0,0,0,0,0,0,0,0,0,0,0,0,0
chr7:95243479,0,0,0,0,0,0,0,0,0,0,0,0,0
chr7:96161081,0,0,0,0,0,0,0,0,0,0,0,0,0
chr7:97868675,0,0,0,0,0,0,0,0,0,0,0,0,0
chr7:99218730,0,0,0,0,0,0,0,0,0,0,0,0,0
chr7:99260588,0,0,0,0,0,0,0,0,0,0,0,0,0
chr7:100321157,0,0,0,0,0,0,0,0,0,0,0,0,0
chr7:105558619,0,0,0,0,0,0,0,0,0,0,0,0,0
chr7:107202695,0,0,0,0,0,0,0,0,0,0,0,0,0
chr7:107213367,0,0,0,0,0,0,0,0,0,0,0,0,0
chr7:107230533,0,0,0,0,0,0,0,0,0,0,0,0,0
chr7:107260963,0,0,0,0,0,0,0,0,0,0,0,0,0
chr7:107362144,0,0,0,0,0,0,0,0,0,0,0,0,0
chr7:107372388,0,0,0,0,0,0,0,0,0,0,0,0,0
chr7:107376650,0,0,0,0,0,0,0,0,0,0,0,0,0
chr7:107393183,0,0,0,0,0,0,0,0,0,0,0,0,0
chr7:107397840,0,0,0,0,0,0,0,0,0,0,0,0,0
chr7:107399988,0,0,0,0,0,0,0,0,0,0,0,0,0
chr7:107635172,0,0,0,0,0,0,0,0,0,0,0,0,0
chr7:107814616,0,0,0,0,0,0,0,0,0,0,0,0,0
chr7:109224347,0,0,0,0,0,0,0,0,0,0,0,0,0
chr7:113841118,0,0,0,0,0,0,0,0,0,0,0,0,0
chr7:115077608,0,0,0,0,0,0,0,0,0,0,0,0,0
chr7:116195420,0,0,0,0,0,0,0,0,0,0,0,0,0
chr7:118525437,0,0,0,0,0,0,0,0,0,0,0,0,0
chr7:120430220,0,0,0,0,0,0,0,0,0,0,0,0,0
chr7:120915052,0,0,0,0,0,0,0,0,0,0,0,0,0
chr7:120918991,1,0,0,0,1,0,0,0,1,0,0,1,0
chr7:120921127,1,0,0,0,1,0,0,0,0,0,0,0,0
chr7:120924579,1,0,0,0,1,0,0,0,1,1,0,0,0
chr7:120925910,1,0,0,0,1,0,0,0,0,0,0,0,0
chr7:120941473,0,0,0,0,0,0,0,0,0,0,0,0,0
chr7:121383253,1,0,0,0,1,0,0,0,0,0,0,0,0
chr7:121654307,0,0,0,0,0,0,0,0,0,0,0,0,0
chr7:121654334,0,0,0,0,0,0,0,0,0,0,0,0,0
chr7:121654394,0,0,0,0,0,0,0,0,0,0,0,0,0
chr7:122423054,0,0,0,0,0,0,0,0,0,0,0,0,0
chr7:123033940,0,0,0,0,0,0,0,0,0,0,0,0,0
chr7:123069748,0,0,0,0,0,0,0,0,0,0,0,0,0
chr7:123527378,0,0,0,0,0,0,0,0,0,0,0,0,0
chr7:125010055,0,0,0,0,0,0,0,0,0,0,0,0,0
chr7:125049117,0,0,0,0,0,0,0,0,0,0,0,0,0
chr7:125050143,0,0,0,0,0,0,0,0,0,0,0,0,0
chr7:125088857,0,0,0,0,0,0,0,0,0,0,0,0,0
chr7:125362803,0,0,0,0,0,0,0,0,0,0,0,0,0
chr7:128143121,0,0,0,0,0,0,0,0,0,0,0,0,0
chr7:128143123,0,0,0,0,0,0,0,0,0,0,0,0,0
chr7:129166977,1,0,0,0,1,0,0,0,1,0,0,1,0
chr7:129177320,0,0,0,0,0,0,0,0,0,0,0,0,0
chr7:130300276,1,0,0,0,1,0,0,0,1,0,1,0,0
chr7:130300566,0,0,0,0,0,0,0,0,0,0,0,0,0
chr7:131106333,1,0,0,0,1,0,0,0,1,1,0,0,0
chr7:131578795,0,0,0,0,0,0,0,0,0,0,0,0,0
chr7:133109004,0,0,0,0,0,0,0,0,0,0,0,0,0
chr7:133226013,0,0,0,0,0,0,0,0,0,0,0,0,0
chr7:134373550,0,0,0,0,0,0,0,0,0,0,0,0,0
chr7:134728147,1,0,0,0,1,0,0,0,0,0,0,0,0
chr7:134953843,0,0,0,0,0,0,0,0,0,0,0,0,0
chr7:135009124,0,0,0,0,0,0,0,0,0,0,0,0,0
chr7:135540605,0,0,0,0,0,0,0,0,0,0,0,0,0
chr7:135784681,0,0,0,0,0,0,0,0,0,0,0,0,0
chr7:135927616,0,0,0,0,0,0,0,0,0,0,0,0,0
chr7:136133661,0,0,0,0,0,0,0,0,0,0,0,0,0
chr7:136135206,0,0,0,0,0,0,0,0,0,0,0,0,0
chr7:136135596,0,0,0,0,0,0,0,0,0,0,0,0,0
chr7:136135628,0,0,0,0,0,0,0,0,0,0,0,0,0
chr7:136136732,0,0,0,0,0,0,0,0,0,0,0,0,0
chr7:136148072,1,0,0,0,1,0,0,0,0,0,0,0,0
chr7:136157399,0,0,0,0,0,0,0,0,0,0,0,0,0
chr7:136240707,1,0,0,0,1,0,0,0,1,0,1,0,0
chr7:136242223,1,0,0,0,1,0,0,0,1,1,0,1,0
chr7:136682574,0,0,0,0,0,0,0,0,0,0,0,0,0
chr7:137249481,0,0,0,0,0,0,0,0,0,0,0,0,0
chr7:139619091,1,0,0,0,1,0,0,0,0,0,0,0,0
chr7:140687975,1,0,0,0,1,0,0,0,1,1,1,0,0
chr7:142663588,0,0,0,0,0,0,0,0,0,0,0,0,0
chr7:142665728,0,0,0,0,0,0,0,0,0,0,0,0,0
chr7:142672960,0,0,0,0,0,0,0,0,0,0,0,0,0
chr7:142695187,0,0,0,0,0,0,0,0,0,0,0,0,0
chr7:142755726,0,0,0,0,0,0,0,0,0,0,0,0,0
chr7:142814730,0,0,0,0,0,0,0,0,0,0,0,0,0
chr7:144874936,0,0,0,0,0,0,0,0,0,0,0,0,0
chr7:147728533,0,0,0,0,0,0,0,0,0,0,0,0,0
chr7:148907162,0,0,0,0,0,0,0,0,0,0,0,0,0
chr7:148968802,0,0,0,0,0,0,0,0,0,0,0,0,0
chr7:149726496,0,0,0,0,0,0,0,0,0,0,0,0,0
chr7:150582826,0,0,0,0,0,0,0,0,0,0,0,0,0
chr7:151677293,1,0,0,0,1,0,0,0,0,0,0,0,0
chr7:152636418,0,0,0,0,0,0,0,0,0,0,0,0,0
chr7:153517561,0,0,0,0,0,0,0,0,0,0,0,0,0
chr7:153872800,0,0,0,0,0,0,0,0,0,0,0,0,0
chr7:153991340,0,0,0,0,0,0,0,0,0,0,0,0,0
chr7:154001003,0,0,0,0,0,0,0,0,0,0,0,0,0
chr7:154022219,0,0,0,0,0,0,0,0,0,0,0,0,0
chr7:154022535,0,0,0,0,0,0,0,0,0,0,0,0,0
chr7:154022640,0,0,0,0,0,0,0,0,0,0,0,0,0
chr7:154023582,0,0,0,0,0,0,0,0,0,0,0,0,0
chr7:154050378,0,0,0,0,0,0,0,0,0,0,0,0,0
chr7:154057114,0,0,0,0,0,0,0,0,0,0,0,0,0
chr7:154080860,0,0,0,0,0,0,0,0,0,0,0,0,0
chr7:154081444,0,0,0,0,0,0,0,0,0,0,0,0,0
chr7:154082685,0,0,0,0,0,0,0,0,0,0,0,0,0
chr7:154083606,0,0,0,0,0,0,0,0,0,0,0,0,0
chr7:154083723,0,0,0,0,0,0,0,0,0,0,0,0,0
chr7:154086004,0,0,0,0,0,0,0,0,0,0,0,0,0
chr7:154558504,0,0,0,0,0,0,0,0,0,0,0,0,0
chr7:154990098,1,0,0,0,1,0,0,0,1,1,0,0,0
chr7:154990209,1,0,0,0,1,0,0,0,1,1,0,0,0
chr7:154990697,1,0,0,0,1,0,0,0,0,0,0,0,0
chr7:154990880,1,0,0,0,1,0,0,0,0,0,0,0,0
chr7:154991271,1,0,0,0,1,0,0,0,0,0,0,0,0
chr7:154995195,1,0,0,0,1,0,0,0,1,0,0,1,0
chr7:154996562,1,0,0,0,1,0,0,0,0,0,0,0,0
chr7:154996691,1,0,0,0,1,0,0,0,0,0,0,0,0
chr7:154997895,1,0,0,0,1,0,0,0,0,0,0,0,0
chr7:154997990,1,0,0,0,1,0,0,0,0,0,0,0,0
chr7:154998382,1,0,0,0,1,0,0,0,0,0,0,0,0
chr7:154999147,0,0,0,0,0,0,0,0,0,0,0,0,0
chr7:155000119,0,0,0,0,0,0,0,0,0,0,0,0,0
chr7:155000508,0,0,0,0,0,0,0,0,0,0,0,0,0
chr7:155001105,0,0,0,0,0,0,0,0,0,0,0,0,0
chr7:155001221,0,0,0,0,0,0,0,0,0,0,0,0,0
chr7:155001248,0,0,0,0,0,0,0,0,0,0,0,0,0
chr7:155003063,0,0,0,0,0,0,0,0,0,0,0,0,0
chr7:155003100,0,0,0,0,0,0,0,0,0,0,0,0,0
chr7:155003189,0,0,0,0,0,0,0,0,0,0,0,0,0
chr7:155016195,0,0,0,0,0,0,0,0,0,0,0,0,0
chr7:155016260,0,0,0,0,0,0,0,0,0,0,0,0,0
chr7:155058794,0,0,0,0,0,0,0,0,0,0,0,0,0
chr7:155059537,0,0,0,0,0,0,0,0,0,0,0,0,0
chr7:155061599,0,0,0,0,0,0,0,0,0,0,0,0,0
chr7:155061698,0,0,0,0,0,0,0,0,0,0,0,0,0
chr7:155061798,0,0,0,0,0,0,0,0,0,0,0,0,0
chr7:155062343,0,0,0,0,0,0,0,0,0,0,0,0,0
chr7:155062527,0,0,0,0,0,0,0,0,0,0,0,0,0
chr7:155063468,0,0,0,0,0,0,0,0,0,0,0,0,0
chr7:155063474,0,0,0,0,0,0,0,0,0,0,0,0,0
chr7:155063539,0,0,0,0,0,0,0,0,0,0,0,0,0
chr7:155063663,0,0,0,0,0,0,0,0,0,0,0,0,0
chr7:155063811,0,0,0,0,0,0,0,0,0,0,0,0,0
chr7:155084698,0,0,0,0,0,0,0,0,0,0,0,0,0
chr7:155084813,0,0,0,0,0,0,0,0,0,0,0,0,0
chr7:155085401,0,0,0,0,0,0,0,0,0,0,0,0,0
chr7:155086064,0,0,0,0,0,0,0,0,0,0,0,0,0
chr7:155086257,0,0,0,0,0,0,0,0,0,0,0,0,0
chr7:155086599,0,0,0,0,0,0,0,0,0,0,0,0,0
chr7:155086860,0,0,0,0,0,0,0,0,0,0,0,0,0
chr7:155087635,0,0,0,0,0,0,0,0,0,0,0,0,0
chr7:155087829,0,0,0,0,0,0,0,0,0,0,0,0,0
chr7:155088192,0,0,0,0,0,0,0,0,0,0,0,0,0
chr7:155088518,0,0,0,0,0,0,0,0,0,0,0,0,0
chr7:155089219,0,0,0,0,0,0,0,0,0,0,0,0,0
chr7:155090095,1,0,0,0,1,0,0,0,0,0,0,0,0
chr7:155090152,1,0,0,0,1,0,0,0,0,0,0,0,0
chr7:157369429,0,0,0,0,0,0,0,0,0,0,0,0,0
chr7:157369455,0,0,0,0,0,0,0,0,0,0,0,0,0
chr7:157369568,0,0,0,0,0,0,0,0,0,0,0,0,0
chr7:159444175,0,0,0,0,0,0,0,0,0,0,0,0,0
chr7:159573558,1,0,0,0,1,0,0,0,1,0,0,1,0
chr7:159800096,0,0,0,0,0,0,0,0,0,0,0,0,0
chr7:159801286,0,0,0,0,0,0,0,0,0,0,0,0,0
chr7:160893853,1,0,0,0,1,0,0,0,0,0,0,0,0
chr7:161106982,1,0,0,0,1,0,0,0,1,0,1,0,0
chr7:161117623,0,0,0,0,0,0,0,0,0,0,0,0,0
chr7:161118589,0,0,0,0,0,0,0,0,0,0,0,0,0
chr7:161118613,0,0,0,0,0,0,0,0,0,0,0,0,0
chr7:161118663,0,0,0,0,0,0,0,0,0,0,0,0,0
chr7:161118736,0,0,0,0,0,0,0,0,0,0,0,0,0
chr7:161119325,0,0,0,0,0,0,0,0,0,0,0,0,0
chr7:161122349,0,0,0,0,0,0,0,0,0,0,0,0,0
chr7:161126432,0,0,0,0,0,0,0,0,0,0,0,0,0
chr7:161131579,0,0,0,0,0,0,0,0,0,0,0,0,0
chr7:161131832,0,0,0,0,0,0,0,0,0,0,0,0,0
chr7:161131936,0,0,0,0,0,0,0,0,0,0,0,0,0
chr7:161132057,0,0,0,0,0,0,0,0,0,0,0,0,0
chr7:161132797,0,0,0,0,0,0,0,0,0,0,0,0,0
chr7:161133931,0,0,0,0,0,0,0,0,0,0,0,0,0
chr7:161134161,0,0,0,0,0,0,0,0,0,0,0,0,0
chr7:161144545,0,0,0,0,0,0,0,0,0,0,0,0,0
chr7:161144607,0,0,0,0,0,0,0,0,0,0,0,0,0
chr7:161144906,0,0,0,0,0,0,0,0,0,0,0,0,0
chr7:161146441,1,0,0,0,1,0,0,0,1,0,0,1,0
chr7:161148118,1,0,0,0,1,0,0,0,0,0,0,0,0
chr7:161150230,0,0,0,0,0,0,0,0,0,0,0,0,0
chr7:161198104,0,0,0,0,0,0,0,0,0,0,0,0,0
chr7:161198590,0,0,0,0,0,0,0,0,0,0,0,0,0
chr7:161201730,0,0,0,0,0,0,0,0,0,0,0,0,0
chr7:161220515,0,0,0,0,0,0,0,0,0,0,0,0,0
chr7:161221953,1,0,0,0,1,0,0,0,0,0,0,0,0
chr7:161222627,1,0,0,0,1,0,0,0,0,0,0,0,0
chr7:161223804,1,0,0,0,1,0,0,0,1,1,0,0,0
chr7:161224305,1,0,0,0,1,0,0,0,1,1,0,0,0
chr7:161297457,0,0,0,0,0,0,0,0,0,0,0,0,0
chr7:161303622,0,0,0,0,0,0,0,0,0,0,0,0,0
chr7:161303633,0,0,0,0,0,0,0,0,0,0,0,0,0
chr7:161327974,0,0,0,0,0,0,0,0,0,0,0,0,0
chr7:161328358,0,0,0,0,0,0,0,0,0,0,0,0,0
chr7:161328413,0,0,0,0,0,0,0,0,0,0,0,0,0
chr7:161329906,0,0,0,0,0,0,0,0,0,0,0,0,0
chr7:161331101,0,0,0,0,0,0,0,0,0,0,0,0,0
chr7:161332547,0,0,0,0,0,0,0,0,0,0,0,0,0
chr7:161333160,0,0,0,0,0,0,0,0,0,0,0,0,0
chr7:161354578,1,0,0,0,1,0,0,0,1,1,0,0,0
chr7:161355406,1,0,0,0,1,0,0,0,0,0,0,0,0
chr7:161355411,1,0,0,0,1,0,0,0,0,0,0,0,0
chr7:161778916,0,0,0,0,0,0,0,0,0,0,0,0,0
chr7:162500184,0,0,0,0,0,0,0,0,0,0,0,0,0
chr7:162529842,0,0,0,0,0,0,0,0,0,0,0,0,0
chr7:162530285,0,0,0,0,0,0,0,0,0,0,0,0,0
chr7:162562549,0,0,0,0,0,0,0,0,0,0,0,0,0
chr7:162562604,0,0,0,0,0,0,0,0,0,0,0,0,0
chr7:162562769,1,0,0,0,1,0,0,0,1,0,0,1,0
chr7:162563641,1,0,0,0,1,0,0,0,1,0,0,1,0
chr7:162564183,1,0,0,0,1,0,0,0,1,1,0,0,0
chr7:162564653,1,0,0,0,1,0,0,0,0,0,0,0,0
chr7:162564966,1,0,0,0,1,0,0,0,0,0,0,0,0
chr7:162566292,1,0,0,0,1,0,0,0,0,0,0,0,0
chr7:162566752,1,0,0,0,1,0,0,0,0,0,0,0,0
chr7:162567752,1,0,0,0,1,0,0,0,0,0,0,0,0
chr7:162636226,0,0,0,0,0,0,0,0,0,0,0,0,0
chr7:162636308,0,0,0,0,0,0,0,0,0,0,0,0,0
chr7:162639990,1,0,0,0,1,0,0,0,1,0,0,1,0
chr7:162982678,0,0,0,0,0,0,0,0,0,0,0,0,0
chr7:163110878,0,0,0,0,0,0,0,0,0,0,0,0,0
chr7:163111418,0,0,0,0,0,0,0,0,0,0,0,0,0
chr7:163111654,0,0,0,0,0,0,0,0,0,0,0,0,0
chr7:163151853,1,0,0,0,1,0,0,0,1,0,0,1,0
chr7:163154219,1,0,0,0,1,0,0,0,0,0,0,0,0
chr7:163428161,0,0,0,0,0,0,0,0,0,0,0,0,0
chr7:163510654,0,0,0,0,0,0,0,0,0,0,0,0,0
chr7:163515022,0,0,0,0,0,0,0,0,0,0,0,0,0
chr7:163539099,1,0,0,0,1,0,0,0,0,0,0,0,0
chr7:163543210,0,0,0,0,0,0,0,0,0,0,0,0,0
chr7:163543317,0,0,0,0,0,0,0,0,0,0,0,0,0
chr7:163545776,1,0,0,0,1,0,0,0,1,1,1,0,0
chr7:163546670,1,0,0,0,1,0,0,0,1,0,1,0,0
chr7:163547839,1,0,0,0,1,0,0,0,1,0,1,0,0
chr7:163557714,1,0,0,0,1,0,0,0,0,0,0,0,0
chr7:163557928,1,0,0,0,1,0,0,0,0,0,0,0,0
chr7:163558147,1,0,0,0,1,0,0,0,0,0,0,0,0
chr7:163559236,1,0,0,0,1,0,0,0,0,0,0,0,0
chr7:163559676,1,0,0,0,1,0,0,0,1,0,0,1,0
chr7:163560848,0,0,0,0,0,0,0,0,0,0,0,0,0
chr7:163561111,0,0,0,0,0,0,0,0,0,0,0,0,0
chr7:163680153,1,0,0,0,1,0,0,0,1,0,1,0,0
chr7:163880263,1,0,0,0,1,0,0,0,1,1,0,1,0
chr7:163881059,1,0,0,0,1,0,0,0,1,1,0,1,0
chr7:163881692,1,0,0,0,1,0,0,0,1,0,0,1,0
chr7:163882535,1,0,0,0,1,0,0,0,1,0,0,1,0
chr7:163882555,1,0,0,0,1,0,0,0,1,0,0,1,0
chr7:163882770,1,0,0,0,1,0,0,0,1,0,0,1,0
chr7:163883222,1,0,0,0,1,0,0,0,1,0,0,1,0
chr7:163884198,1,0,0,0,1,0,0,0,1,0,0,1,0
chr7:163885533,1,0,0,0,1,0,0,0,0,0,0,0,0
chr7:163886461,1,0,0,0,1,0,0,0,1,1,0,0,0
chr7:163886810,1,0,0,0,1,0,0,0,0,0,0,0,0
chr7:163893241,0,0,0,0,0,0,0,0,0,0,0,0,0
chr7:163965035,0,0,0,0,0,0,0,0,0,0,0,0,0
chr7:163965902,0,0,0,0,0,0,0,0,0,0,0,0,0
chr7:164014064,0,0,0,0,0,0,0,0,0,0,0,0,0
chr7:164014235,0,0,0,0,0,0,0,0,0,0,0,0,0
chr7:164014937,0,0,0,0,0,0,0,0,0,0,0,0,0
chr7:164016032,1,0,0,0,1,0,0,0,0,0,0,0,0
chr7:164017196,1,0,0,0,1,0,0,0,0,0,0,0,0
chr7:164017514,1,0,0,0,1,0,0,0,0,0,0,0,0
chr7:164017515,1,0,0,0,1,0,0,0,0,0,0,0,0
chr7:164021207,1,0,0,0,1,0,0,0,0,0,0,0,0
chr7:164022338,1,0,0,0,1,0,0,0,0,0,0,0,0
chr7:164022871,1,0,0,0,1,0,0,0,0,0,0,0,0
chr7:164023630,1,0,0,0,1,0,0,0,1,1,0,0,0
chr7:164023657,1,0,0,0,1,0,0,0,0,0,0,0,0
chr7:164023684,1,0,0,0,1,0,0,0,0,0,0,0,0
chr7:164024037,1,0,0,0,1,0,0,0,1,1,0,0,0
chr7:164025931,1,0,0,0,1,0,0,0,1,0,0,1,0
chr7:164026362,1,0,0,0,1,0,0,0,1,1,0,0,0
chr7:164028676,1,0,0,0,1,0,0,0,1,1,0,0,0
chr7:164030461,1,0,0,0,1,0,0,0,1,0,1,0,0
chr7:164034107,1,0,0,0,1,0,0,0,1,0,1,0,0
chr7:164034247,0,0,0,0,0,0,0,0,0,0,0,0,0
chr7:164047503,0,0,0,0,0,0,0,0,0,0,0,0,0
chr7:164082196,0,0,0,0,0,0,0,0,0,0,0,0,0
chr7:164082408,0,0,0,0,0,0,0,0,0,0,0,0,0
chr7:164082544,0,0,0,0,0,0,0,0,0,0,0,0,0
chr7:164082570,0,0,0,0,0,0,0,0,0,0,0,0,0
chr7:164082803,0,0,0,0,0,0,0,0,0,0,0,0,0
chr7:164099404,0,0,0,0,0,0,0,0,0,0,0,0,0
chr7:164099706,0,0,0,0,0,0,0,0,0,0,0,0,0
chr7:164100098,0,0,0,0,0,0,0,0,0,0,0,0,0
chr7:164101730,1,0,0,0,1,0,0,0,1,1,0,0,0
chr7:164101919,1,0,0,0,1,0,0,0,1,1,0,0,0
chr7:164102301,1,0,0,0,1,0,0,0,1,1,0,0,0
chr7:164102901,0,0,0,0,0,0,0,0,0,0,0,0,0
chr7:164104328,0,0,0,0,0,0,0,0,0,0,0,0,0
chr7:164104666,0,0,0,0,0,0,0,0,0,0,0,0,0
chr7:164113716,1,0,0,0,1,0,0,0,1,0,0,1,0
chr7:164114032,1,0,0,0,1,0,0,0,1,1,0,0,0
chr7:164114576,1,0,0,0,1,0,0,0,1,0,0,1,0
chr7:164114831,1,0,0,0,1,0,0,0,1,0,0,1,0
chr7:164115058,1,0,0,0,1,0,0,0,1,0,0,1,0
chr7:164115067,1,0,0,0,1,0,0,0,1,0,0,1,0
chr7:164116507,1,0,0,0,1,0,0,0,1,0,1,0,0
chr7:164116585,1,0,0,0,1,0,0,0,1,0,1,0,0
chr7:164117333,1,0,0,0,1,0,0,0,1,0,1,0,0
chr7:164117355,1,0,0,0,1,0,0,0,1,0,1,0,0
chr7:164118820,0,0,0,0,0,0,0,0,0,0,0,0,0
chr7:164118835,0,0,0,0,0,0,0,0,0,0,0,0,0
chr7:164119029,0,0,0,0,0,0,0,0,0,0,0,0,0
chr7:164162206,0,0,0,0,0,0,0,0,0,0,0,0,0
chr7:164162361,0,0,0,0,0,0,0,0,0,0,0,0,0
chr7:164162720,0,0,0,0,0,0,0,0,0,0,0,0,0
chr7:164167162,0,0,0,0,0,0,0,0,0,0,0,0,0
chr7:166099726,0,0,0,0,0,0,0,0,0,0,0,0,0
chr7:166100350,0,0,0,0,0,0,0,0,0,0,0,0,0
chr7:166100661,0,0,0,0,0,0,0,0,0,0,0,0,0
chr7:166723676,1,0,0,0,1,0,0,0,1,1,0,0,0
chr7:166847523,0,0,0,0,0,0,0,0,0,0,0,0,0
chr7:166847552,0,0,0,0,0,0,0,0,0,0,0,0,0
chr7:166849342,0,0,0,0,0,0,0,0,0,0,0,0,0
chr7:166914773,1,0,0,0,1,0,0,0,1,0,1,0,0
chr7:166914798,1,0,0,0,1,0,0,0,1,0,1,0,0
chr7:166914855,1,0,0,0,1,0,0,0,1,0,1,0,0
chr7:167089794,1,0,0,0,1,0,0,0,1,0,0,1,0
chr7:167220247,1,0,0,0,1,0,0,0,1,0,0,1,0
chr7:167221842,0,0,0,0,0,0,0,0,0,0,0,0,0
chr7:167221910,0,0,0,0,0,0,0,0,0,0,0,0,0
chr7:167222917,0,0,0,0,0,0,0,0,0,0,0,0,0
chr7:167223000,0,0,0,0,0,0,0,0,0,0,0,0,0
chr7:167223157,1,0,0,0,1,0,0,0,1,0,1,0,0
chr7:167225447,1,0,0,0,1,0,0,0,0,0,0,0,0
chr7:167230353,0,0,0,0,0,0,0,0,0,0,0,0,0
chr7:167230827,0,0,0,0,0,0,0,0,0,0,0,0,0
chr7:167231310,1,0,0,0,1,0,0,0,1,1,0,0,0
chr7:167231641,1,0,0,0,1,0,0,0,1,1,0,0,0
chr7:167231907,0,0,0,0,0,0,0,0,0,0,0,0,0
chr7:167538647,0,0,0,0,0,0,0,0,0,0,0,0,0
chr7:167538657,0,0,0,0,0,0,0,0,0,0,0,0,0
chr7:167712837,0,0,0,0,0,0,0,0,0,0,0,0,0
chr7:167713760,0,0,0,0,0,0,0,0,0,0,0,0,0
chr7:167721564,0,0,0,0,0,0,0,0,0,0,0,0,0
chr7:167726815,0,0,0,0,0,0,0,0,0,0,0,0,0
chr7:167727885,0,0,0,0,0,0,0,0,0,0,0,0,0
chr7:167746936,0,0,0,0,0,0,0,0,0,0,0,0,0
chr7:167813776,1,0,0,0,1,0,0,0,1,1,0,0,0
chr7:167816552,0,0,0,0,0,0,0,0,0,0,0,0,0
chr7:167819582,1,0,0,0,1,0,0,0,1,1,0,0,0
chr7:169236717,0,0,0,0,0,0,0,0,0,0,0,0,0
chr7:170160851,0,0,0,0,0,0,0,0,0,0,0,0,0
chr7:170585693,0,0,0,0,0,0,0,0,0,0,0,0,0
chr7:170726222,0,0,0,0,0,0,0,0,0,0,0,0,0
chr7:171095517,1,0,0,0,1,0,0,0,1,0,1,0,0
chr7:171105947,0,0,0,0,0,0,0,0,0,0,0,0,0
chr7:171106772,0,0,0,0,0,0,0,0,0,0,0,0,0
chr7:171107061,0,0,0,0,0,0,0,0,0,0,0,0,0
chr7:171130257,1,0,0,0,1,0,0,0,1,1,0,1,0
chr7:171395999,1,0,0,0,1,0,0,0,1,0,0,1,0
chr7:171435290,0,0,0,0,0,0,0,0,0,0,0,0,0
chr7:171436660,1,0,0,0,1,0,0,0,0,0,0,0,0
chr7:171438324,1,0,0,0,1,0,0,0,1,0,0,1,0
chr7:171562540,0,0,0,0,0,0,0,0,0,0,0,0,0
chr7:171563588,0,0,0,0,0,0,0,0,0,0,0,0,0
chr7:171563631,0,0,0,0,0,0,0,0,0,0,0,0,0
chr7:171564127,0,0,0,0,0,0,0,0,0,0,0,0,0
chr7:171565150,0,0,0,0,0,0,0,0,0,0,0,0,0
chr7:171565977,0,0,0,0,0,0,0,0,0,0,0,0,0
chr7:171566024,0,0,0,0,0,0,0,0,0,0,0,0,0
chr7:171566122,0,0,0,0,0,0,0,0,0,0,0,0,0
chr7:171566436,0,0,0,0,0,0,0,0,0,0,0,0,0
chr7:171567566,0,0,0,0,0,0,0,0,0,0,0,0,0
chr7:171568006,0,0,0,0,0,0,0,0,0,0,0,0,0
chr7:171568310,0,0,0,0,0,0,0,0,0,0,0,0,0
chr7:171569476,0,0,0,0,0,0,0,0,0,0,0,0,0
chr7:171570947,0,0,0,0,0,0,0,0,0,0,0,0,0
chr7:171574644,0,0,0,0,0,0,0,0,0,0,0,0,0
chr7:171589481,0,0,0,0,0,0,0,0,0,0,0,0,0
chr7:171589595,0,0,0,0,0,0,0,0,0,0,0,0,0
chr7:171607255,0,0,0,0,0,0,0,0,0,0,0,0,0
chr7:171607466,0,0,0,0,0,0,0,0,0,0,0,0,0
chr7:171608626,0,0,0,0,0,0,0,0,0,0,0,0,0
chr7:171609775,0,0,0,0,0,0,0,0,0,0,0,0,0
chr7:171616606,0,0,0,0,0,0,0,0,0,0,0,0,0
chr7:171616651,0,0,0,0,0,0,0,0,0,0,0,0,0
chr7:171616655,0,0,0,0,0,0,0,0,0,0,0,0,0
chr7:171618706,0,0,0,0,0,0,0,0,0,0,0,0,0
chr7:171625335,0,0,0,0,0,0,0,0,0,0,0,0,0
chr7:171631380,0,0,0,0,0,0,0,0,0,0,0,0,0
chr7:171631771,0,0,0,0,0,0,0,0,0,0,0,0,0
chr7:171632978,0,0,0,0,0,0,0,0,0,0,0,0,0
chr7:171633384,0,0,0,0,0,0,0,0,0,0,0,0,0
chr7:171633581,0,0,0,0,0,0,0,0,0,0,0,0,0
chr7:171634488,0,0,0,0,0,0,0,0,0,0,0,0,0
chr7:171641221,0,0,0,0,0,0,0,0,0,0,0,0,0
chr7:171660793,0,0,0,0,0,0,0,0,0,0,0,0,0
chr7:171661004,0,0,0,0,0,0,0,0,0,0,0,0,0
chr7:171661308,0,0,0,0,0,0,0,0,0,0,0,0,0
chr7:171662441,0,0,0,0,0,0,0,0,0,0,0,0,0
chr7:171663182,0,0,0,0,0,0,0,0,0,0,0,0,0
chr7:171663273,0,0,0,0,0,0,0,0,0,0,0,0,0
chr7:171664601,0,0,0,0,0,0,0,0,0,0,0,0,0
chr7:171664653,0,0,0,0,0,0,0,0,0,0,0,0,0
chr7:171666685,0,0,0,0,0,0,0,0,0,0,0,0,0
chr7:171667169,0,0,0,0,0,0,0,0,0,0,0,0,0
chr7:171667468,0,0,0,0,0,0,0,0,0,0,0,0,0
chr7:171668960,0,0,0,0,0,0,0,0,0,0,0,0,0
chr7:171670487,0,0,0,0,0,0,0,0,0,0,0,0,0
chr7:171670927,0,0,0,0,0,0,0,0,0,0,0,0,0
chr7:171672979,0,0,0,0,0,0,0,0,0,0,0,0,0
chr7:171673058,0,0,0,0,0,0,0,0,0,0,0,0,0
chr7:171673215,0,0,0,0,0,0,0,0,0,0,0,0,0
chr7:171679146,0,0,0,0,0,0,0,0,0,0,0,0,0
chr7:171679335,0,0,0,0,0,0,0,0,0,0,0,0,0
chr7:171681858,0,0,0,0,0,0,0,0,0,0,0,0,0
chr7:171682169,0,0,0,0,0,0,0,0,0,0,0,0,0
chr7:171683291,0,0,0,0,0,0,0,0,0,0,0,0,0
chr7:171688925,0,0,0,0,0,0,0,0,0,0,0,0,0
chr7:171697661,1,0,0,0,1,0,0,0,0,0,0,0,0
chr7:171698978,1,0,0,0,1,0,0,0,1,0,1,0,0
chr7:171702537,1,0,0,0,1,0,0,0,0,0,0,0,0
chr7:171702803,1,0,0,0,1,0,0,0,0,0,0,0,0
chr7:171705586,1,0,0,0,1,0,0,0,1,0,1,0,0
chr7:171708978,1,0,0,0,1,0,0,0,1,0,0,1,0
chr7:171709088,1,0,0,0,1,0,0,0,1,0,0,1,0
chr7:171710959,1,0,0,0,1,0,0,0,1,0,0,1,0
chr7:171711534,0,0,0,0,0,0,0,0,0,0,0,0,0
chr7:171723910,1,0,0,0,1,0,0,0,0,0,0,0,0
chr7:171733789,1,0,0,0,1,0,0,0,1,0,0,1,0
chr7:171755853,0,0,0,0,0,0,0,0,0,0,0,0,0
chr7:173193099,1,0,0,0,1,0,0,0,0,0,0,0,0
chr7:173193173,1,0,0,0,1,0,0,0,1,1,0,0,0
chr7:173373482,0,0,0,0,0,0,0,0,0,0,0,0,0
chr7:173751143,0,0,0,0,0,0,0,0,0,0,0,0,0
chr7:173855404,0,0,0,0,0,0,0,0,0,0,0,0,0
chr7:174336628,1,0,0,0,1,0,0,0,1,1,0,0,0
chr7:174371929,1,0,0,0,1,0,0,0,1,1,0,0,0
chr7:175840183,0,0,0,0,0,0,0,0,0,0,0,0,0
chr7:176451877,0,0,0,0,0,0,0,0,0,0,0,0,0
chr7:176666084,0,0,0,0,0,0,0,0,0,0,0,0,0
chr7:176677127,1,0,0,0,1,0,0,0,0,0,0,0,0
chr7:177330258,0,0,0,0,0,0,0,0,0,0,0,0,0
chr7:177478494,1,0,0,0,1,0,0,0,1,1,1,1,0
chr7:177488941,1,0,0,0,1,0,0,0,1,1,1,0,0
chr7:177636361,1,0,0,0,1,0,0,0,0,0,0,0,0
chr7:177636479,1,0,0,0,1,0,0,0,0,0,0,0,0
chr7:177637927,1,0,0,0,1,0,0,0,1,1,0,0,0
chr7:177638412,1,0,0,0,1,0,0,0,0,0,0,0,0
chr7:177701260,0,0,0,0,0,0,0,0,0,0,0,0,0
chr7:177785858,0,0,0,0,0,0,0,0,0,0,0,0,0
chr7:177787790,0,0,0,0,0,0,0,0,0,0,0,0,0
chr7:177788429,0,0,0,0,0,0,0,0,0,0,0,0,0
chr7:177946643,1,0,0,0,1,0,0,0,1,0,0,1,0
chr7:177999022,0,0,0,0,0,0,0,0,0,0,0,0,0
chr7:178052335,1,0,0,0,1,0,0,0,1,0,0,1,0
chr7:178070979,0,0,0,0,0,0,0,0,0,0,0,0,0
chr7:178070980,0,0,0,0,0,0,0,0,0,0,0,0,0
chr7:178080577,0,0,0,0,0,0,0,0,0,0,0,0,0
chr7:178081293,0,0,0,0,0,0,0,0,0,0,0,0,0
chr7:178081510,0,0,0,0,0,0,0,0,0,0,0,0,0
chr7:178091381,0,0,0,0,0,0,0,0,0,0,0,0,0
chr7:178091622,0,0,0,0,0,0,0,0,0,0,0,0,0
chr7:178095717,0,0,0,0,0,0,0,0,0,0,0,0,0
chr7:178139286,1,0,0,0,1,0,0,0,1,1,0,0,0
chr7:178212335,1,0,0,0,1,0,0,0,1,0,0,1,0
chr7:178213213,1,0,0,0,1,0,0,0,1,0,1,0,0
chr7:178894463,1,0,0,0,1,0,0,0,1,0,1,0,0
chr7:179048398,1,0,0,0,1,0,0,0,0,0,0,0,0
chr7:179350711,1,0,0,0,1,0,0,0,1,1,0,0,0
chr7:181087584,0,0,0,0,0,0,0,0,0,0,0,0,0
chr8:818207,0,0,0,0,0,0,0,0,0,0,0,0,0
chr8:976122,0,0,0,0,0,0,0,0,0,0,0,0,0
chr8:991174,0,0,0,0,0,0,0,0,0,0,0,0,0
chr8:1026849,0,0,0,0,0,0,0,0,0,0,0,0,0
chr8:1276767,0,0,0,0,0,0,0,0,0,0,0,0,0
chr8:1277051,0,0,0,0,0,0,0,0,0,0,0,0,0
chr8:1357939,1,0,0,0,1,0,0,0,1,1,0,0,0
chr8:1543550,0,0,0,0,0,0,0,0,0,0,0,0,0
chr8:1664384,1,0,0,0,1,0,0,0,0,0,0,0,0
chr8:1892127,1,0,0,0,1,0,0,0,0,0,0,0,0
chr8:1963884,0,0,0,0,0,0,0,0,0,0,0,0,0
chr8:1966483,0,0,0,0,0,0,0,0,0,0,0,0,0
chr8:1971897,1,0,0,0,1,0,0,0,0,0,0,0,0
chr8:2010397,0,0,0,0,0,0,0,0,0,0,0,0,0
chr8:2010463,0,0,0,0,0,0,0,0,0,0,0,0,0
chr8:2010537,0,0,0,0,0,0,0,0,0,0,0,0,0
chr8:2026575,0,0,0,0,0,0,0,0,0,0,0,0,0
chr8:2116312,0,0,0,0,0,0,0,0,0,0,0,0,0
chr8:2201158,1,0,0,0,1,0,0,0,1,0,1,1,0
chr8:2552414,0,0,0,0,0,0,0,0,0,0,0,0,0
chr8:2822463,0,0,0,0,0,0,0,0,0,0,0,0,0
chr8:2822567,0,0,0,0,0,0,0,0,0,0,0,0,0
chr8:2822979,0,0,0,0,0,0,0,0,0,0,0,0,0
chr8:2932073,0,0,0,0,0,0,0,0,0,0,0,0,0
chr8:2932185,0,0,0,0,0,0,0,0,0,0,0,0,0
chr8:2932869,0,0,0,0,0,0,0,0,0,0,0,0,0
chr8:2933552,0,0,0,0,0,0,0,0,0,0,0,0,0
chr8:2934098,0,0,0,0,0,0,0,0,0,0,0,0,0
chr8:2934614,0,0,0,0,0,0,0,0,0,0,0,0,0
chr8:2935179,0,0,0,0,0,0,0,0,0,0,0,0,0
chr8:2935268,0,0,0,0,0,0,0,0,0,0,0,0,0
chr8:2935306,0,0,0,0,0,0,0,0,0,0,0,0,0
chr8:2936454,0,0,0,0,0,0,0,0,0,0,0,0,0
chr8:2936540,0,0,0,0,0,0,0,0,0,0,0,0,0
chr8:2937942,0,0,0,0,0,0,0,0,0,0,0,0,0
chr8:2938051,0,0,0,0,0,0,0,0,0,0,0,0,0
chr8:2938086,0,0,0,0,0,0,0,0,0,0,0,0,0
chr8:2940295,0,0,0,0,0,0,0,0,0,0,0,0,0
chr8:2940410,0,0,0,0,0,0,0,0,0,0,0,0,0
chr8:2940433,0,0,0,0,0,0,0,0,0,0,0,0,0
chr8:2940526,0,0,0,0,0,0,0,0,0,0,0,0,0
chr8:2940736,0,0,0,0,0,0,0,0,0,0,0,0,0
chr8:2940863,0,0,0,0,0,0,0,0,0,0,0,0,0
chr8:2950072,0,0,0,0,0,0,0,0,0,0,0,0,0
chr8:2950203,0,0,0,0,0,0,0,0,0,0,0,0,0
chr8:2950229,0,0,0,0,0,0,0,0,0,0,0,0,0
chr8:3037457,0,0,0,0,0,0,0,0,0,0,0,0,0
chr8:3166805,0,0,0,0,0,0,0,0,0,0,0,0,0
chr8:3528726,1,0,0,0,1,0,0,0,0,0,0,0,0
chr8:3592705,1,0,0,0,1,0,0,0,1,1,1,0,0
chr8:3592832,1,0,0,0,1,0,0,0,1,1,1,0,0
chr8:3987285,1,0,0,0,1,0,0,0,1,0,1,0,0
chr8:4110402,0,0,0,0,0,0,0,0,0,0,0,0,0
chr8:4226405,0,0,0,0,0,0,0,0,0,0,0,0,0
chr8:4488168,0,0,0,0,0,0,0,0,0,0,0,0,0
chr8:4533987,0,0,0,0,0,0,0,0,0,0,0,0,0
chr8:4536903,0,0,0,0,0,0,0,0,0,0,0,0,0
chr8:4537206,0,0,0,0,0,0,0,0,0,0,0,0,0
chr8:4537220,0,0,0,0,0,0,0,0,0,0,0,0,0
chr8:4633873,0,0,0,0,0,0,0,0,0,0,0,0,0
chr8:4637288,0,0,0,0,0,0,0,0,0,0,0,0,0
chr8:4842259,1,0,0,0,1,0,0,0,1,0,0,1,0
chr8:4859118,0,0,0,0,0,0,0,0,0,0,0,0,0
chr8:5368727,1,0,0,0,1,0,0,0,0,0,0,0,0
chr8:5445806,0,0,1,0,0,0,1,0,1,0,0,0,0
chr8:5445833,0,0,1,0,0,0,1,0,1,0,0,0,0
chr8:5510801,0,0,0,0,0,0,0,0,0,0,0,0,0
chr8:5793025,1,0,0,0,1,0,0,0,1,0,1,0,0
chr8:5863430,1,0,0,0,1,0,0,0,1,1,0,0,0
chr8:6087917,0,0,0,0,0,0,0,0,0,0,0,0,0
chr8:6259877,0,0,0,0,0,0,0,0,0,0,0,0,0
chr8:6383800,1,0,0,0,1,0,0,0,0,0,0,0,0
chr8:6911101,1,0,0,0,1,0,0,0,0,0,0,0,0
chr8:7205682,1,0,0,0,1,0,0,0,1,0,1,0,0
chr8:7254847,1,0,0,0,1,0,0,0,1,0,0,1,0
chr8:7256229,1,0,0,0,1,0,0,0,1,1,0,1,0
chr8:7257132,1,0,0,0,1,0,0,0,1,0,0,1,0
chr8:8346609,0,0,0,0,0,0,0,0,0,0,0,0,0
chr8:8459874,1,0,0,0,1,0,0,0,1,0,1,0,0
chr8:8476218,0,0,0,0,0,0,0,0,0,0,0,0,0
chr8:8478227,0,0,0,0,0,0,0,0,0,0,0,0,0
chr8:8482465,0,0,0,0,0,0,0,0,0,0,0,0,0
chr8:8483873,0,0,0,0,0,0,0,0,0,0,0,0,0
chr8:8484292,0,0,0,0,0,0,0,0,0,0,0,0,0
chr8:8484401,0,0,0,0,0,0,0,0,0,0,0,0,0
chr8:8485465,0,0,0,0,0,0,0,0,0,0,0,0,0
chr8:8485576,0,0,0,0,0,0,0,0,0,0,0,0,0
chr8:8485617,0,0,0,0,0,0,0,0,0,0,0,0,0
chr8:8490918,0,0,0,0,0,0,0,0,0,0,0,0,0
chr8:8494298,0,0,0,0,0,0,0,0,0,0,0,0,0
chr8:8496368,0,0,0,0,0,0,0,0,0,0,0,0,0
chr8:8516821,0,0,0,0,0,0,0,0,0,0,0,0,0
chr8:8518664,0,0,0,0,0,0,0,0,0,0,0,0,0
chr8:8518713,0,0,0,0,0,0,0,0,0,0,0,0,0
chr8:8520567,0,0,0,0,0,0,0,0,0,0,0,0,0
chr8:8520766,0,0,0,0,0,0,0,0,0,0,0,0,0
chr8:8521558,0,0,0,0,0,0,0,0,0,0,0,0,0
chr8:8523159,0,0,0,0,0,0,0,0,0,0,0,0,0
chr8:8523258,0,0,0,0,0,0,0,0,0,0,0,0,0
chr8:8526541,0,0,0,0,0,0,0,0,0,0,0,0,0
chr8:8554478,0,0,0,0,0,0,0,0,0,0,0,0,0
chr8:8554499,0,0,0,0,0,0,0,0,0,0,0,0,0
chr8:8554563,0,0,0,0,0,0,0,0,0,0,0,0,0
chr8:8561573,0,0,0,0,0,0,0,0,0,0,0,0,0
chr8:8566451,0,0,0,0,0,0,0,0,0,0,0,0,0
chr8:8566499,0,0,0,0,0,0,0,0,0,0,0,0,0
chr8:8649370,0,0,0,0,0,0,0,0,0,0,0,0,0
chr8:10301549,0,0,0,0,0,0,0,0,0,0,0,0,0
chr8:10488026,0,0,0,0,0,0,0,0,0,0,0,0,0
chr8:10489095,0,0,0,0,0,0,0,0,0,0,0,0,0
chr8:10489103,0,0,0,0,0,0,0,0,0,0,0,0,0
chr8:10763524,0,0,0,0,0,0,0,0,0,0,0,0,0
chr8:10831320,0,0,0,0,0,0,0,0,0,0,0,0,0
chr8:10985349,1,0,0,0,1,0,0,0,0,0,0,0,0
chr8:11214046,0,0,0,0,0,0,0,0,0,0,0,0,0
chr8:11214058,0,0,0,0,0,0,0,0,0,0,0,0,0
chr8:11262623,1,0,0,0,1,0,0,0,1,1,0,0,0
chr8:11694297,0,0,0,0,0,0,0,0,0,0,0,0,0
chr8:11902889,0,0,0,0,0,0,0,0,0,0,0,0,0
chr8:11976318,0,0,0,0,0,0,0,0,0,0,0,0,0
chr8:13398074,0,0,0,0,0,0,0,0,0,0,0,0,0
chr8:13454483,0,0,0,0,0,0,0,0,0,0,0,0,0
chr8:13454618,0,0,0,0,0,0,0,0,0,0,0,0,0
chr8:13454695,0,0,0,0,0,0,0,0,0,0,0,0,0
chr8:13455464,0,0,0,0,0,0,0,0,0,0,0,0,0
chr8:13530086,0,0,0,0,0,0,0,0,0,0,0,0,0
chr8:14464850,0,0,0,0,0,0,0,0,0,0,0,0,0
chr8:14958083,1,0,0,0,1,0,0,0,0,0,0,0,0
chr8:14962466,0,0,0,0,0,0,0,0,0,0,0,0,0
chr8:15006541,0,0,0,0,0,0,0,0,0,0,0,0,0
chr8:15006708,0,0,0,0,0,0,0,0,0,0,0,0,0
chr8:15223202,0,0,0,0,0,0,0,0,0,0,0,0,0
chr8:15281860,1,0,0,0,1,0,0,0,1,0,1,1,0
chr8:15542791,1,0,0,0,1,0,0,0,1,1,0,1,0
chr8:15712308,1,0,0,0,1,0,0,0,1,0,1,0,0
chr8:16189817,0,0,0,0,0,0,0,0,0,0,0,0,0
chr8:16333227,0,0,0,0,0,0,0,0,0,0,0,0,0
chr8:16392604,0,0,0,0,0,0,0,0,0,0,0,0,0
chr8:16558750,0,0,0,0,0,0,0,0,0,0,0,0,0
chr8:16558782,0,0,0,0,0,0,0,0,0,0,0,0,0
chr8:16635365,0,0,0,0,0,0,0,0,0,0,0,0,0
chr8:16635458,0,0,0,0,0,0,0,0,0,0,0,0,0
chr8:16635526,0,0,0,0,0,0,0,0,0,0,0,0,0
chr8:16637537,0,0,0,0,0,0,0,0,0,0,0,0,0
chr8:16654500,0,0,0,0,0,0,0,0,0,0,0,0,0
chr8:16654711,0,0,0,0,0,0,0,0,0,0,0,0,0
chr8:16747800,0,0,0,0,0,0,0,0,0,0,0,0,0
chr8:16914606,0,0,0,0,0,0,0,0,0,0,0,0,0
chr8:16984625,1,0,0,0,1,0,0,0,1,1,0,0,0
chr8:16985555,0,0,0,0,0,0,0,0,0,0,0,0,0
chr8:16985792,0,0,0,0,0,0,0,0,0,0,0,0,0
chr8:16986307,0,0,0,0,0,0,0,0,0,0,0,0,0
chr8:17306800,0,0,0,0,0,0,0,0,0,0,0,0,0
chr8:17460132,0,0,0,0,0,0,0,0,0,0,0,0,0
chr8:17460179,0,0,0,0,0,0,0,0,0,0,0,0,0
chr8:17625930,1,0,0,0,1,0,0,0,0,0,0,0,0
chr8:17705634,0,0,0,0,0,0,0,0,0,0,0,0,0
chr8:17716349,0,0,0,0,0,0,0,0,0,0,0,0,0
chr8:17716362,0,0,0,0,0,0,0,0,0,0,0,0,0
chr8:18124221,0,0,0,0,0,0,0,0,0,0,0,0,0
chr8:18576100,0,0,0,0,0,0,0,0,0,0,0,0,0
chr8:19057768,0,0,0,0,0,0,0,0,0,0,0,0,0
chr8:20371712,1,0,0,0,1,0,0,0,1,1,1,0,0
chr8:21241449,0,0,0,0,0,0,0,0,0,0,0,0,0
chr8:21778576,0,0,0,0,0,0,0,0,0,0,0,0,0
chr8:21782472,0,0,0,0,0,0,0,0,0,0,0,0,0
chr8:22547029,0,0,0,0,0,0,0,0,0,0,0,0,0
chr8:22610535,0,0,0,0,0,0,0,0,0,0,0,0,0
chr8:23223925,0,0,0,0,0,0,0,0,0,0,0,0,0
chr8:23724140,0,0,0,0,0,0,0,0,0,0,0,0,0
chr8:23747116,0,0,0,0,0,0,0,0,0,0,0,0,0
chr8:23814034,1,0,0,0,1,0,0,0,1,1,0,0,0
chr8:24072129,0,0,0,0,0,0,0,0,0,0,0,0,0
chr8:24123657,0,0,0,0,0,0,0,0,0,0,0,0,0
chr8:24124420,1,0,0,0,1,0,0,0,0,0,0,0,0
chr8:24790354,0,0,0,0,0,0,0,0,0,0,0,0,0
chr8:24855348,0,0,0,0,0,0,0,0,0,0,0,0,0
chr8:24855458,0,0,0,0,0,0,0,0,0,0,0,0,0
chr8:24855493,0,0,0,0,0,0,0,0,0,0,0,0,0
chr8:24856284,0,0,0,0,0,0,0,0,0,0,0,0,0
chr8:25121673,1,0,0,0,1,0,0,0,1,1,0,0,0
chr8:26137958,1,0,0,0,1,0,0,0,0,0,0,0,0
chr8:26441095,1,0,0,0,1,0,0,0,1,0,0,1,0
chr8:26879982,0,0,0,0,0,0,0,0,0,0,0,0,0
chr8:26900906,1,0,0,0,1,0,0,0,0,0,0,0,0
chr8:26903568,1,0,0,0,1,0,0,0,1,0,1,0,0
chr8:27345379,0,0,0,0,0,0,0,0,0,0,0,0,0
chr8:27353895,0,0,0,0,0,0,0,0,0,0,0,0,0
chr8:27356053,0,0,0,0,0,0,0,0,0,0,0,0,0
chr8:27391301,0,0,0,0,0,0,0,0,0,0,0,0,0
chr8:27391673,0,0,0,0,0,0,0,0,0,0,0,0,0
chr8:27397409,0,0,0,0,0,0,0,0,0,0,0,0,0
chr8:28574769,1,0,0,0,1,0,0,0,0,0,0,0,0
chr8:29559773,0,0,0,0,0,0,0,0,0,0,0,0,0
chr8:29907412,0,0,0,0,0,0,0,0,0,0,0,0,0
chr8:29919673,0,0,0,0,0,0,0,0,0,0,0,0,0
chr8:29987042,0,0,0,0,0,0,0,0,0,0,0,0,0
chr8:30029700,0,0,0,0,0,0,0,0,0,0,0,0,0
chr8:30111291,1,0,0,0,1,0,0,0,0,0,0,0,0
chr8:30337510,0,0,0,0,0,0,0,0,0,0,0,0,0
chr8:32588484,0,0,0,0,0,0,0,0,0,0,0,0,0
chr8:32601466,0,0,0,0,0,0,0,0,0,0,0,0,0
chr8:33760607,0,0,0,0,0,0,0,0,0,0,0,0,0
chr8:34046257,0,0,0,0,0,0,0,0,0,0,0,0,0
chr8:34050881,0,0,0,0,0,0,0,0,0,0,0,0,0
chr8:34298077,0,0,0,0,0,0,0,0,0,0,0,0,0
chr8:34298936,0,0,0,0,0,0,0,0,0,0,0,0,0
chr8:34298976,0,0,0,0,0,0,0,0,0,0,0,0,0
chr8:34771268,0,0,0,0,0,0,0,0,0,0,0,0,0
chr8:34897955,0,0,0,0,0,0,0,0,0,0,0,0,0
chr8:34931460,0,0,0,0,0,0,0,0,0,0,0,0,0
chr8:34997956,0,0,0,0,0,0,0,0,0,0,0,0,0
chr8:35007715,0,0,0,0,0,0,0,0,0,0,0,0,0
chr8:35053659,0,0,0,0,0,0,0,0,0,0,0,0,0
chr8:35654637,0,0,0,0,0,0,0,0,0,0,0,0,0
chr8:36767017,0,0,0,0,0,0,0,0,0,0,0,0,0
chr8:37495362,0,0,0,0,0,0,0,0,0,0,0,0,0
chr8:37573518,0,0,0,0,0,0,0,0,0,0,0,0,0
chr8:38183832,0,0,0,0,0,0,0,0,0,0,0,0,0
chr8:38831607,0,0,0,0,0,0,0,0,0,0,0,0,0
chr8:39248655,0,0,0,0,0,0,0,0,0,0,0,0,0
chr8:41101686,0,0,0,0,0,0,0,0,0,0,0,0,0
chr8:41120986,0,0,0,0,0,0,0,0,0,0,0,0,0
chr8:41140345,0,0,0,0,0,0,0,0,0,0,0,0,0
chr8:41229208,0,0,0,0,0,0,0,0,0,0,0,0,0
chr8:41229507,0,0,0,0,0,0,0,0,0,0,0,0,0
chr8:41229766,0,0,0,0,0,0,0,0,0,0,0,0,0
chr8:41229817,0,0,0,0,0,0,0,0,0,0,0,0,0
chr8:41230667,0,0,0,0,0,0,0,0,0,0,0,0,0
chr8:41282257,0,0,0,0,0,0,0,0,0,0,0,0,0
chr8:41284344,0,0,0,0,0,0,0,0,0,0,0,0,0
chr8:41285743,0,0,0,0,0,0,0,0,0,0,0,0,0
chr8:41286488,0,0,0,0,0,0,0,0,0,0,0,0,0
chr8:41287727,0,0,0,0,0,0,0,0,0,0,0,0,0
chr8:41287735,0,0,0,0,0,0,0,0,0,0,0,0,0
chr8:41297789,0,0,0,0,0,0,0,0,0,0,0,0,0
chr8:41297903,0,0,0,0,0,0,0,0,0,0,0,0,0
chr8:41298165,0,0,0,0,0,0,0,0,0,0,0,0,0
chr8:41307610,0,0,0,0,0,0,0,0,0,0,0,0,0
chr8:41620486,0,0,0,0,0,0,0,0,0,0,0,0,0
chr8:41620866,0,0,0,0,0,0,0,0,0,0,0,0,0
chr8:41620888,0,0,0,0,0,0,0,0,0,0,0,0,0
chr8:41621875,0,0,0,0,0,0,0,0,0,0,0,0,0
chr8:41700326,0,0,0,0,0,0,0,0,0,0,0,0,0
chr8:41700346,0,0,0,0,0,0,0,0,0,0,0,0,0
chr8:41710161,0,0,0,0,0,0,0,0,0,0,0,0,0
chr8:41710186,0,0,0,0,0,0,0,0,0,0,0,0,0
chr8:41711998,0,0,0,0,0,0,0,0,0,0,0,0,0
chr8:41712882,0,0,0,0,0,0,0,0,0,0,0,0,0
chr8:41746471,0,0,0,0,0,0,0,0,0,0,0,0,0
chr8:41746608,0,0,0,0,0,0,0,0,0,0,0,0,0
chr8:41764762,0,0,0,0,0,0,0,0,0,0,0,0,0
chr8:41764986,0,0,0,0,0,0,0,0,0,0,0,0,0
chr8:41769139,0,0,0,0,0,0,0,0,0,0,0,0,0
chr8:41772005,0,0,0,0,0,0,0,0,0,0,0,0,0
chr8:41775252,0,0,0,0,0,0,0,0,0,0,0,0,0
chr8:41781209,0,0,0,0,0,0,0,0,0,0,0,0,0
chr8:41785976,0,0,0,0,0,0,0,0,0,0,0,0,0
chr8:41788402,0,0,0,0,0,0,0,0,0,0,0,0,0
chr8:41788667,0,0,0,0,0,0,0,0,0,0,0,0,0
chr8:41863030,0,0,0,0,0,0,0,0,0,0,0,0,0
chr8:42207548,0,0,0,0,0,0,0,0,0,0,0,0,0
chr8:42230193,0,0,0,0,0,0,0,0,0,0,0,0,0
chr8:42231332,0,0,0,0,0,0,0,0,0,0,0,0,0
chr8:42365702,0,0,0,0,0,0,0,0,0,0,0,0,0
chr8:42377501,0,0,0,0,0,0,0,0,0,0,0,0,0
chr8:43569812,0,0,0,0,0,0,0,0,0,0,0,0,0
chr8:43584073,0,0,0,0,0,0,0,0,0,0,0,0,0
chr8:43805114,0,0,0,0,0,0,0,0,0,0,0,0,0
chr8:43973948,0,0,0,0,0,0,0,0,0,0,0,0,0
chr8:44045131,0,0,0,0,0,0,0,0,0,0,0,0,0
chr8:45462051,0,0,0,0,0,0,0,0,0,0,0,0,0
chr8:45568967,0,0,0,0,0,0,0,0,0,0,0,0,0
chr8:45668778,0,0,0,0,0,0,0,0,0,0,0,0,0
chr8:45668783,0,0,0,0,0,0,0,0,0,0,0,0,0
chr8:46409975,0,0,0,0,0,0,0,0,0,0,0,0,0
chr8:47073031,0,0,0,0,0,0,0,0,0,0,0,0,0
chr8:47079159,0,0,0,0,0,0,0,0,0,0,0,0,0
chr8:49381808,0,0,0,0,0,0,0,0,0,0,0,0,0
chr8:49473894,0,0,0,0,0,0,0,0,0,0,0,0,0
chr8:50698176,0,0,0,0,0,0,0,0,0,0,0,0,0
chr8:50958148,0,0,0,0,0,0,0,0,0,0,0,0,0
chr8:51424789,0,0,0,0,0,0,0,0,0,0,0,0,0
chr8:51424822,0,0,0,0,0,0,0,0,0,0,0,0,0
chr8:54028561,0,0,0,0,0,0,0,0,0,0,0,0,0
chr8:54060302,0,0,0,0,0,0,0,0,0,0,0,0,0
chr8:54063395,0,0,0,0,0,0,0,0,0,0,0,0,0
chr8:54065771,0,0,0,0,0,0,0,0,0,0,0,0,0
chr8:54160643,0,0,0,0,0,0,0,0,0,0,0,0,0
chr8:54513656,0,0,0,0,0,0,0,0,0,0,0,0,0
chr8:54838152,0,0,0,0,0,0,0,0,0,0,0,0,0
chr8:55051707,0,0,0,0,0,0,0,0,0,0,0,0,0
chr8:55052922,0,0,0,0,0,0,0,0,0,0,0,0,0
chr8:55060387,0,0,0,0,0,0,0,0,0,0,0,0,0
chr8:55134391,1,0,0,0,1,0,0,0,0,0,0,0,0
chr8:55498531,0,0,0,0,0,0,0,0,0,0,0,0,0
chr8:55522884,0,0,0,0,0,0,0,0,0,0,0,0,0
chr8:55753481,0,0,0,0,0,0,0,0,0,0,0,0,0
chr8:56302715,0,0,0,0,0,0,0,0,0,0,0,0,0
chr8:57363003,0,0,0,0,0,0,0,0,0,0,0,0,0
chr8:61712075,0,0,0,0,0,0,0,0,0,0,0,0,0
chr8:62654310,0,0,0,0,0,0,0,0,0,0,0,0,0
chr8:62973850,0,0,0,0,0,0,0,0,0,0,0,0,0
chr8:62978875,0,0,0,0,0,0,0,0,0,0,0,0,0
chr8:62996916,0,0,0,0,0,0,0,0,0,0,0,0,0
chr8:63065715,0,0,0,0,0,0,0,0,0,0,0,0,0
chr8:63065852,0,0,0,0,0,0,0,0,0,0,0,0,0
chr8:63092872,0,0,0,0,0,0,0,0,0,0,0,0,0
chr8:63109914,0,0,0,0,0,0,0,0,0,0,0,0,0
chr8:63109969,0,0,0,0,0,0,0,0,0,0,0,0,0
chr8:63111415,0,0,0,0,0,0,0,0,0,0,0,0,0
chr8:63111788,0,0,0,0,0,0,0,0,0,0,0,0,0
chr8:63112454,0,0,0,0,0,0,0,0,0,0,0,0,0
chr8:63115213,0,0,0,0,0,0,0,0,0,0,0,0,0
chr8:63115608,0,0,0,0,0,0,0,0,0,0,0,0,0
chr8:63115864,0,0,0,0,0,0,0,0,0,0,0,0,0
chr8:63116536,0,0,0,0,0,0,0,0,0,0,0,0,0
chr8:63134332,0,0,0,0,0,0,0,0,0,0,0,0,0
chr8:63134812,0,0,0,0,0,0,0,0,0,0,0,0,0
chr8:63135143,0,0,0,0,0,0,0,0,0,0,0,0,0
chr8:63136049,0,0,0,0,0,0,0,0,0,0,0,0,0
chr8:63177705,0,0,0,0,0,0,0,0,0,0,0,0,0
chr8:63186938,0,0,0,0,0,0,0,0,0,0,0,0,0
chr8:63187326,0,0,0,0,0,0,0,0,0,0,0,0,0
chr8:63187388,0,0,0,0,0,0,0,0,0,0,0,0,0
chr8:63258368,0,0,0,0,0,0,0,0,0,0,0,0,0
chr8:63307459,0,0,0,0,0,0,0,0,0,0,0,0,0
chr8:63308057,0,0,0,0,0,0,0,0,0,0,0,0,0
chr8:63308092,0,0,0,0,0,0,0,0,0,0,0,0,0
chr8:63313888,0,0,0,0,0,0,0,0,0,0,0,0,0
chr8:63314302,0,0,0,0,0,0,0,0,0,0,0,0,0
chr8:64427519,0,0,0,0,0,0,0,0,0,0,0,0,0
chr8:64718383,0,0,0,0,0,0,0,0,0,0,0,0,0
chr8:64719748,0,0,0,0,0,0,0,0,0,0,0,0,0
chr8:64725805,0,0,0,0,0,0,0,0,0,0,0,0,0
chr8:64727400,0,0,0,0,0,0,0,0,0,0,0,0,0
chr8:65355408,0,0,0,0,0,0,0,0,0,0,0,0,0
chr8:65358113,0,0,0,0,0,0,0,0,0,0,0,0,0
chr8:65393087,0,0,0,0,0,0,0,0,0,0,0,0,0
chr8:65428401,0,0,0,0,0,0,0,0,0,0,0,0,0
chr8:67488627,0,0,0,0,0,0,0,0,0,0,0,0,0
chr8:67488801,0,0,0,0,0,0,0,0,0,0,0,0,0
chr8:67549682,0,0,0,0,0,0,0,0,0,0,0,0,0
chr8:67549884,0,0,0,0,0,0,0,0,0,0,0,0,0
chr8:67550928,0,0,0,0,0,0,0,0,0,0,0,0,0
chr8:67551578,0,0,0,0,0,0,0,0,0,0,0,0,0
chr8:67553152,0,0,0,0,0,0,0,0,0,0,0,0,0
chr8:67652496,0,0,0,0,0,0,0,0,0,0,0,0,0
chr8:67663956,0,0,0,0,0,0,0,0,0,0,0,0,0
chr8:67741571,0,0,0,0,0,0,0,0,0,0,0,0,0
chr8:67818243,0,0,0,0,0,0,0,0,0,0,0,0,0
chr8:67916152,1,0,0,0,1,0,0,0,0,0,0,0,0
chr8:67916654,1,0,0,0,1,0,0,0,1,1,0,0,0
chr8:68045357,0,0,0,0,0,0,0,0,0,0,0,0,0
chr8:68050396,1,0,0,0,1,0,0,0,1,1,0,0,0
chr8:70010898,0,0,0,0,0,0,0,0,0,0,0,0,0
chr8:70052820,0,0,0,0,0,0,0,0,0,0,0,0,0
chr8:70548924,0,0,0,0,0,0,0,0,0,0,0,0,0
chr8:71041836,0,0,0,0,0,0,0,0,0,0,0,0,0
chr8:71195169,0,0,0,0,0,0,0,0,0,0,0,0,0
chr8:71274213,0,0,0,0,0,0,0,0,0,0,0,0,0
chr8:71420142,0,0,0,0,0,0,0,0,0,0,0,0,0
chr8:71733078,0,0,0,0,0,0,0,0,0,0,0,0,0
chr8:71784418,0,0,0,0,0,0,0,0,0,0,0,0,0
chr8:71833474,0,0,0,0,0,0,0,0,0,0,0,0,0
chr8:72111914,0,0,0,0,0,0,0,0,0,0,0,0,0
chr8:72119987,0,0,0,0,0,0,0,0,0,0,0,0,0
chr8:72119997,0,0,0,0,0,0,0,0,0,0,0,0,0
chr8:72187651,0,0,0,0,0,0,0,0,0,0,0,0,0
chr8:73385803,0,0,0,0,0,0,0,0,0,0,0,0,0
chr8:73935019,0,0,0,0,0,0,0,0,0,0,0,0,0
chr8:74961980,1,0,0,0,1,0,0,0,1,1,1,0,0
chr8:75917136,0,0,0,0,0,0,0,0,0,0,0,0,0
chr8:77012024,1,0,0,0,1,0,0,0,0,0,0,0,0
chr8:77964413,0,0,0,0,0,0,0,0,0,0,0,0,0
chr8:81025464,0,0,0,0,0,0,0,0,0,0,0,0,0
chr8:81392061,0,0,0,0,0,0,0,0,0,0,0,0,0
chr8:83735265,1,0,0,0,1,0,0,0,0,0,0,0,0
chr8:83735974,1,0,0,0,1,0,0,0,0,0,0,0,0
chr8:85382857,0,0,0,0,0,0,0,0,0,0,0,0,0
chr8:89137315,0,0,0,0,0,0,0,0,0,0,0,0,0
chr8:89268005,0,0,0,0,0,0,0,0,0,0,0,0,0
chr8:91252105,0,0,0,0,0,0,0,0,0,0,0,0,0
chr8:91740333,0,0,0,0,0,0,0,0,0,0,0,0,0
chr8:92248967,0,0,0,0,0,0,0,0,0,0,0,0,0
chr8:92249028,0,0,0,0,0,0,0,0,0,0,0,0,0
chr8:92539224,1,0,0,0,1,0,0,0,1,1,0,0,0
chr8:92539256,1,0,0,0,1,0,0,0,0,0,0,0,0
chr8:93185166,0,0,0,0,0,0,0,0,0,0,0,0,0
chr8:93838301,0,0,0,0,0,0,0,0,0,0,0,0,0
chr8:93891606,0,0,0,0,0,0,0,0,0,0,0,0,0
chr8:93891745,0,0,0,0,0,0,0,0,0,0,0,0,0
chr8:94064097,0,0,0,0,0,0,0,0,0,0,0,0,0
chr8:94167644,0,0,0,0,0,0,0,0,0,0,0,0,0
chr8:94180707,0,0,0,0,0,0,0,0,0,0,0,0,0
chr8:94886821,0,0,0,0,0,0,0,0,0,0,0,0,0
chr8:94927125,0,0,0,0,0,0,0,0,0,0,0,0,0
chr8:94947159,0,0,0,0,0,0,0,0,0,0,0,0,0
chr8:95544529,0,0,0,0,0,0,0,0,0,0,0,0,0
chr8:95697034,0,0,0,0,0,0,0,0,0,0,0,0,0
chr8:96362561,1,0,0,0,1,0,0,0,1,1,0,0,0
chr8:96490040,0,0,0,0,0,0,0,0,0,0,0,0,0
chr8:97570914,1,0,0,0,1,0,0,0,1,1,0,0,0
chr8:98447933,0,0,0,0,0,0,0,0,0,0,0,0,0
chr8:98842167,0,0,0,0,0,0,0,0,0,0,0,0,0
chr8:98868997,0,0,0,0,0,0,0,0,0,0,0,0,0
chr8:98901935,0,0,0,0,0,0,0,0,0,0,0,0,0
chr8:99286092,0,0,0,0,0,0,0,0,0,0,0,0,0
chr8:99298285,0,0,0,0,0,0,0,0,0,0,0,0,0
chr8:99340217,0,0,0,0,0,0,0,0,0,0,0,0,0
chr8:99666348,0,0,0,0,0,0,0,0,0,0,0,0,0
chr8:99679634,0,0,0,0,0,0,0,0,0,0,0,0,0
chr8:99881771,0,0,0,0,0,0,0,0,0,0,0,0,0
chr8:100025398,0,0,0,0,0,0,0,0,0,0,0,0,0
chr8:100156674,0,0,0,0,0,0,0,0,0,0,0,0,0
chr8:100239543,0,0,0,0,0,0,0,0,0,0,0,0,0
chr8:100283212,0,0,0,0,0,0,0,0,0,0,0,0,0
chr8:100298363,0,0,0,0,0,0,0,0,0,0,0,0,0
chr8:100300276,0,0,0,0,0,0,0,0,0,0,0,0,0
chr8:100337234,0,0,0,0,0,0,0,0,0,0,0,0,0
chr8:100372654,1,0,0,0,1,0,0,0,0,0,0,0,0
chr8:100415604,0,0,0,0,0,0,0,0,0,0,0,0,0
chr8:100419895,0,0,0,0,0,0,0,0,0,0,0,0,0
chr8:100425312,0,0,0,0,0,0,0,0,0,0,0,0,0
chr8:100511385,0,0,0,0,0,0,0,0,0,0,0,0,0
chr8:100553520,0,0,0,0,0,0,0,0,0,0,0,0,0
chr8:100630310,0,0,0,0,0,0,0,0,0,0,0,0,0
chr8:100661700,0,0,0,0,0,0,0,0,0,0,0,0,0
chr8:100709409,0,0,0,0,0,0,0,0,0,0,0,0,0
chr8:100901631,0,0,0,0,0,0,0,0,0,0,0,0,0
chr8:101012926,0,0,0,0,0,0,0,0,0,0,0,0,0
chr8:101034495,0,0,0,0,0,0,0,0,0,0,0,0,0
chr8:101063021,0,0,0,0,0,0,0,0,0,0,0,0,0
chr8:101099980,0,0,0,0,0,0,0,0,0,0,0,0,0
chr8:101137131,0,0,0,0,0,0,0,0,0,0,0,0,0
chr8:101137447,0,0,0,0,0,0,0,0,0,0,0,0,0
chr8:101156415,0,0,0,0,0,0,0,0,0,0,0,0,0
chr8:101162006,0,0,0,0,0,0,0,0,0,0,0,0,0
chr8:101381014,0,0,0,0,0,0,0,0,0,0,0,0,0
chr8:101489254,0,0,0,0,0,0,0,0,0,0,0,0,0
chr8:101547779,0,0,0,0,0,0,0,0,0,0,0,0,0
chr8:101706433,0,0,0,0,0,0,0,0,0,0,0,0,0
chr8:101741403,0,0,0,0,0,0,0,0,0,0,0,0,0
chr8:101808238,0,0,0,0,0,0,0,0,0,0,0,0,0
chr8:101845774,0,0,0,0,0,0,0,0,0,0,0,0,0
chr8:101850866,0,0,0,0,0,0,0,0,0,0,0,0,0
chr8:101851710,0,0,0,0,0,0,0,0,0,0,0,0,0
chr8:101892916,0,0,0,0,0,0,0,0,0,0,0,0,0
chr8:101918472,0,0,0,0,0,0,0,0,0,0,0,0,0
chr8:101960547,0,0,0,0,0,0,0,0,0,0,0,0,0
chr8:101967064,0,0,0,0,0,0,0,0,0,0,0,0,0
chr8:101968419,0,0,0,0,0,0,0,0,0,0,0,0,0
chr8:101992284,0,0,0,0,0,0,0,0,0,0,0,0,0
chr8:102065916,0,0,0,0,0,0,0,0,0,0,0,0,0
chr8:102118842,0,0,0,0,0,0,0,0,0,0,0,0,0
chr8:102292391,0,0,0,0,0,0,0,0,0,0,0,0,0
chr8:102765822,0,0,0,0,0,0,0,0,0,0,0,0,0
chr8:102769780,0,0,0,0,0,0,0,0,0,0,0,0,0
chr8:102775245,0,0,0,0,0,0,0,0,0,0,0,0,0
chr8:102781065,1,0,0,0,1,0,0,0,0,0,0,0,0
chr8:102967661,1,0,0,0,1,0,0,0,1,0,1,0,0
chr8:102978180,0,0,0,0,0,0,0,0,0,0,0,0,0
chr8:102978866,0,0,0,0,0,0,0,0,0,0,0,0,0
chr8:102979331,0,0,0,0,0,0,0,0,0,0,0,0,0
chr8:102980007,0,0,0,0,0,0,0,0,0,0,0,0,0
chr8:102980403,0,0,0,0,0,0,0,0,0,0,0,0,0
chr8:102981603,0,0,0,0,0,0,0,0,0,0,0,0,0
chr8:102987640,0,0,0,0,0,0,0,0,0,0,0,0,0
chr8:102991141,1,0,0,0,1,0,0,0,1,0,0,1,0
chr8:103253929,1,0,0,0,1,0,0,0,1,1,0,0,0
chr8:103837338,0,0,0,0,0,0,0,0,0,0,0,0,0
chr8:103840512,0,0,0,0,0,0,0,0,0,0,0,0,0
chr8:103975739,0,0,0,0,0,0,0,0,0,0,0,0,0
chr8:104025906,0,0,0,0,0,0,0,0,0,0,0,0,0
chr8:104228850,0,0,0,0,0,0,0,0,0,0,0,0,0
chr8:104447273,0,0,0,0,0,0,0,0,0,0,0,0,0
chr8:104456759,0,0,0,0,0,0,0,0,0,0,0,0,0
chr8:105522828,1,0,0,0,1,0,0,0,0,0,0,0,0
chr8:105839266,0,0,0,0,0,0,0,0,0,0,0,0,0
chr8:106026850,0,0,0,0,0,0,0,0,0,0,0,0,0
chr8:106100659,0,0,0,0,0,0,0,0,0,0,0,0,0
chr8:106444640,1,0,0,0,1,0,0,0,0,0,0,0,0
chr8:108449204,0,0,0,0,0,0,0,0,0,0,0,0,0
chr8:109283335,1,0,0,0,1,0,0,0,1,0,0,1,0
chr8:109328478,0,0,0,0,0,0,0,0,0,0,0,0,0
chr8:109389249,0,0,0,0,0,0,0,0,0,0,0,0,0
chr8:109419987,0,0,0,0,0,0,0,0,0,0,0,0,0
chr8:109420017,0,0,0,0,0,0,0,0,0,0,0,0,0
chr8:109428039,0,0,0,0,0,0,0,0,0,0,0,0,0
chr8:109451086,0,0,0,0,0,0,0,0,0,0,0,0,0
chr8:109454426,0,0,0,0,0,0,0,0,0,0,0,0,0
chr8:109454506,0,0,0,0,0,0,0,0,0,0,0,0,0
chr8:109463922,1,0,0,0,1,0,0,0,0,0,0,0,0
chr8:111194347,0,0,0,0,0,0,0,0,0,0,0,0,0
chr8:111710046,0,0,0,0,0,0,0,0,0,0,0,0,0
chr8:111878700,1,0,0,0,1,0,0,0,1,0,0,1,0
chr8:111878862,1,0,0,0,1,0,0,0,1,0,0,1,0
chr8:111893057,0,0,0,0,0,0,0,0,0,0,0,0,0
chr8:112002228,0,0,0,0,0,0,0,0,0,0,0,0,0
chr8:112036684,0,0,0,0,0,0,0,0,0,0,0,0,0
chr8:112182739,0,0,0,0,0,0,0,0,0,0,0,0,0
chr8:112507446,1,0,0,0,1,0,0,0,1,1,0,0,0
chr8:112510395,0,0,0,0,0,0,0,0,0,0,0,0,0
chr8:112510518,0,0,0,0,0,0,0,0,0,0,0,0,0
chr8:112604870,0,0,0,0,0,0,0,0,0,0,0,0,0
chr8:112605777,0,0,0,0,0,0,0,0,0,0,0,0,0
chr8:112605826,0,0,0,0,0,0,0,0,0,0,0,0,0
chr8:112608293,1,0,0,0,1,0,0,0,0,0,0,0,0
chr8:112608893,1,0,0,0,1,0,0,0,0,0,0,0,0
chr8:112609360,1,0,0,0,1,0,0,0,0,0,0,0,0
chr8:112628681,1,0,0,0,1,0,0,0,1,0,0,1,0
chr8:112632255,1,0,0,0,1,0,0,0,0,0,0,0,0
chr8:112632440,1,0,0,0,1,0,0,0,0,0,0,0,0
chr8:112632441,1,0,0,0,1,0,0,0,0,0,0,0,0
chr8:115329935,1,0,0,0,1,0,0,0,0,0,0,0,0
chr8:116432685,1,0,0,0,1,0,0,0,0,0,0,0,0
chr8:116444286,0,0,0,0,0,0,0,0,0,0,0,0,0
chr8:116501027,0,0,0,0,0,0,0,0,0,0,0,0,0
chr8:116559526,0,0,0,0,0,0,0,0,0,0,0,0,0
chr8:116583175,0,0,0,0,0,0,0,0,0,0,0,0,0
chr8:116587080,0,0,0,0,0,0,0,0,0,0,0,0,0
chr8:116599701,0,0,0,0,0,0,0,0,0,0,0,0,0
chr8:116610515,0,0,0,0,0,0,0,0,0,0,0,0,0
chr8:116809544,1,0,0,0,1,0,0,0,1,0,0,1,0
chr8:117904309,0,0,0,0,0,0,0,0,0,0,0,0,0
chr8:118072955,0,0,0,0,0,0,0,0,0,0,0,0,0
chr8:119044687,0,0,0,0,0,0,0,0,0,0,0,0,0
chr8:119991281,0,0,0,0,0,0,0,0,0,0,0,0,0
chr8:120066314,0,0,0,0,0,0,0,0,0,0,0,0,0
chr8:120755373,0,0,0,0,0,0,0,0,0,0,0,0,0
chr8:121150877,0,0,0,0,0,0,0,0,0,0,0,0,0
chr8:121637636,0,0,0,0,0,0,0,0,0,0,0,0,0
chr8:123594107,0,0,0,0,0,0,0,0,0,0,0,0,0
chr8:127007817,0,0,0,0,0,0,0,0,0,0,0,0,0
chr8:128223088,1,0,0,0,1,0,0,0,0,0,0,0,0
chr8:128223264,1,0,0,0,1,0,0,0,0,0,0,0,0
chr8:128223284,1,0,0,0,1,0,0,0,0,0,0,0,0
chr8:128223388,1,0,0,0,1,0,0,0,0,0,0,0,0
chr8:128223632,1,0,0,0,1,0,0,0,0,0,0,0,0
chr8:128223852,1,0,0,0,1,0,0,0,1,1,0,0,0
chr8:128625739,1,0,0,0,1,0,0,0,1,1,0,0,0
chr8:129319278,0,0,0,0,0,0,0,0,0,0,0,0,0
chr8:129329316,0,0,0,0,0,0,0,0,0,0,0,0,0
chr8:129347100,0,0,0,0,0,0,0,0,0,0,0,0,0
chr8:129528632,0,0,0,0,0,0,0,0,0,0,0,0,0
chr8:129611531,0,0,0,0,0,0,0,0,0,0,0,0,0
chr8:129639384,0,0,0,0,0,0,0,0,0,0,0,0,0
chr8:129657529,0,0,0,0,0,0,0,0,0,0,0,0,0
chr8:129682887,0,0,0,0,0,0,0,0,0,0,0,0,0
chr8:129703685,0,0,0,0,0,0,0,0,0,0,0,0,0
chr8:129710444,0,0,0,0,0,0,0,0,0,0,0,0,0
chr8:129713836,0,0,0,0,0,0,0,0,0,0,0,0,0
chr8:129751895,0,0,0,0,0,0,0,0,0,0,0,0,0
chr8:129752045,0,0,0,0,0,0,0,0,0,0,0,0,0
chr8:129752280,0,0,0,0,0,0,0,0,0,0,0,0,0
chr8:129752618,0,0,0,0,0,0,0,0,0,0,0,0,0
chr8:129753093,0,0,0,0,0,0,0,0,0,0,0,0,0
chr8:129753468,0,0,0,0,0,0,0,0,0,0,0,0,0
chr8:129754953,0,0,0,0,0,0,0,0,0,0,0,0,0
chr8:129755395,0,0,0,0,0,0,0,0,0,0,0,0,0
chr8:129766615,0,0,0,0,0,0,0,0,0,0,0,0,0
chr8:129766629,0,0,0,0,0,0,0,0,0,0,0,0,0
chr8:129768074,0,0,0,0,0,0,0,0,0,0,0,0,0
chr8:129768481,0,0,0,0,0,0,0,0,0,0,0,0,0
chr8:129770693,0,0,0,0,0,0,0,0,0,0,0,0,0
chr8:129770847,0,0,0,0,0,0,0,0,0,0,0,0,0
chr8:129771152,0,0,0,0,0,0,0,0,0,0,0,0,0
chr8:129771964,0,0,0,0,0,0,0,0,0,0,0,0,0
chr8:129772276,0,0,0,0,0,0,0,0,0,0,0,0,0
chr8:129773242,0,0,0,0,0,0,0,0,0,0,0,0,0
chr8:129773284,0,0,0,0,0,0,0,0,0,0,0,0,0
chr8:129773795,0,0,0,0,0,0,0,0,0,0,0,0,0
chr8:129774916,0,0,0,0,0,0,0,0,0,0,0,0,0
chr8:129776015,0,0,0,0,0,0,0,0,0,0,0,0,0
chr8:129776523,0,0,0,0,0,0,0,0,0,0,0,0,0
chr8:129777272,0,0,0,0,0,0,0,0,0,0,0,0,0
chr8:129777498,0,0,0,0,0,0,0,0,0,0,0,0,0
chr8:129777526,0,0,0,0,0,0,0,0,0,0,0,0,0
chr8:129794706,0,0,0,0,0,0,0,0,0,0,0,0,0
chr8:129795039,0,0,0,0,0,0,0,0,0,0,0,0,0
chr8:129796376,0,0,0,0,0,0,0,0,0,0,0,0,0
chr8:129797135,0,0,0,0,0,0,0,0,0,0,0,0,0
chr8:129807148,1,0,0,0,1,0,0,0,1,1,0,0,0
chr8:129811960,0,0,0,0,0,0,0,0,0,0,0,0,0
chr8:129812326,0,0,0,0,0,0,0,0,0,0,0,0,0
chr8:129812560,0,0,0,0,0,0,0,0,0,0,0,0,0
chr8:129830962,0,0,0,0,0,0,0,0,0,0,0,0,0
chr8:129831548,0,0,0,0,0,0,0,0,0,0,0,0,0
chr8:129832972,0,0,0,0,0,0,0,0,0,0,0,0,0
chr8:129856985,0,0,0,0,0,0,0,0,0,0,0,0,0
chr8:129920760,1,0,0,0,1,0,0,0,1,1,0,1,0
chr8:129924837,1,0,0,0,1,0,0,0,1,1,1,0,0
chr8:129925917,1,0,0,0,1,0,0,0,1,0,1,0,0
chr8:129926158,1,0,0,0,1,0,0,0,1,1,1,0,0
chr8:129926708,0,0,0,0,0,0,0,0,0,0,0,0,0
chr8:129926953,0,0,0,0,0,0,0,0,0,0,0,0,0
chr8:129927045,0,0,0,0,0,0,0,0,0,0,0,0,0
chr8:129929256,0,0,0,0,0,0,0,0,0,0,0,0,0
chr8:129929394,0,0,0,0,0,0,0,0,0,0,0,0,0
chr8:129929770,0,0,0,0,0,0,0,0,0,0,0,0,0
chr8:129939934,0,0,0,0,0,0,0,0,0,0,0,0,0
chr8:129940795,0,0,0,0,0,0,0,0,0,0,0,0,0
chr8:129941321,0,0,0,0,0,0,0,0,0,0,0,0,0
chr8:129942376,0,0,0,0,0,0,0,0,0,0,0,0,0
chr8:129943237,0,0,0,0,0,0,0,0,0,0,0,0,0
chr8:129943432,0,0,0,0,0,0,0,0,0,0,0,0,0
chr8:129943798,0,0,0,0,0,0,0,0,0,0,0,0,0
chr8:129944554,0,0,0,0,0,0,0,0,0,0,0,0,0
chr8:129946067,0,0,0,0,0,0,0,0,0,0,0,0,0
chr8:129974504,0,0,0,0,0,0,0,0,0,0,0,0,0
chr8:129974529,0,0,0,0,0,0,0,0,0,0,0,0,0
chr8:129974909,0,0,0,0,0,0,0,0,0,0,0,0,0
chr8:129978568,0,0,0,0,0,0,0,0,0,0,0,0,0
chr8:129978811,0,0,0,0,0,0,0,0,0,0,0,0,0
chr8:129981485,0,0,0,0,0,0,0,0,0,0,0,0,0
chr8:129981536,0,0,0,0,0,0,0,0,0,0,0,0,0
chr8:129991010,0,0,0,0,0,0,0,0,0,0,0,0,0
chr8:129991418,0,0,0,0,0,0,0,0,0,0,0,0,0
chr8:129991493,0,0,0,0,0,0,0,0,0,0,0,0,0
chr8:129992680,0,0,0,0,0,0,0,0,0,0,0,0,0
chr8:129994402,0,0,0,0,0,0,0,0,0,0,0,0,0
chr8:129994493,0,0,0,0,0,0,0,0,0,0,0,0,0
chr8:130000348,0,0,0,0,0,0,0,0,0,0,0,0,0
chr8:130000410,0,0,0,0,0,0,0,0,0,0,0,0,0
chr8:130000671,0,0,0,0,0,0,0,0,0,0,0,0,0
chr8:130002480,0,0,0,0,0,0,0,0,0,0,0,0,0
chr8:130004472,0,0,0,0,0,0,0,0,0,0,0,0,0
chr8:130004511,0,0,0,0,0,0,0,0,0,0,0,0,0
chr8:130018987,0,0,0,0,0,0,0,0,0,0,0,0,0
chr8:130020635,0,0,0,0,0,0,0,0,0,0,0,0,0
chr8:130036784,0,0,0,0,0,0,0,0,0,0,0,0,0
chr8:130036831,0,0,0,0,0,0,0,0,0,0,0,0,0
chr8:130038392,0,0,0,0,0,0,0,0,0,0,0,0,0
chr8:130039199,0,0,0,0,0,0,0,0,0,0,0,0,0
chr8:130047401,0,0,0,0,0,0,0,0,0,0,0,0,0
chr8:130047997,0,0,0,0,0,0,0,0,0,0,0,0,0
chr8:130048099,0,0,0,0,0,0,0,0,0,0,0,0,0
chr8:130048207,0,0,0,0,0,0,0,0,0,0,0,0,0
chr8:130062433,0,0,0,0,0,0,0,0,0,0,0,0,0
chr8:130140406,0,0,0,0,0,0,0,0,0,0,0,0,0
chr8:130142854,0,0,0,0,0,0,0,0,0,0,0,0,0
chr8:130143737,0,0,0,0,0,0,0,0,0,0,0,0,0
chr8:130144026,0,0,0,0,0,0,0,0,0,0,0,0,0
chr8:130144397,0,0,0,0,0,0,0,0,0,0,0,0,0
chr8:130185981,0,0,0,0,0,0,0,0,0,0,0,0,0
chr8:130212624,0,0,0,0,0,0,0,0,0,0,0,0,0
chr8:130214285,0,0,0,0,0,0,0,0,0,0,0,0,0
chr8:130268682,0,0,0,0,0,0,0,0,0,0,0,0,0
chr8:130269008,0,0,0,0,0,0,0,0,0,0,0,0,0
chr8:130271718,0,0,0,0,0,0,0,0,0,0,0,0,0
chr8:130275852,0,0,0,0,0,0,0,0,0,0,0,0,0
chr8:130315283,0,0,0,0,0,0,0,0,0,0,0,0,0
chr8:130320214,0,0,0,0,0,0,0,0,0,0,0,0,0
chr8:130331056,0,0,0,0,0,0,0,0,0,0,0,0,0
chr8:130332630,0,0,0,0,0,0,0,0,0,0,0,0,0
chr8:130336402,0,0,0,0,0,0,0,0,0,0,0,0,0
chr8:130368024,0,0,0,0,0,0,0,0,0,0,0,0,0
chr8:130368263,0,0,0,0,0,0,0,0,0,0,0,0,0
chr8:130369240,0,0,0,0,0,0,0,0,0,0,0,0,0
chr8:130384619,0,0,0,0,0,0,0,0,0,0,0,0,0
chr8:130388239,0,0,0,0,0,0,0,0,0,0,0,0,0
chr8:130398083,0,0,0,0,0,0,0,0,0,0,0,0,0
chr8:130403200,0,0,0,0,0,0,0,0,0,0,0,0,0
chr8:130409308,0,0,0,0,0,0,0,0,0,0,0,0,0
chr8:130440102,0,0,0,0,0,0,0,0,0,0,0,0,0
chr8:130474930,0,0,0,0,0,0,0,0,0,0,0,0,0
chr8:130498547,0,0,0,0,0,0,0,0,0,0,0,0,0
chr8:130525161,0,0,0,0,0,0,0,0,0,0,0,0,0
chr8:130527113,0,0,0,0,0,0,0,0,0,0,0,0,0
chr8:130577364,0,0,0,0,0,0,0,0,0,0,0,0,0
chr8:130584650,0,0,0,0,0,0,0,0,0,0,0,0,0
chr8:130587002,0,0,0,0,0,0,0,0,0,0,0,0,0
chr8:130606242,0,0,0,0,0,0,0,0,0,0,0,0,0
chr8:130607832,0,0,0,0,0,0,0,0,0,0,0,0,0
chr8:130610063,0,0,0,0,0,0,0,0,0,0,0,0,0
chr8:130613227,0,0,0,0,0,0,0,0,0,0,0,0,0
chr8:130635822,0,0,0,0,0,0,0,0,0,0,0,0,0
chr8:130657205,0,0,0,0,0,0,0,0,0,0,0,0,0
chr8:130734197,0,0,0,0,0,0,0,0,0,0,0,0,0
chr8:130754708,1,0,0,0,1,0,0,0,0,0,0,0,0
chr8:130758257,1,0,0,0,1,0,0,0,0,0,0,0,0
chr8:130792408,0,0,0,0,0,0,0,0,0,0,0,0,0
chr8:130794005,0,0,0,0,0,0,0,0,0,0,0,0,0
chr8:130794078,0,0,0,0,0,0,0,0,0,0,0,0,0
chr8:130803845,0,0,0,0,0,0,0,0,0,0,0,0,0
chr8:130822676,0,0,0,0,0,0,0,0,0,0,0,0,0
chr8:130840796,0,0,0,0,0,0,0,0,0,0,0,0,0
chr8:130907116,0,0,0,0,0,0,0,0,0,0,0,0,0
chr8:130911580,0,0,0,0,0,0,0,0,0,0,0,0,0
chr8:130914576,0,0,0,0,0,0,0,0,0,0,0,0,0
chr8:130917193,0,0,0,0,0,0,0,0,0,0,0,0,0
chr8:130924245,0,0,0,0,0,0,0,0,0,0,0,0,0
chr8:130929931,0,0,0,0,0,0,0,0,0,0,0,0,0
chr8:130958746,0,0,0,0,0,0,0,0,0,0,0,0,0
chr8:130982442,0,0,0,0,0,0,0,0,0,0,0,0,0
chr8:130983467,0,0,0,0,0,0,0,0,0,0,0,0,0
chr8:131023997,0,0,0,0,0,0,0,0,0,0,0,0,0
chr8:131073862,0,0,0,0,0,0,0,0,0,0,0,0,0
chr8:131309503,0,0,0,0,0,0,0,0,0,0,0,0,0
chr8:131350763,0,0,0,0,0,0,0,0,0,0,0,0,0
chr8:131421294,0,0,0,0,0,0,0,0,0,0,0,0,0
chr8:131441771,1,0,0,0,1,0,0,0,0,0,0,0,0
chr8:131507647,0,0,0,0,0,0,0,0,0,0,0,0,0
chr8:131614326,1,0,0,0,1,0,0,0,1,0,0,1,0
chr8:132284535,0,0,0,0,0,0,0,0,0,0,0,0,0
chr8:135200528,0,0,0,0,0,0,0,0,0,0,0,0,0
chr8:135535327,1,0,0,0,1,0,0,0,0,0,0,0,0
chr8:138001004,0,0,0,0,0,0,0,0,0,0,0,0,0
chr8:138001126,1,0,0,0,1,0,0,0,1,0,0,1,0
chr8:138001139,1,0,0,0,1,0,0,0,1,0,0,1,0
chr8:138001781,1,0,0,0,1,0,0,0,0,0,0,0,0
chr8:138002627,1,0,0,0,1,0,0,0,1,1,0,0,0
chr8:138003125,1,0,0,0,1,0,0,0,0,0,0,0,0
chr8:138004187,0,0,0,0,0,0,0,0,0,0,0,0,0
chr8:138004337,0,0,0,0,0,0,0,0,0,0,0,0,0
chr8:138004900,0,0,0,0,0,0,0,0,0,0,0,0,0
chr8:138006196,0,0,0,0,0,0,0,0,0,0,0,0,0
chr8:138006333,0,0,0,0,0,0,0,0,0,0,0,0,0
chr8:138006568,1,0,0,0,1,0,0,0,1,0,1,0,0
chr8:138007197,1,0,0,0,1,0,0,0,1,1,0,0,0
chr8:138007519,1,0,0,0,1,0,0,0,0,0,0,0,0
chr8:138007533,1,0,0,0,1,0,0,0,0,0,0,0,0
chr8:138007551,1,0,0,0,1,0,0,0,0,0,0,0,0
chr8:138007774,1,0,0,0,1,0,0,0,0,0,0,0,0
chr8:138434508,0,0,0,0,0,0,0,0,0,0,0,0,0
chr8:141492069,1,0,0,0,1,0,0,0,0,0,0,0,0
chr8:141492312,1,0,0,0,1,0,0,0,0,0,0,0,0
chr8:141492817,1,0,0,0,1,0,0,0,1,0,1,0,0
chr8:141493109,1,0,0,0,1,0,0,0,0,0,0,0,0
chr8:141495058,1,0,0,0,1,0,0,0,1,0,1,0,0
chr8:143079194,1,0,0,0,1,0,0,0,0,0,0,0,0
chr8:143176905,0,0,0,0,0,0,0,0,0,0,0,0,0
chr8:143443084,0,0,0,0,0,0,0,0,0,0,0,0,0
chr8:143882950,0,0,0,0,0,0,0,0,0,0,0,0,0
chr8:144966625,0,0,0,0,0,0,0,0,0,0,0,0,0
chr8:145019493,0,0,0,0,0,0,0,0,0,0,0,0,0
chr8:145081909,0,0,0,0,0,0,0,0,0,0,0,0,0
chr8:145082131,0,0,0,0,0,0,0,0,0,0,0,0,0
chr8:145088772,0,0,0,0,0,0,0,0,0,0,0,0,0
chr8:145277365,0,0,0,0,0,0,0,0,0,0,0,0,0
chr8:145277433,0,0,0,0,0,0,0,0,0,0,0,0,0
chr8:146243433,0,0,0,0,0,0,0,0,0,0,0,0,0
chr8:146408156,0,0,0,0,0,0,0,0,0,0,0,0,0
chr8:146432441,0,0,0,0,0,0,0,0,0,0,0,0,0
chr8:146678381,0,0,0,0,0,0,0,0,0,0,0,0,0
chr8:146727227,0,0,0,0,0,0,0,0,0,0,0,0,0
chr8:147754904,0,0,0,0,0,0,0,0,0,0,0,0,0
chr8:147768479,0,0,0,0,0,0,0,0,0,0,0,0,0
chr8:147790406,0,0,0,0,0,0,0,0,0,0,0,0,0
chr8:147893839,1,0,0,0,1,0,0,0,0,0,0,0,0
chr8:147999391,0,0,0,0,0,0,0,0,0,0,0,0,0
chr8:148344218,0,0,0,0,0,0,0,0,0,0,0,0,0
chr8:148351253,0,0,0,0,0,0,0,0,0,0,0,0,0
chr8:149513385,0,0,0,0,0,0,0,0,0,0,0,0,0
chr8:149515116,0,0,0,0,0,0,0,0,0,0,0,0,0
chr8:149515250,0,0,0,0,0,0,0,0,0,0,0,0,0
chr8:150111123,0,0,0,0,0,0,0,0,0,0,0,0,0
chr8:150159417,1,0,0,0,1,0,0,0,1,0,1,0,0
chr8:150338304,1,0,0,0,1,0,0,0,0,0,0,0,0
chr8:150338334,1,0,0,0,1,0,0,0,0,0,0,0,0
chr8:151414210,0,0,0,0,0,0,0,0,0,0,0,0,0
chr8:151429072,0,0,0,0,0,0,0,0,0,0,0,0,0
chr8:152575605,0,0,0,0,0,0,0,0,0,0,0,0,0
chr8:152576601,0,0,0,0,0,0,0,0,0,0,0,0,0
chr8:152648345,0,0,0,0,0,0,0,0,0,0,0,0,0
chr8:152922072,0,0,0,0,0,0,0,0,0,0,0,0,0
chr8:153108097,0,0,0,0,0,0,0,0,0,0,0,0,0
chr8:153441023,0,0,0,0,0,0,0,0,0,0,0,0,0
chr8:154138621,0,0,0,0,0,0,0,0,0,0,0,0,0
chr8:154222793,0,0,0,0,0,0,0,0,0,0,0,0,0
chr8:154607213,0,0,0,0,0,0,0,0,0,0,0,0,0
chr8:155866261,1,0,0,0,1,0,0,0,1,1,0,1,0
chr8:155880546,0,0,0,0,0,0,0,0,0,0,0,0,0
chr8:155920584,0,0,0,0,0,0,0,0,0,0,0,0,0
chr8:155922534,0,0,0,0,0,0,0,0,0,0,0,0,0
chr8:156548063,1,0,0,0,1,0,0,0,0,0,0,0,0
chr8:156916291,0,0,0,0,0,0,0,0,0,0,0,0,0
chr8:156958930,1,0,0,0,1,0,0,0,0,0,0,0,0
chr8:156989295,0,0,0,0,0,0,0,0,0,0,0,0,0
chr8:157205493,0,0,0,0,0,0,0,0,0,0,0,0,0
chr8:157304948,0,0,0,0,0,0,0,0,0,0,0,0,0
chr8:157454231,0,0,0,0,0,0,0,0,0,0,0,0,0
chr8:157455998,0,0,0,0,0,0,0,0,0,0,0,0,0
chr8:157571998,0,0,0,0,0,0,0,0,0,0,0,0,0
chr8:159437225,0,0,0,0,0,0,0,0,0,0,0,0,0
chr8:161251061,1,0,0,0,1,0,0,0,1,1,0,0,0
chr8:161289567,1,0,0,0,1,0,0,0,1,0,0,1,0
chr8:161292605,0,0,0,0,0,0,0,0,0,0,0,0,0
chr8:161556198,0,0,0,0,0,0,0,0,0,0,0,0,0
chr8:161621679,0,0,0,0,0,0,0,0,0,0,0,0,0
chr8:161622731,0,0,0,0,0,0,0,0,0,0,0,0,0
chr8:161670184,0,0,0,0,0,0,0,0,0,0,0,0,0
chr8:161711997,0,0,0,0,0,0,0,0,0,0,0,0,0
chr8:161924881,1,0,0,0,1,0,0,0,1,1,0,0,0
chr8:161927952,1,0,0,0,1,0,0,0,1,0,0,1,0
chr8:162018113,1,0,0,0,1,0,0,0,1,0,1,0,0
chr8:162114988,0,0,0,0,0,0,0,0,0,0,0,0,0
chr8:162233945,1,0,0,0,1,0,0,0,0,0,0,0,0
chr8:162237967,0,0,0,0,0,0,0,0,0,0,0,0,0
chr8:163012427,0,0,0,0,0,0,0,0,0,0,0,0,0
chr8:163020107,0,0,0,0,0,0,0,0,0,0,0,0,0
chr8:163127648,1,0,0,0,1,0,0,0,1,1,0,1,0
chr8:163436507,0,0,0,0,0,0,0,0,0,0,0,0,0
chr8:164394097,0,0,0,0,0,0,0,0,0,0,0,0,0
chr8:164598999,1,0,0,0,1,0,0,0,1,0,0,1,0
chr8:164775528,0,0,0,0,0,0,0,0,0,0,0,0,0
chr8:164904441,0,0,0,0,0,0,0,0,0,0,0,0,0
chr8:164991212,1,0,0,0,1,0,0,0,1,0,0,1,0
chr8:165345616,1,0,0,0,1,0,0,0,1,1,0,0,0
chr8:165347722,0,0,0,0,0,0,0,0,0,0,0,0,0
chr8:165374496,0,0,0,0,0,0,0,0,0,0,0,0,0
chr8:165376535,0,0,0,0,0,0,0,0,0,0,0,0,0
chr8:165376577,0,0,0,0,0,0,0,0,0,0,0,0,0
chr8:165376584,0,0,0,0,0,0,0,0,0,0,0,0,0
chr8:165378497,0,0,0,0,0,0,0,0,0,0,0,0,0
chr8:165407756,0,0,0,0,0,0,0,0,0,0,0,0,0
chr8:165421292,0,0,0,0,0,0,0,0,0,0,0,0,0
chr8:165421718,0,0,0,0,0,0,0,0,0,0,0,0,0
chr8:165422590,0,0,0,0,0,0,0,0,0,0,0,0,0
chr8:165423475,0,0,0,0,0,0,0,0,0,0,0,0,0
chr8:165423831,0,0,0,0,0,0,0,0,0,0,0,0,0
chr8:165423997,0,0,0,0,0,0,0,0,0,0,0,0,0
chr8:166445584,0,0,0,0,0,0,0,0,0,0,0,0,0
chr8:166468470,0,0,0,0,0,0,0,0,0,0,0,0,0
chr8:166529926,0,0,0,0,0,0,0,0,0,0,0,0,0
chr8:167829831,1,0,0,0,1,0,0,0,0,0,0,0,0
chr8:168618237,1,0,0,0,1,0,0,0,1,0,0,1,0
chr8:168671150,0,0,0,0,0,0,0,0,0,0,0,0,0
chr8:168735227,1,0,0,0,1,0,0,0,0,0,0,0,0
chr8:168883420,0,0,0,0,0,0,0,0,0,0,0,0,0
chr8:168883558,1,0,0,0,1,0,0,0,1,0,1,0,0
chr8:168883597,1,0,0,0,1,0,0,0,1,0,1,0,0
chr8:168883616,1,0,0,0,1,0,0,0,1,0,1,0,0
chr8:168885062,1,0,0,0,1,0,0,0,1,1,1,0,0
chr8:168885477,1,0,0,0,1,0,0,0,1,0,1,0,0
chr8:168886554,1,0,0,0,1,0,0,0,1,1,0,0,0
chr8:168981477,0,0,0,0,0,0,0,0,0,0,0,0,0
chr8:168981739,0,0,0,0,0,0,0,0,0,0,0,0,0
chr8:169333240,0,0,0,0,0,0,0,0,0,0,0,0,0
chr8:169440339,0,0,0,0,0,0,0,0,0,0,0,0,0
chr8:169523908,1,0,0,0,1,0,0,0,0,0,0,0,0
chr8:169609128,0,0,0,0,0,0,0,0,0,0,0,0,0
chr8:169704248,0,0,0,0,0,0,0,0,0,0,0,0,0
chr8:169704257,0,0,0,0,0,0,0,0,0,0,0,0,0
chr8:169704342,0,0,0,0,0,0,0,0,0,0,0,0,0
chr8:169704389,0,0,0,0,0,0,0,0,0,0,0,0,0
chr8:169704617,0,0,0,0,0,0,0,0,0,0,0,0,0
chr8:169704682,0,0,0,0,0,0,0,0,0,0,0,0,0
chr8:169704726,0,0,0,0,0,0,0,0,0,0,0,0,0
chr8:170005525,1,0,0,0,1,0,0,0,1,0,0,1,0
chr8:170386256,0,0,0,0,0,0,0,0,0,0,0,0,0
chr8:171810843,0,0,0,0,0,0,0,0,0,0,0,0,0
chr8:171853776,0,0,0,0,0,0,0,0,0,0,0,0,0
chr8:173775986,0,0,0,0,0,0,0,0,0,0,0,0,0
chr8:175620324,1,0,0,0,1,0,0,0,1,1,1,0,0
chr8:175658879,0,0,0,0,0,0,0,0,0,0,0,0,0
chr8:175664334,0,0,0,0,0,0,0,0,0,0,0,0,0
chr8:176155179,0,0,0,0,0,0,0,0,0,0,0,0,0
chr8:177659503,1,0,0,0,1,0,0,0,1,0,0,1,0
chr8:178113734,0,0,0,0,0,0,0,0,0,0,0,0,0
chr8:178792252,1,0,0,0,1,0,0,0,1,1,0,1,0
chr8:178794272,0,0,0,0,0,0,0,0,0,0,0,0,0
chr8:178796028,0,0,0,0,0,0,0,0,0,0,0,0,0
chr8:178796259,0,0,0,0,0,0,0,0,0,0,0,0,0
chr8:178851702,0,0,0,0,0,0,0,0,0,0,0,0,0
chr8:178874738,1,0,0,0,1,0,0,0,0,0,0,0,0
chr8:179230619,0,0,0,0,0,0,0,0,0,0,0,0,0
chr8:179298490,0,0,0,0,0,0,0,0,0,0,0,0,0
chr9:719767,0,0,0,0,0,0,0,0,0,0,0,0,0
chr9:809139,0,0,0,0,0,0,0,0,0,0,0,0,0
chr9:1006691,1,0,0,0,1,0,0,0,0,0,0,0,0
chr9:1011841,0,0,0,0,0,0,0,0,0,0,0,0,0
chr9:1333602,0,0,0,0,0,0,0,0,0,0,0,0,0
chr9:1359743,0,0,0,0,0,0,0,0,0,0,0,0,0
chr9:1359858,0,0,0,0,0,0,0,0,0,0,0,0,0
chr9:1461452,0,0,0,0,0,0,0,0,0,0,0,0,0
chr9:2776060,1,0,0,0,1,0,0,0,0,0,0,0,0
chr9:3287948,0,0,0,0,0,0,0,0,0,0,0,0,0
chr9:3457840,0,0,0,0,0,0,0,0,0,0,0,0,0
chr9:3884024,1,0,0,0,1,0,0,0,1,0,1,0,0
chr9:4442127,0,0,0,0,0,0,0,0,0,0,0,0,0
chr9:4903120,0,0,0,0,0,0,0,0,0,0,0,0,0
chr9:5899227,0,0,0,0,0,0,0,0,0,0,0,0,0
chr9:6097096,1,0,0,0,1,0,0,0,1,1,0,0,0
chr9:6179935,0,0,0,0,0,0,0,0,0,0,0,0,0
chr9:6727025,0,0,0,0,0,0,0,0,0,0,0,0,0
chr9:7248866,1,0,0,0,1,0,0,0,0,0,0,0,0
chr9:7253072,1,0,0,0,1,0,0,0,1,1,0,1,0
chr9:8335435,0,0,0,0,0,0,0,0,0,0,0,0,0
chr9:10915351,1,0,0,0,1,0,0,0,1,1,0,0,0
chr9:10917570,1,0,0,0,1,0,0,0,1,0,1,0,0
chr9:10918021,0,0,0,0,0,0,0,0,0,0,0,0,0
chr9:10918103,0,0,0,0,0,0,0,0,0,0,0,0,0
chr9:10918141,0,0,0,0,0,0,0,0,0,0,0,0,0
chr9:10918367,0,0,0,0,0,0,0,0,0,0,0,0,0
chr9:10918660,0,0,0,0,0,0,0,0,0,0,0,0,0
chr9:10918808,0,0,0,0,0,0,0,0,0,0,0,0,0
chr9:10919360,0,0,0,0,0,0,0,0,0,0,0,0,0
chr9:10919538,0,0,0,0,0,0,0,0,0,0,0,0,0
chr9:10919983,0,0,0,0,0,0,0,0,0,0,0,0,0
chr9:10920135,0,0,0,0,0,0,0,0,0,0,0,0,0
chr9:10920302,0,0,0,0,0,0,0,0,0,0,0,0,0
chr9:10920312,0,0,0,0,0,0,0,0,0,0,0,0,0
chr9:10920345,0,0,0,0,0,0,0,0,0,0,0,0,0
chr9:10966976,0,0,0,0,0,0,0,0,0,0,0,0,0
chr9:11978370,0,0,0,0,0,0,0,0,0,0,0,0,0
chr9:11978406,0,0,0,0,0,0,0,0,0,0,0,0,0
chr9:12425391,0,0,0,0,0,0,0,0,0,0,0,0,0
chr9:12425708,0,0,0,0,0,0,0,0,0,0,0,0,0
chr9:12426551,0,0,0,0,0,0,0,0,0,0,0,0,0
chr9:12426620,0,0,0,0,0,0,0,0,0,0,0,0,0
chr9:12441585,1,0,0,0,1,0,0,0,0,0,0,0,0
chr9:13596837,0,0,0,0,0,0,0,0,0,0,0,0,0
chr9:13613430,0,0,0,0,0,0,0,0,0,0,0,0,0
chr9:14199498,1,0,0,0,1,0,0,0,0,0,0,0,0
chr9:14199532,1,0,0,0,1,0,0,0,0,0,0,0,0
chr9:14732331,0,0,0,0,0,0,0,0,0,0,0,0,0
chr9:18567793,0,0,0,0,0,0,0,0,0,0,0,0,0
chr9:19930660,0,0,0,0,0,0,0,0,0,0,0,0,0
chr9:19997986,1,0,0,0,1,0,0,0,0,0,0,0,0
chr9:19998485,1,0,0,0,1,0,0,0,0,0,0,0,0
chr9:19998757,1,0,0,0,1,0,0,0,0,0,0,0,0
chr9:19998977,1,0,0,0,1,0,0,0,0,0,0,0,0
chr9:19999192,1,0,0,0,1,0,0,0,0,0,0,0,0
chr9:20000187,1,0,0,0,1,0,0,0,0,0,0,0,0
chr9:20000505,1,0,0,0,1,0,0,0,0,0,0,0,0
chr9:20000921,1,0,0,0,1,0,0,0,0,0,0,0,0
chr9:20004105,0,0,0,0,0,0,0,0,0,0,0,0,0
chr9:21290584,0,0,0,0,0,0,0,0,0,0,0,0,0
chr9:21337794,0,0,0,0,0,0,0,0,0,0,0,0,0
chr9:21381530,0,0,0,0,0,0,0,0,0,0,0,0,0
chr9:24926877,0,0,0,0,0,0,0,0,0,0,0,0,0
chr9:25707643,0,0,0,0,0,0,0,0,0,0,0,0,0
chr9:34958788,0,0,0,0,0,0,0,0,0,0,0,0,0
chr9:34967284,0,0,0,0,0,0,0,0,0,0,0,0,0
chr9:34990817,0,0,0,0,0,0,0,0,0,0,0,0,0
chr9:34999815,0,0,0,0,0,0,0,0,0,0,0,0,0
chr9:35715888,0,0,0,0,0,0,0,0,0,0,0,0,0
chr9:36171650,0,0,0,0,0,0,0,0,0,0,0,0,0
chr9:37494926,0,0,0,0,0,0,0,0,0,0,0,0,0
chr9:40365394,0,0,0,0,0,0,0,0,0,0,0,0,0
chr9:41066870,0,0,0,0,0,0,0,0,0,0,0,0,0
chr9:41107153,0,0,0,0,0,0,0,0,0,0,0,0,0
chr9:42601194,1,0,0,0,1,0,0,0,0,0,0,0,0
chr9:44465068,0,0,0,0,0,0,0,0,0,0,0,0,0
chr9:45374937,0,0,0,0,0,0,0,0,0,0,0,0,0
chr9:54148063,0,0,0,0,0,0,0,0,0,0,0,0,0
chr9:57489445,1,0,0,0,1,0,0,0,1,1,0,0,0
chr9:57490369,1,0,0,0,1,0,0,0,0,0,0,0,0
chr9:57490919,1,0,0,0,1,0,0,0,0,0,0,0,0
chr9:57491344,1,0,0,0,1,0,0,0,1,0,1,0,0
chr9:57491848,0,0,0,0,0,0,0,0,0,0,0,0,0
chr9:65713352,0,0,0,0,0,0,0,0,0,0,0,0,0
chr9:67639421,0,0,0,0,0,0,0,0,0,0,0,0,0
chr9:70134494,0,0,0,0,0,0,0,0,0,0,0,0,0
chr9:70230597,0,0,0,0,0,0,0,0,0,0,0,0,0
chr9:70230671,0,0,0,0,0,0,0,0,0,0,0,0,0
chr9:71664478,0,0,0,0,0,0,0,0,0,0,0,0,0
chr9:76243484,0,0,0,0,0,0,0,0,0,0,0,0,0
chr9:85856702,0,0,0,0,0,0,0,0,0,0,0,0,0
chr9:85856826,0,0,0,0,0,0,0,0,0,0,0,0,0
chr9:86574370,0,0,0,0,0,0,0,0,0,0,0,0,0
chr9:86592316,0,0,0,0,0,0,0,0,0,0,0,0,0
chr9:86722897,0,0,0,0,0,0,0,0,0,0,0,0,0
chr9:86789192,0,0,0,0,0,0,0,0,0,0,0,0,0
chr9:86810477,0,0,0,0,0,0,0,0,0,0,0,0,0
chr9:86812871,0,0,0,0,0,0,0,0,0,0,0,0,0
chr9:86813859,0,0,0,0,0,0,0,0,0,0,0,0,0
chr9:86820252,0,0,0,0,0,0,0,0,0,0,0,0,0
chr9:86820691,0,0,0,0,0,0,0,0,0,0,0,0,0
chr9:86865804,1,0,0,0,1,0,0,0,1,0,0,1,0
chr9:86942618,0,0,0,0,0,0,0,0,0,0,0,0,0
chr9:86953828,0,0,0,0,0,0,0,0,0,0,0,0,0
chr9:87030395,0,0,0,0,0,0,0,0,0,0,0,0,0
chr9:87034574,0,0,0,0,0,0,0,0,0,0,0,0,0
chr9:87269566,0,0,0,0,0,0,0,0,0,0,0,0,0
chr9:88508159,0,0,0,0,0,0,0,0,0,0,0,0,0
chr9:88568689,0,0,0,0,0,0,0,0,0,0,0,0,0
chr9:89117592,0,0,0,0,0,0,0,0,0,0,0,0,0
chr9:89866995,0,0,0,0,0,0,0,0,0,0,0,0,0
chr9:89867420,0,0,0,0,0,0,0,0,0,0,0,0,0
chr9:90001848,1,0,0,0,1,0,0,0,0,0,0,0,0
chr9:90327259,0,0,0,0,0,0,0,0,0,0,0,0,0
chr9:90328458,0,0,0,0,0,0,0,0,0,0,0,0,0
chr9:92934901,0,0,0,0,0,0,0,0,0,0,0,0,0
chr9:94534025,0,0,0,0,0,0,0,0,0,0,0,0,0
chr9:95467850,0,0,0,0,0,0,0,0,0,0,0,0,0
chr9:95624387,0,0,0,0,0,0,0,0,0,0,0,0,0
chr9:95923778,0,0,0,0,0,0,0,0,0,0,0,0,0
chr9:99816203,0,0,0,0,0,0,0,0,0,0,0,0,0
chr9:100429181,0,0,0,0,0,0,0,0,0,0,0,0,0
chr9:101054144,0,0,0,0,0,0,0,0,0,0,0,0,0
chr9:102113674,1,0,0,0,1,0,0,0,0,0,0,0,0
chr9:104515938,0,0,0,0,0,0,0,0,0,0,0,0,0
chr9:104949859,0,0,0,0,0,0,0,0,0,0,0,0,0
chr9:105080236,0,0,0,0,0,0,0,0,0,0,0,0,0
chr9:105263768,0,0,0,0,0,0,0,0,0,0,0,0,0
chr9:105298512,0,0,0,0,0,0,0,0,0,0,0,0,0
chr9:105854634,0,0,0,0,0,0,0,0,0,0,0,0,0
chr9:105854979,0,0,0,0,0,0,0,0,0,0,0,0,0
chr9:105855076,0,0,0,0,0,0,0,0,0,0,0,0,0
chr9:105855671,0,0,0,0,0,0,0,0,0,0,0,0,0
chr9:105856737,0,0,0,0,0,0,0,0,0,0,0,0,0
chr9:105860679,0,0,0,0,0,0,0,0,0,0,0,0,0
chr9:105864082,0,0,0,0,0,0,0,0,0,0,0,0,0
chr9:105944293,0,0,0,0,0,0,0,0,0,0,0,0,0
chr9:106195100,0,0,0,0,0,0,0,0,0,0,0,0,0
chr9:106928122,0,0,0,0,0,0,0,0,0,0,0,0,0
chr9:106930265,0,0,0,0,0,0,0,0,0,0,0,0,0
chr9:106954995,0,0,0,0,0,0,0,0,0,0,0,0,0
chr9:106956050,0,0,0,0,0,0,0,0,0,0,0,0,0
chr9:106956156,0,0,0,0,0,0,0,0,0,0,0,0,0
chr9:106957360,0,0,0,0,0,0,0,0,0,0,0,0,0
chr9:107002395,0,0,0,0,0,0,0,0,0,0,0,0,0
chr9:107042840,0,0,0,0,0,0,0,0,0,0,0,0,0
chr9:107084428,0,0,0,0,0,0,0,0,0,0,0,0,0
chr9:107108720,0,0,0,0,0,0,0,0,0,0,0,0,0
chr9:107108863,0,0,0,0,0,0,0,0,0,0,0,0,0
chr9:107108864,0,0,0,0,0,0,0,0,0,0,0,0,0
chr9:107139652,0,0,0,0,0,0,0,0,0,0,0,0,0
chr9:107140579,0,0,0,0,0,0,0,0,0,0,0,0,0
chr9:107141285,0,0,0,0,0,0,0,0,0,0,0,0,0
chr9:107141350,0,0,0,0,0,0,0,0,0,0,0,0,0
chr9:107148867,0,0,0,0,0,0,0,0,0,0,0,0,0
chr9:107573875,0,0,0,0,0,0,0,0,0,0,0,0,0
chr9:107916197,0,0,0,0,0,0,0,0,0,0,0,0,0
chr9:107983125,0,0,0,0,0,0,0,0,0,0,0,0,0
chr9:108168587,0,0,0,0,0,0,0,0,0,0,0,0,0
chr9:108177163,0,0,0,0,0,0,0,0,0,0,0,0,0
chr9:108223975,0,0,0,0,0,0,0,0,0,0,0,0,0
chr9:108228254,1,0,0,0,1,0,0,0,1,1,0,0,0
chr9:108231586,0,0,0,0,0,0,0,0,0,0,0,0,0
chr9:108505988,0,0,0,0,0,0,0,0,0,0,0,0,0
chr9:109838836,0,0,0,0,0,0,0,0,0,0,0,0,0
chr9:110007304,0,0,0,0,0,0,0,0,0,0,0,0,0
chr9:111700880,0,0,0,0,0,0,0,0,0,0,0,0,0
chr9:112643847,0,0,0,0,0,0,0,0,0,0,0,0,0
chr9:112643872,0,0,0,0,0,0,0,0,0,0,0,0,0
chr9:112643882,0,0,0,0,0,0,0,0,0,0,0,0,0
chr9:112680640,0,0,0,0,0,0,0,0,0,0,0,0,0
chr9:114296653,0,0,0,0,0,0,0,0,0,0,0,0,0
chr9:114296673,0,0,0,0,0,0,0,0,0,0,0,0,0
chr9:114298365,0,0,0,0,0,0,0,0,0,0,0,0,0
chr9:114299030,0,0,0,0,0,0,0,0,0,0,0,0,0
chr9:114574198,1,0,0,0,1,0,0,0,0,0,0,0,0
chr9:116426897,0,0,0,0,0,0,0,0,0,0,0,0,0
chr9:116597305,1,0,0,0,1,0,0,0,1,1,0,1,0
chr9:116759591,0,0,0,0,0,0,0,0,0,0,0,0,0
chr9:116823344,1,0,0,0,1,0,0,0,1,0,1,0,0
chr9:117139786,0,0,0,0,0,0,0,0,0,0,0,0,0
chr9:117140319,0,0,0,0,0,0,0,0,0,0,0,0,0
chr9:117155924,0,0,0,0,0,0,0,0,0,0,0,0,0
chr9:119484324,0,0,0,0,0,0,0,0,0,0,0,0,0
chr9:120637553,0,0,0,0,0,0,0,0,0,0,0,0,0
chr9:120694113,0,0,0,0,0,0,0,0,0,0,0,0,0
chr9:120694156,0,0,0,0,0,0,0,0,0,0,0,0,0
chr9:121908754,1,0,0,0,1,0,0,0,0,0,0,0,0
chr9:124899760,0,0,0,0,0,0,0,0,0,0,0,0,0
chr9:124899805,0,0,0,0,0,0,0,0,0,0,0,0,0
chr9:125266933,0,0,0,0,0,0,0,0,0,0,0,0,0
chr9:125664529,1,0,0,0,1,0,0,0,1,0,0,1,0
chr9:125666082,0,0,0,0,0,0,0,0,0,0,0,0,0
chr9:125666160,0,0,0,0,0,0,0,0,0,0,0,0,0
chr9:125667637,0,0,0,0,0,0,0,0,0,0,0,0,0
chr9:126311222,0,0,0,0,0,0,0,0,0,0,0,0,0
chr9:127876847,1,0,0,0,1,0,0,0,1,1,1,0,0
chr9:131760280,0,0,0,0,0,0,0,0,0,0,0,0,0
chr9:135044155,0,0,0,0,0,0,0,0,0,0,0,0,0
chr9:135044214,0,0,0,0,0,0,0,0,0,0,0,0,0
chr9:135704700,0,0,0,0,0,0,0,0,0,0,0,0,0
chr9:138390391,0,0,0,0,0,0,0,0,0,0,0,0,0
chr9:138968845,0,0,0,0,0,0,0,0,0,0,0,0,0
chr9:138973065,0,0,0,0,0,0,0,0,0,0,0,0,0
chr9:139299235,0,0,0,0,0,0,0,0,0,0,0,0,0
chr9:139379484,0,0,0,0,0,0,0,0,0,0,0,0,0
chr9:140007313,0,0,0,0,0,0,0,0,0,0,0,0,0
chr9:140230578,0,0,0,0,0,0,0,0,0,0,0,0,0
chr9:140947973,0,0,0,0,0,0,0,0,0,0,0,0,0
chr9:141175348,0,0,0,0,0,0,0,0,0,0,0,0,0
chr9:141597714,0,0,0,0,0,0,0,0,0,0,0,0,0
chr9:141632081,0,0,0,0,0,0,0,0,0,0,0,0,0
chr9:142285613,0,0,0,0,0,0,0,0,0,0,0,0,0
chr9:142337063,0,0,0,0,0,0,0,0,0,0,0,0,0
chr9:142337288,0,0,0,0,0,0,0,0,0,0,0,0,0
chr9:142669178,0,0,0,0,0,0,0,0,0,0,0,0,0
chr9:143018970,1,0,0,0,1,0,0,0,0,0,0,0,0
chr9:143614173,0,0,0,0,0,0,0,0,0,0,0,0,0
chr9:143614728,0,0,0,0,0,0,0,0,0,0,0,0,0
chr9:144326344,0,0,0,0,0,0,0,0,0,0,0,0,0
chr9:144382312,0,0,0,0,0,0,0,0,0,0,0,0,0
chr9:144397496,1,0,0,0,1,0,0,0,0,0,0,0,0
chr9:144886331,0,0,0,0,0,0,0,0,0,0,0,0,0
chr9:145005917,0,0,0,0,0,0,0,0,0,0,0,0,0
chr9:145006096,0,0,0,0,0,0,0,0,0,0,0,0,0
chr9:145680845,1,0,0,0,1,0,0,0,1,1,0,1,0
chr9:145721658,1,0,0,0,1,0,0,0,1,1,0,0,0
chr9:145775355,1,0,0,0,1,0,0,0,1,0,1,0,0
chr9:145775361,1,0,0,0,1,0,0,0,1,0,1,0,0
chr9:145880392,0,0,0,0,0,0,0,0,0,0,0,0,0
chr9:145885766,1,0,0,0,1,0,0,0,1,0,1,1,0
chr9:145888772,1,0,0,0,1,0,0,0,0,0,0,0,0
chr9:145888953,1,0,0,0,1,0,0,0,0,0,0,0,0
chr9:145890735,0,0,0,0,0,0,0,0,0,0,0,0,0
chr9:145892663,1,0,0,0,1,0,0,0,0,0,0,0,0
chr9:145896005,0,0,0,0,0,0,0,0,0,0,0,0,0
chr9:145897060,0,0,0,0,0,0,0,0,0,0,0,0,0
chr9:145897188,0,0,0,0,0,0,0,0,0,0,0,0,0
chr9:145897537,0,0,0,0,0,0,0,0,0,0,0,0,0
chr9:145903702,0,0,0,0,0,0,0,0,0,0,0,0,0
chr9:146098985,1,0,0,0,1,0,0,0,1,1,0,0,0
chr9:146100232,1,0,0,0,1,0,0,0,1,0,1,0,0
chr9:146355000,0,0,0,0,0,0,0,0,0,0,0,0,0
chr9:146374074,0,0,0,0,0,0,0,0,0,0,0,0,0
chr9:146375002,0,0,0,0,0,0,0,0,0,0,0,0,0
chr9:146546232,1,0,0,0,1,0,0,0,1,0,0,1,0
chr9:146639836,0,0,0,0,0,0,0,0,0,0,0,0,0
chr9:146679158,0,0,0,0,0,0,0,0,0,0,0,0,0
chr9:146679791,0,0,0,0,0,0,0,0,0,0,0,0,0
chr9:147420027,0,0,0,0,0,0,0,0,0,0,0,0,0
chr9:147452871,0,0,0,0,0,0,0,0,0,0,0,0,0
chr9:147458776,0,0,0,0,0,0,0,0,0,0,0,0,0
chr9:147505192,0,0,1,0,0,0,1,0,1,0,0,0,0
chr9:147534493,0,0,0,0,0,0,0,0,0,0,0,0,0
chr9:147535879,0,0,0,0,0,0,0,0,0,0,0,0,0
chr9:147537377,0,0,0,0,0,0,0,0,0,0,0,0,0
chr9:147555797,0,0,0,0,0,0,0,0,0,0,0,0,0
chr9:147580200,0,0,0,0,0,0,0,0,0,0,0,0,0
chr9:147626408,1,0,0,0,1,0,0,0,1,0,1,0,0
chr9:147886723,0,0,0,0,0,0,0,0,0,0,0,0,0
chr9:148007705,1,0,0,0,1,0,0,0,1,0,0,1,0
chr9:148351821,0,0,0,0,0,0,0,0,0,0,0,0,0
chr9:148728951,0,0,0,0,0,0,0,0,0,0,0,0,0
chr9:148729218,0,0,0,0,0,0,0,0,0,0,0,0,0
chr9:148909846,1,0,0,0,1,0,0,0,0,0,0,0,0
chr9:148910478,1,0,0,0,1,0,0,0,0,0,0,0,0
chr9:148919945,0,0,0,0,0,0,0,0,0,0,0,0,0
chr9:149097819,0,0,0,0,0,0,0,0,0,0,0,0,0
chr9:149585057,0,0,0,0,0,0,0,0,0,0,0,0,0
chr9:149585208,0,0,0,0,0,0,0,0,0,0,0,0,0
chr9:150495362,1,0,0,0,1,0,0,0,1,0,0,1,0
chr9:150495488,0,0,0,0,0,0,0,0,0,0,0,0,0
chr9:150658691,0,0,0,0,0,0,0,0,0,0,0,0,0
chr9:150658698,0,0,0,0,0,0,0,0,0,0,0,0,0
chr9:151067114,0,0,0,0,0,0,0,0,0,0,0,0,0
chr9:151067301,0,0,0,0,0,0,0,0,0,0,0,0,0
chr9:151067327,0,0,0,0,0,0,0,0,0,0,0,0,0
chr9:151071646,0,0,0,0,0,0,0,0,0,0,0,0,0
chr9:151072844,0,0,0,0,0,0,0,0,0,0,0,0,0
chr9:151073037,0,0,0,0,0,0,0,0,0,0,0,0,0
chr9:151074331,1,0,0,0,1,0,0,0,1,0,1,0,0
chr9:151292272,0,0,0,0,0,0,0,0,0,0,0,0,0
chr9:151292567,0,0,0,0,0,0,0,0,0,0,0,0,0
chr9:152686480,0,0,0,0,0,0,0,0,0,0,0,0,0
chr9:152690036,1,0,0,0,1,0,0,0,1,1,0,0,0
chr9:152867082,0,0,0,0,0,0,0,0,0,0,0,0,0
chr9:154440709,1,0,0,0,1,0,0,0,1,1,0,0,0
chr9:154446595,1,0,0,0,1,0,0,0,1,0,1,0,0
chr9:154484128,0,0,0,0,0,0,0,0,0,0,0,0,0
chr9:155235604,0,0,0,0,0,0,0,0,0,0,0,0,0
chr9:155890963,1,0,0,0,1,0,0,0,1,0,1,1,0
chr9:156479981,0,0,0,0,0,0,0,0,0,0,0,0,0
chr9:156480153,0,0,0,0,0,0,0,0,0,0,0,0,0
chr9:156887931,1,0,0,0,1,0,0,0,0,0,0,0,0
chr9:157173496,1,0,0,0,1,0,0,0,0,0,0,0,0
chr9:157373972,0,0,0,0,0,0,0,0,0,0,0,0,0
chr9:157390586,0,0,0,0,0,0,0,0,0,0,0,0,0
chr9:157482232,0,0,0,0,0,0,0,0,0,0,0,0,0
chr9:157536761,0,0,0,0,0,0,0,0,0,0,0,0,0
chr9:157604943,0,0,0,0,0,0,0,0,0,0,0,0,0
chr9:158518653,1,0,0,0,1,0,0,0,1,1,0,0,0
chr9:158518711,1,0,0,0,1,0,0,0,1,1,0,0,0
chr9:158594132,0,0,0,0,0,0,0,0,0,0,0,0,0
chr9:158594256,0,0,0,0,0,0,0,0,0,0,0,0,0
chr10:549161,0,0,0,0,0,0,0,0,0,0,0,0,0
chr10:549193,0,0,0,0,0,0,0,0,0,0,0,0,0
chr10:549436,0,0,0,0,0,0,0,0,0,0,0,0,0
chr10:1474626,1,0,0,0,1,0,0,0,1,1,0,0,0
chr10:2041154,1,0,0,0,1,0,0,0,1,0,1,0,0
chr10:2233915,1,0,0,0,1,0,0,0,1,1,0,0,0
chr10:2746516,1,0,0,0,1,0,0,0,1,1,0,1,0
chr10:2774735,0,0,0,0,0,0,0,0,0,0,0,0,0
chr10:4121220,1,0,0,0,1,0,0,0,1,0,1,0,0
chr10:4184451,1,0,0,0,1,0,0,0,1,1,0,0,0
chr10:4358352,0,0,0,0,0,0,0,0,0,0,0,0,0
chr10:4372268,0,0,0,0,0,0,0,0,0,0,0,0,0
chr10:4372387,0,0,0,0,0,0,0,0,0,0,0,0,0
chr10:4466984,0,0,0,0,0,0,0,0,0,0,0,0,0
chr10:4729954,0,0,0,0,0,0,0,0,0,0,0,0,0
chr10:5416571,1,0,0,0,1,0,0,0,1,1,0,0,0
chr10:5445242,0,0,0,0,0,0,0,0,0,0,0,0,0
chr10:5581488,0,0,0,0,0,0,0,0,0,0,0,0,0
chr10:6710438,1,0,0,0,1,0,0,0,1,1,0,0,0
chr10:6756464,0,0,0,0,0,0,0,0,0,0,0,0,0
chr10:6816125,0,0,0,0,0,0,0,0,0,0,0,0,0
chr10:6906470,0,0,0,0,0,0,0,0,0,0,0,0,0
chr10:6912075,0,0,0,0,0,0,0,0,0,0,0,0,0
chr10:6918184,0,0,0,0,0,0,0,0,0,0,0,0,0
chr10:8637654,0,0,0,0,0,0,0,0,0,0,0,0,0
chr10:8787406,1,0,0,0,1,0,0,0,1,1,0,1,0
chr10:8909941,0,0,1,0,0,0,1,0,1,0,0,0,0
chr10:9180634,0,0,0,0,0,0,0,0,0,0,0,0,0
chr10:9329105,0,0,0,0,0,0,0,0,0,0,0,0,0
chr10:9346312,1,0,0,0,1,0,0,0,0,0,0,0,0
chr10:10622799,1,0,0,0,1,0,0,0,0,0,0,0,0
chr10:10623060,1,0,0,0,1,0,0,0,0,0,0,0,0
chr10:10623306,1,0,0,0,1,0,0,0,0,0,0,0,0
chr10:10646723,0,0,0,0,0,0,0,0,0,0,0,0,0
chr10:10702835,0,0,0,0,0,0,0,0,0,0,0,0,0
chr10:10921226,1,0,0,0,1,0,0,0,1,1,1,0,0
chr10:10971038,0,0,0,0,0,0,0,0,0,0,0,0,0
chr10:11913857,0,0,0,0,0,0,0,0,0,0,0,0,0
chr10:11918717,0,0,0,0,0,0,0,0,0,0,0,0,0
chr10:12256004,0,0,0,0,0,0,0,0,0,0,0,0,0
chr10:12278255,0,0,0,0,0,0,0,0,0,0,0,0,0
chr10:12350143,0,0,0,0,0,0,0,0,0,0,0,0,0
chr10:12358464,0,0,0,0,0,0,0,0,0,0,0,0,0
chr10:12646967,0,0,0,0,0,0,0,0,0,0,0,0,0
chr10:12647028,0,0,0,0,0,0,0,0,0,0,0,0,0
chr10:13650140,1,0,0,0,1,0,0,0,0,0,0,0,0
chr10:13650240,1,0,0,0,1,0,0,0,0,0,0,0,0
chr10:13650659,1,0,0,0,1,0,0,0,0,0,0,0,0
chr10:13650768,1,0,0,0,1,0,0,0,1,1,0,0,0
chr10:13696231,0,0,0,0,0,0,0,0,0,0,0,0,0
chr10:13696359,0,0,0,0,0,0,0,0,0,0,0,0,0
chr10:13697275,1,0,0,0,1,0,0,0,1,1,0,0,0
chr10:13697716,1,0,0,0,1,0,0,0,0,0,0,0,0
chr10:13698224,1,0,0,0,1,0,0,0,0,0,0,0,0
chr10:13698334,1,0,0,0,1,0,0,0,0,0,0,0,0
chr10:13699465,1,0,0,0,1,0,0,0,0,0,0,0,0
chr10:13700089,1,0,0,0,1,0,0,0,0,0,0,0,0
chr10:13701196,1,0,0,0,1,0,0,0,1,0,0,1,0
chr10:13701341,1,0,0,0,1,0,0,0,1,0,0,1,0
chr10:13702114,1,0,0,0,1,0,0,0,1,1,0,0,0
chr10:14954140,0,0,0,0,0,0,0,0,0,0,0,0,0
chr10:15731063,0,0,0,0,0,0,0,0,0,0,0,0,0
chr10:15733697,1,0,0,0,1,0,0,0,0,0,0,0,0
chr10:15985608,0,0,0,0,0,0,0,0,0,0,0,0,0
chr10:16399618,0,0,0,0,0,0,0,0,0,0,0,0,0
chr10:16972286,0,0,0,0,0,0,0,0,0,0,0,0,0
chr10:18843868,0,0,0,0,0,0,0,0,0,0,0,0,0
chr10:19093742,0,0,0,0,0,0,0,0,0,0,0,0,0
chr10:19245731,0,0,0,0,0,0,0,0,0,0,0,0,0
chr10:19250620,0,0,0,0,0,0,0,0,0,0,0,0,0
chr10:19339724,0,0,0,0,0,0,0,0,0,0,0,0,0
chr10:19379702,0,0,0,0,0,0,0,0,0,0,0,0,0
chr10:19379856,0,0,0,0,0,0,0,0,0,0,0,0,0
chr10:19419693,0,0,0,0,0,0,0,0,0,0,0,0,0
chr10:19423338,0,0,0,0,0,0,0,0,0,0,0,0,0
chr10:20032329,0,0,0,0,0,0,0,0,0,0,0,0,0
chr10:20041555,0,0,0,0,0,0,0,0,0,0,0,0,0
chr10:20180164,0,0,0,0,0,0,0,0,0,0,0,0,0
chr10:21820958,0,0,0,0,0,0,0,0,0,0,0,0,0
chr10:22949416,1,0,0,0,1,0,0,0,1,1,0,0,0
chr10:23086054,0,0,0,0,0,0,0,0,0,0,0,0,0
chr10:23086102,0,0,0,0,0,0,0,0,0,0,0,0,0
chr10:23086144,0,0,0,0,0,0,0,0,0,0,0,0,0
chr10:23086159,0,0,0,0,0,0,0,0,0,0,0,0,0
chr10:23690539,1,0,0,0,1,0,0,0,0,0,0,0,0
chr10:23691425,1,0,0,0,1,0,0,0,0,0,0,0,0
chr10:23860560,0,0,0,0,0,0,0,0,0,0,0,0,0
chr10:24096424,0,0,0,0,0,0,0,0,0,0,0,0,0
chr10:25918389,0,0,0,0,0,0,0,0,0,0,0,0,0
chr10:27968062,0,0,0,0,0,0,0,0,0,0,0,0,0
chr10:29832157,0,0,0,0,0,0,0,0,0,0,0,0,0
chr10:29844551,0,0,0,0,0,0,0,0,0,0,0,0,0
chr10:29909443,0,0,0,0,0,0,0,0,0,0,0,0,0
chr10:30093201,0,0,0,0,0,0,0,0,0,0,0,0,0
chr10:30974684,1,0,0,0,1,0,0,0,1,1,0,0,0
chr10:30976335,0,0,0,0,0,0,0,0,0,0,0,0,0
chr10:31154800,0,0,0,0,0,0,0,0,0,0,0,0,0
chr10:31181954,0,0,0,0,0,0,0,0,0,0,0,0,0
chr10:31182198,0,0,0,0,0,0,0,0,0,0,0,0,0
chr10:31235581,0,0,0,0,0,0,0,0,0,0,0,0,0
chr10:31960145,0,0,0,0,0,0,0,0,0,0,0,0,0
chr10:32458548,0,0,0,0,0,0,0,0,0,0,0,0,0
chr10:32536832,0,0,0,0,0,0,0,0,0,0,0,0,0
chr10:33358190,0,0,0,0,0,0,0,0,0,0,0,0,0
chr10:33812364,0,0,0,0,0,0,0,0,0,0,0,0,0
chr10:40587560,0,0,0,0,0,0,0,0,0,0,0,0,0
chr10:41618641,0,0,0,0,0,0,0,0,0,0,0,0,0
chr10:46737000,0,0,0,0,0,0,0,0,0,0,0,0,0
chr10:49071356,0,0,0,0,0,0,0,0,0,0,0,0,0
chr10:54223781,0,0,0,0,0,0,0,0,0,0,0,0,0
chr10:54807785,0,0,0,0,0,0,0,0,0,0,0,0,0
chr10:55180180,0,0,0,0,0,0,0,0,0,0,0,0,0
chr10:56838641,0,0,0,0,0,0,0,0,0,0,0,0,0
chr10:57716923,0,0,0,0,0,0,0,0,0,0,0,0,0
chr10:59412069,0,0,0,0,0,0,0,0,0,0,0,0,0
chr10:61580481,0,0,0,0,0,0,0,0,0,0,0,0,0
chr10:61583398,0,0,0,0,0,0,0,0,0,0,0,0,0
chr10:61612545,0,0,0,0,0,0,0,0,0,0,0,0,0
chr10:61612563,0,0,0,0,0,0,0,0,0,0,0,0,0
chr10:61612959,0,0,0,0,0,0,0,0,0,0,0,0,0
chr10:61613743,0,0,0,0,0,0,0,0,0,0,0,0,0
chr10:61613776,0,0,0,0,0,0,0,0,0,0,0,0,0
chr10:61621579,0,0,0,0,0,0,0,0,0,0,0,0,0
chr10:61621762,0,0,0,0,0,0,0,0,0,0,0,0,0
chr10:61621846,0,0,0,0,0,0,0,0,0,0,0,0,0
chr10:61622623,0,0,0,0,0,0,0,0,0,0,0,0,0
chr10:61627415,0,0,0,0,0,0,0,0,0,0,0,0,0
chr10:61628388,0,0,0,0,0,0,0,0,0,0,0,0,0
chr10:66113568,0,0,0,0,0,0,0,0,0,0,0,0,0
chr10:66259979,0,0,0,0,0,0,0,0,0,0,0,0,0
chr10:67592321,0,0,0,0,0,0,0,0,0,0,0,0,0
chr10:67631740,0,0,0,0,0,0,0,0,0,0,0,0,0
chr10:67798315,0,0,0,0,0,0,0,0,0,0,0,0,0
chr10:67835908,0,0,0,0,0,0,0,0,0,0,0,0,0
chr10:67982095,0,0,0,0,0,0,0,0,0,0,0,0,0
chr10:67989258,0,0,0,0,0,0,0,0,0,0,0,0,0
chr10:68049229,0,0,0,0,0,0,0,0,0,0,0,0,0
chr10:68055651,1,0,0,0,1,0,0,0,0,0,0,0,0
chr10:68326452,0,0,0,0,0,0,0,0,0,0,0,0,0
chr10:68327797,0,0,0,0,0,0,0,0,0,0,0,0,0
chr10:68338164,0,0,0,0,0,0,0,0,0,0,0,0,0
chr10:68339246,0,0,0,0,0,0,0,0,0,0,0,0,0
chr10:68729853,0,0,0,0,0,0,0,0,0,0,0,0,0
chr10:69612629,0,0,0,0,0,0,0,0,0,0,0,0,0
chr10:69622465,0,0,0,0,0,0,0,0,0,0,0,0,0
chr10:69622936,0,0,0,0,0,0,0,0,0,0,0,0,0
chr10:69628425,0,0,0,0,0,0,0,0,0,0,0,0,0
chr10:70155089,0,0,0,0,0,0,0,0,0,0,0,0,0
chr10:71032443,0,0,0,0,0,0,0,0,0,0,0,0,0
chr10:71876576,0,0,0,0,0,0,0,0,0,0,0,0,0
chr10:71894468,0,0,0,0,0,0,0,0,0,0,0,0,0
chr10:72183591,0,0,0,0,0,0,0,0,0,0,0,0,0
chr10:72976818,1,0,0,0,1,0,0,0,1,1,0,0,0
chr10:73071183,0,0,0,0,0,0,0,0,0,0,0,0,0
chr10:73620764,0,0,0,0,0,0,0,0,0,0,0,0,0
chr10:76436311,0,0,0,0,0,0,0,0,0,0,0,0,0
chr10:76472766,0,0,0,0,0,0,0,0,0,0,0,0,0
chr10:76757004,0,0,0,0,0,0,0,0,0,0,0,0,0
chr10:76759350,0,0,0,0,0,0,0,0,0,0,0,0,0
chr10:76766567,0,0,0,0,0,0,0,0,0,0,0,0,0
chr10:76790985,0,0,0,0,0,0,0,0,0,0,0,0,0
chr10:76798576,0,0,0,0,0,0,0,0,0,0,0,0,0
chr10:76809148,0,0,0,0,0,0,0,0,0,0,0,0,0
chr10:76813758,0,0,0,0,0,0,0,0,0,0,0,0,0
chr10:76816024,0,0,0,0,0,0,0,0,0,0,0,0,0
chr10:76907269,0,0,0,0,0,0,0,0,0,0,0,0,0
chr10:76928235,0,0,0,0,0,0,0,0,0,0,0,0,0
chr10:76932597,0,0,0,0,0,0,0,0,0,0,0,0,0
chr10:76938274,0,0,0,0,0,0,0,0,0,0,0,0,0
chr10:76938309,0,0,0,0,0,0,0,0,0,0,0,0,0
chr10:76946576,0,0,0,0,0,0,0,0,0,0,0,0,0
chr10:78703491,0,0,0,0,0,0,0,0,0,0,0,0,0
chr10:79361846,0,0,0,0,0,0,0,0,0,0,0,0,0
chr10:79440375,0,0,0,0,0,0,0,0,0,0,0,0,0
chr10:79468666,1,0,0,0,1,0,0,0,0,0,0,0,0
chr10:79475728,1,0,0,0,1,0,0,0,0,0,0,0,0
chr10:79477256,1,0,0,0,1,0,0,0,0,0,0,0,0
chr10:80000168,0,0,0,0,0,0,0,0,0,0,0,0,0
chr10:80011126,1,0,0,0,1,0,0,0,0,0,0,0,0
chr10:80027725,1,0,0,0,1,0,0,0,0,0,0,0,0
chr10:80230092,0,0,0,0,0,0,0,0,0,0,0,0,0
chr10:80410068,0,0,0,0,0,0,0,0,0,0,0,0,0
chr10:80420937,0,0,0,0,0,0,0,0,0,0,0,0,0
chr10:80511761,0,0,0,0,0,0,0,0,0,0,0,0,0
chr10:80535852,0,0,0,0,0,0,0,0,0,0,0,0,0
chr10:80561494,0,0,0,0,0,0,0,0,0,0,0,0,0
chr10:80563288,1,0,0,0,1,0,0,0,1,1,0,0,0
chr10:80866774,1,0,0,0,1,0,0,0,0,0,0,0,0
chr10:80867038,1,0,0,0,1,0,0,0,0,0,0,0,0
chr10:80870261,1,0,0,0,1,0,0,0,1,1,0,0,0
chr10:80909987,0,0,0,0,0,0,0,0,0,0,0,0,0
chr10:81007717,0,0,0,0,0,0,0,0,0,0,0,0,0
chr10:81141658,1,0,0,0,1,0,0,0,1,1,0,0,0
chr10:83641606,0,0,0,0,0,0,0,0,0,0,0,0,0
chr10:83641766,0,0,0,0,0,0,0,0,0,0,0,0,0
chr10:85585200,0,0,0,0,0,0,0,0,0,0,0,0,0
chr10:87104728,0,0,0,0,0,0,0,0,0,0,0,0,0
chr10:87609275,0,0,0,0,0,0,0,0,0,0,0,0,0
chr10:88660522,0,0,0,0,0,0,0,0,0,0,0,0,0
chr10:89864715,0,0,0,0,0,0,0,0,0,0,0,0,0
chr10:91766380,0,0,0,0,0,0,0,0,0,0,0,0,0
chr10:91875664,0,0,0,0,0,0,0,0,0,0,0,0,0
chr10:91888935,1,0,0,0,1,0,0,0,1,1,0,0,0
chr10:91890676,1,0,0,0,1,0,0,0,0,0,0,0,0
chr10:93908863,1,0,0,0,1,0,0,0,1,1,0,0,0
chr10:96650755,1,0,0,0,1,0,0,0,0,0,0,0,0
chr10:96695563,0,0,0,0,0,0,0,0,0,0,0,0,0
chr10:99460161,0,0,0,0,0,0,0,0,0,0,0,0,0
chr10:99663655,0,0,0,0,0,0,0,0,0,0,0,0,0
chr10:100545314,1,0,0,0,1,0,0,0,1,1,0,0,0
chr10:100546608,1,0,0,0,1,0,0,0,1,1,0,0,0
chr10:100546842,1,0,0,0,1,0,0,0,1,0,1,0,0
chr10:100616104,0,0,0,0,0,0,0,0,0,0,0,0,0
chr10:100616211,0,0,0,0,0,0,0,0,0,0,0,0,0
chr10:101627605,0,0,0,0,0,0,0,0,0,0,0,0,0
chr10:101627798,0,0,0,0,0,0,0,0,0,0,0,0,0
chr10:102394038,0,0,0,0,0,0,0,0,0,0,0,0,0
chr10:103002277,0,0,0,0,0,0,0,0,0,0,0,0,0
chr10:103500118,0,0,0,0,0,0,0,0,0,0,0,0,0
chr10:103666948,0,0,0,0,0,0,0,0,0,0,0,0,0
chr10:103695460,0,0,0,0,0,0,0,0,0,0,0,0,0
chr10:104719618,0,0,0,0,0,0,0,0,0,0,0,0,0
chr10:105267653,0,0,0,0,0,0,0,0,0,0,0,0,0
chr10:105654608,1,0,0,0,1,0,0,0,0,0,0,0,0
chr10:106023025,0,0,0,0,0,0,0,0,0,0,0,0,0
chr10:106166131,0,0,0,0,0,0,0,0,0,0,0,0,0
chr10:106201312,0,0,0,0,0,0,0,0,0,0,0,0,0
chr10:106209693,0,0,0,0,0,0,0,0,0,0,0,0,0
chr10:106210959,0,0,0,0,0,0,0,0,0,0,0,0,0
chr10:106218387,0,0,0,0,0,0,0,0,0,0,0,0,0
chr10:106219522,0,0,0,0,0,0,0,0,0,0,0,0,0
chr10:106224337,0,0,0,0,0,0,0,0,0,0,0,0,0
chr10:106265513,0,0,0,0,0,0,0,0,0,0,0,0,0
chr10:106275047,0,0,0,0,0,0,0,0,0,0,0,0,0
chr10:106276720,0,0,0,0,0,0,0,0,0,0,0,0,0
chr10:106298078,0,0,0,0,0,0,0,0,0,0,0,0,0
chr10:106351599,0,0,0,0,0,0,0,0,0,0,0,0,0
chr10:106374018,0,0,0,0,0,0,0,0,0,0,0,0,0
chr10:106377917,1,0,0,0,1,0,0,0,1,1,0,0,0
chr10:107074268,0,0,0,0,0,0,0,0,0,0,0,0,0
chr10:108057953,0,0,0,0,0,0,0,0,0,0,0,0,0
chr10:108392505,0,0,0,0,0,0,0,0,0,0,0,0,0
chr10:108466965,0,0,0,0,0,0,0,0,0,0,0,0,0
chr10:109158002,0,0,0,0,0,0,0,0,0,0,0,0,0
chr10:110361755,0,0,0,0,0,0,0,0,0,0,0,0,0
chr10:110361813,0,0,0,0,0,0,0,0,0,0,0,0,0
chr10:110444862,1,0,0,0,1,0,0,0,0,0,0,0,0
chr10:110448106,0,0,0,0,0,0,0,0,0,0,0,0,0
chr10:110460985,0,0,0,0,0,0,0,0,0,0,0,0,0
chr10:110525585,0,0,0,0,0,0,0,0,0,0,0,0,0
chr10:112508407,0,0,0,0,0,0,0,0,0,0,0,0,0
chr10:115176267,0,0,0,0,0,0,0,0,0,0,0,0,0
chr10:115427603,0,0,0,0,0,0,0,0,0,0,0,0,0
chr10:115673589,0,0,0,0,0,0,0,0,0,0,0,0,0
chr10:115673611,0,0,0,0,0,0,0,0,0,0,0,0,0
chr10:115751986,0,0,0,0,0,0,0,0,0,0,0,0,0
chr10:115869046,1,0,0,0,1,0,0,0,1,1,0,1,0
chr10:115893442,0,0,0,0,0,0,0,0,0,0,0,0,0
chr10:115922784,1,0,0,0,1,0,0,0,1,0,1,0,0
chr10:116183744,1,0,0,0,1,0,0,0,1,1,0,1,0
chr10:116402322,0,0,0,0,0,0,0,0,0,0,0,0,0
chr10:116403400,0,0,0,0,0,0,0,0,0,0,0,0,0
chr10:116404603,0,0,0,0,0,0,0,0,0,0,0,0,0
chr10:116416961,0,0,0,0,0,0,0,0,0,0,0,0,0
chr10:116505211,0,0,0,0,0,0,0,0,0,0,0,0,0
chr10:116584536,0,0,0,0,0,0,0,0,0,0,0,0,0
chr10:116659151,0,0,0,0,0,0,0,0,0,0,0,0,0
chr10:116714963,0,0,0,0,0,0,0,0,0,0,0,0,0
chr10:116716829,0,0,0,0,0,0,0,0,0,0,0,0,0
chr10:116791702,0,0,0,0,0,0,0,0,0,0,0,0,0
chr10:116929489,0,0,0,0,0,0,0,0,0,0,0,0,0
chr10:116987914,0,0,0,0,0,0,0,0,0,0,0,0,0
chr10:116989674,0,0,0,0,0,0,0,0,0,0,0,0,0
chr10:117249561,0,0,0,0,0,0,0,0,0,0,0,0,0
chr10:117251443,0,0,0,0,0,0,0,0,0,0,0,0,0
chr10:117304663,0,0,0,0,0,0,0,0,0,0,0,0,0
chr10:117305136,0,0,0,0,0,0,0,0,0,0,0,0,0
chr10:117306839,0,0,0,0,0,0,0,0,0,0,0,0,0
chr10:117306886,0,0,0,0,0,0,0,0,0,0,0,0,0
chr10:117331726,0,0,0,0,0,0,0,0,0,0,0,0,0
chr10:117383842,0,0,0,0,0,0,0,0,0,0,0,0,0
chr10:117403607,0,0,0,0,0,0,0,0,0,0,0,0,0
chr10:117441357,0,0,0,0,0,0,0,0,0,0,0,0,0
chr10:117681611,0,0,0,0,0,0,0,0,0,0,0,0,0
chr10:117849313,0,0,0,0,0,0,0,0,0,0,0,0,0
chr10:118303068,0,0,0,0,0,0,0,0,0,0,0,0,0
chr10:118612406,1,0,0,0,1,0,0,0,1,1,0,1,0
chr10:118613253,1,0,0,0,1,0,0,0,1,1,0,0,0
chr10:118613425,1,0,0,0,1,0,0,0,0,0,0,0,0
chr10:118615040,1,0,0,0,1,0,0,0,0,0,0,0,0
chr10:118616519,1,0,0,0,1,0,0,0,1,1,0,0,0
chr10:118617213,1,0,0,0,1,0,0,0,1,1,0,0,0
chr10:118617674,1,0,0,0,1,0,0,0,1,1,0,0,0
chr10:118617834,1,0,0,0,1,0,0,0,1,1,0,0,0
chr10:118632790,0,0,0,0,0,0,0,0,0,0,0,0,0
chr10:118673991,0,0,0,0,0,0,0,0,0,0,0,0,0
chr10:118683591,1,0,0,0,1,0,0,0,0,0,0,0,0
chr10:118683599,1,0,0,0,1,0,0,0,0,0,0,0,0
chr10:118686627,0,0,0,0,0,0,0,0,0,0,0,0,0
chr10:118741174,0,0,0,0,0,0,0,0,0,0,0,0,0
chr10:118741528,0,0,0,0,0,0,0,0,0,0,0,0,0
chr10:118743012,0,0,0,0,0,0,0,0,0,0,0,0,0
chr10:118745948,0,0,0,0,0,0,0,0,0,0,0,0,0
chr10:118746064,0,0,0,0,0,0,0,0,0,0,0,0,0
chr10:118769924,0,0,0,0,0,0,0,0,0,0,0,0,0
chr10:118772565,1,0,0,0,1,0,0,0,0,0,0,0,0
chr10:118779025,1,0,0,0,1,0,0,0,0,0,0,0,0
chr10:118780400,0,0,0,0,0,0,0,0,0,0,0,0,0
chr10:118786058,0,0,0,0,0,0,0,0,0,0,0,0,0
chr10:118786312,0,0,0,0,0,0,0,0,0,0,0,0,0
chr10:118788004,0,0,0,0,0,0,0,0,0,0,0,0,0
chr10:118788035,0,0,0,0,0,0,0,0,0,0,0,0,0
chr10:118789193,0,0,0,0,0,0,0,0,0,0,0,0,0
chr10:118810907,0,0,0,0,0,0,0,0,0,0,0,0,0
chr10:118832545,0,0,0,0,0,0,0,0,0,0,0,0,0
chr10:118853426,1,0,0,0,1,0,0,0,1,1,0,1,0
chr10:118899062,0,0,0,0,0,0,0,0,0,0,0,0,0
chr10:118984765,0,0,0,0,0,0,0,0,0,0,0,0,0
chr10:118988079,0,0,0,0,0,0,0,0,0,0,0,0,0
chr10:118989242,0,0,0,0,0,0,0,0,0,0,0,0,0
chr10:118989726,0,0,0,0,0,0,0,0,0,0,0,0,0
chr10:118994559,0,0,0,0,0,0,0,0,0,0,0,0,0
chr10:118994562,0,0,0,0,0,0,0,0,0,0,0,0,0
chr10:119019100,0,0,0,0,0,0,0,0,0,0,0,0,0
chr10:119020053,0,0,0,0,0,0,0,0,0,0,0,0,0
chr10:119020109,0,0,0,0,0,0,0,0,0,0,0,0,0
chr10:119020153,0,0,0,0,0,0,0,0,0,0,0,0,0
chr10:119021664,0,0,0,0,0,0,0,0,0,0,0,0,0
chr10:119023515,0,0,0,0,0,0,0,0,0,0,0,0,0
chr10:119038950,0,0,0,0,0,0,0,0,0,0,0,0,0
chr10:119039722,0,0,0,0,0,0,0,0,0,0,0,0,0
chr10:119040629,0,0,0,0,0,0,0,0,0,0,0,0,0
chr10:119045487,0,0,0,0,0,0,0,0,0,0,0,0,0
chr10:119045656,0,0,0,0,0,0,0,0,0,0,0,0,0
chr10:119056742,0,0,0,0,0,0,0,0,0,0,0,0,0
chr10:119056790,0,0,0,0,0,0,0,0,0,0,0,0,0
chr10:119056897,1,0,0,0,1,0,0,0,1,0,1,0,0
chr10:119058348,1,0,0,0,1,0,0,0,0,0,0,0,0
chr10:119058547,1,0,0,0,1,0,0,0,0,0,0,0,0
chr10:119058750,1,0,0,0,1,0,0,0,0,0,0,0,0
chr10:119059001,1,0,0,0,1,0,0,0,1,1,0,0,0
chr10:119060325,0,0,0,0,0,0,0,0,0,0,0,0,0
chr10:119060630,0,0,0,0,0,0,0,0,0,0,0,0,0
chr10:119062087,1,0,0,0,1,0,0,0,0,0,0,0,0
chr10:119064503,1,0,0,0,1,0,0,0,1,0,0,1,0
chr10:119065981,1,0,0,0,1,0,0,0,1,1,0,0,0
chr10:119067830,1,0,0,0,1,0,0,0,1,1,1,0,0
chr10:119067948,1,0,0,0,1,0,0,0,1,1,1,0,0
chr10:119081609,0,0,0,0,0,0,0,0,0,0,0,0,0
chr10:119081924,0,0,0,0,0,0,0,0,0,0,0,0,0
chr10:119081975,0,0,0,0,0,0,0,0,0,0,0,0,0
chr10:119091902,0,0,0,0,0,0,0,0,0,0,0,0,0
chr10:119092192,0,0,0,0,0,0,0,0,0,0,0,0,0
chr10:119092400,0,0,0,0,0,0,0,0,0,0,0,0,0
chr10:119092457,0,0,0,0,0,0,0,0,0,0,0,0,0
chr10:119092575,0,0,0,0,0,0,0,0,0,0,0,0,0
chr10:119101750,0,0,0,0,0,0,0,0,0,0,0,0,0
chr10:119107225,0,0,0,0,0,0,0,0,0,0,0,0,0
chr10:119107242,0,0,0,0,0,0,0,0,0,0,0,0,0
chr10:119107413,0,0,0,0,0,0,0,0,0,0,0,0,0
chr10:119107420,0,0,0,0,0,0,0,0,0,0,0,0,0
chr10:119107777,0,0,0,0,0,0,0,0,0,0,0,0,0
chr10:119107779,0,0,0,0,0,0,0,0,0,0,0,0,0
chr10:119148398,0,0,0,0,0,0,0,0,0,0,0,0,0
chr10:119148413,0,0,0,0,0,0,0,0,0,0,0,0,0
chr10:119148831,0,0,0,0,0,0,0,0,0,0,0,0,0
chr10:119188275,0,0,0,0,0,0,0,0,0,0,0,0,0
chr10:119192734,0,0,0,0,0,0,0,0,0,0,0,0,0
chr10:119192825,0,0,0,0,0,0,0,0,0,0,0,0,0
chr10:119194444,0,0,0,0,0,0,0,0,0,0,0,0,0
chr10:119195028,0,0,0,0,0,0,0,0,0,0,0,0,0
chr10:119203576,0,0,0,0,0,0,0,0,0,0,0,0,0
chr10:119203850,1,0,0,0,1,0,0,0,0,0,0,0,0
chr10:119203968,1,0,0,0,1,0,0,0,0,0,0,0,0
chr10:119205816,1,0,0,0,1,0,0,0,0,0,0,0,0
chr10:119205873,1,0,0,0,1,0,0,0,1,1,0,0,0
chr10:119207622,1,0,0,0,1,0,0,0,1,0,0,1,0
chr10:119207729,1,0,0,0,1,0,0,0,1,0,0,1,0
chr10:119207855,1,0,0,0,1,0,0,0,1,0,0,1,0
chr10:119208126,1,0,0,0,1,0,0,0,1,1,0,0,0
chr10:119209812,1,0,0,0,1,0,0,0,0,0,0,0,0
chr10:119210770,1,0,0,0,1,0,0,0,0,0,0,0,0
chr10:119211057,1,0,0,0,1,0,0,0,0,0,0,0,0
chr10:119212020,1,0,0,0,1,0,0,0,0,0,0,0,0
chr10:119212195,1,0,0,0,1,0,0,0,0,0,0,0,0
chr10:119213675,0,0,0,0,0,0,0,0,0,0,0,0,0
chr10:119213695,0,0,0,0,0,0,0,0,0,0,0,0,0
chr10:119213800,0,0,0,0,0,0,0,0,0,0,0,0,0
chr10:119214921,0,0,0,0,0,0,0,0,0,0,0,0,0
chr10:119215250,0,0,0,0,0,0,0,0,0,0,0,0,0
chr10:119215281,0,0,0,0,0,0,0,0,0,0,0,0,0
chr10:119215317,0,0,0,0,0,0,0,0,0,0,0,0,0
chr10:119216268,0,0,0,0,0,0,0,0,0,0,0,0,0
chr10:119216993,0,0,0,0,0,0,0,0,0,0,0,0,0
chr10:119217033,0,0,0,0,0,0,0,0,0,0,0,0,0
chr10:119218056,0,0,0,0,0,0,0,0,0,0,0,0,0
chr10:119218064,0,0,0,0,0,0,0,0,0,0,0,0,0
chr10:119218103,0,0,0,0,0,0,0,0,0,0,0,0,0
chr10:119218140,0,0,0,0,0,0,0,0,0,0,0,0,0
chr10:119218453,0,0,0,0,0,0,0,0,0,0,0,0,0
chr10:119218635,0,0,0,0,0,0,0,0,0,0,0,0,0
chr10:119219189,0,0,0,0,0,0,0,0,0,0,0,0,0
chr10:119219736,0,0,0,0,0,0,0,0,0,0,0,0,0
chr10:119219769,0,0,0,0,0,0,0,0,0,0,0,0,0
chr10:119220561,0,0,0,0,0,0,0,0,0,0,0,0,0
chr10:119222261,1,0,0,0,1,0,0,0,1,0,0,1,0
chr10:119223469,1,0,0,0,1,0,0,0,1,0,0,1,0
chr10:119225095,1,0,0,0,1,0,0,0,1,1,0,0,0
chr10:119225844,1,0,0,0,1,0,0,0,1,0,1,0,0
chr10:119226382,1,0,0,0,1,0,0,0,1,0,1,0,0
chr10:119230412,1,0,0,0,1,0,0,0,0,0,0,0,0
chr10:119232392,0,0,0,0,0,0,0,0,0,0,0,0,0
chr10:119232450,0,0,0,0,0,0,0,0,0,0,0,0,0
chr10:119232480,0,0,0,0,0,0,0,0,0,0,0,0,0
chr10:119232820,0,0,0,0,0,0,0,0,0,0,0,0,0
chr10:119233882,0,0,0,0,0,0,0,0,0,0,0,0,0
chr10:119235001,0,0,0,0,0,0,0,0,0,0,0,0,0
chr10:119235147,0,0,0,0,0,0,0,0,0,0,0,0,0
chr10:119235516,0,0,0,0,0,0,0,0,0,0,0,0,0
chr10:119235743,0,0,0,0,0,0,0,0,0,0,0,0,0
chr10:119245082,0,0,0,0,0,0,0,0,0,0,0,0,0
chr10:119245923,0,0,0,0,0,0,0,0,0,0,0,0,0
chr10:119246067,0,0,0,0,0,0,0,0,0,0,0,0,0
chr10:119246576,0,0,0,0,0,0,0,0,0,0,0,0,0
chr10:119246827,0,0,0,0,0,0,0,0,0,0,0,0,0
chr10:119247189,0,0,0,0,0,0,0,0,0,0,0,0,0
chr10:119247201,0,0,0,0,0,0,0,0,0,0,0,0,0
chr10:119248299,0,0,0,0,0,0,0,0,0,0,0,0,0
chr10:119248377,0,0,0,0,0,0,0,0,0,0,0,0,0
chr10:119248477,0,0,0,0,0,0,0,0,0,0,0,0,0
chr10:119249105,0,0,0,0,0,0,0,0,0,0,0,0,0
chr10:119250943,0,0,0,0,0,0,0,0,0,0,0,0,0
chr10:119252591,0,0,0,0,0,0,0,0,0,0,0,0,0
chr10:119253179,0,0,0,0,0,0,0,0,0,0,0,0,0
chr10:119255953,0,0,0,0,0,0,0,0,0,0,0,0,0
chr10:119256042,0,0,0,0,0,0,0,0,0,0,0,0,0
chr10:119289778,0,0,0,0,0,0,0,0,0,0,0,0,0
chr10:119291124,0,0,0,0,0,0,0,0,0,0,0,0,0
chr10:119291158,0,0,0,0,0,0,0,0,0,0,0,0,0
chr10:119302820,0,0,0,0,0,0,0,0,0,0,0,0,0
chr10:119303945,0,0,0,0,0,0,0,0,0,0,0,0,0
chr10:119304282,0,0,0,0,0,0,0,0,0,0,0,0,0
chr10:119304452,0,0,0,0,0,0,0,0,0,0,0,0,0
chr10:119305313,0,0,0,0,0,0,0,0,0,0,0,0,0
chr10:119305399,0,0,0,0,0,0,0,0,0,0,0,0,0
chr10:119305481,0,0,0,0,0,0,0,0,0,0,0,0,0
chr10:119307213,0,0,0,0,0,0,0,0,0,0,0,0,0
chr10:119311863,0,0,0,0,0,0,0,0,0,0,0,0,0
chr10:119313086,0,0,0,0,0,0,0,0,0,0,0,0,0
chr10:119313974,0,0,0,0,0,0,0,0,0,0,0,0,0
chr10:119316279,0,0,0,0,0,0,0,0,0,0,0,0,0
chr10:119317779,0,0,0,0,0,0,0,0,0,0,0,0,0
chr10:119317946,0,0,0,0,0,0,0,0,0,0,0,0,0
chr10:119385648,0,0,0,0,0,0,0,0,0,0,0,0,0
chr10:119386864,0,0,0,0,0,0,0,0,0,0,0,0,0
chr10:119387870,0,0,0,0,0,0,0,0,0,0,0,0,0
chr10:119389482,0,0,0,0,0,0,0,0,0,0,0,0,0
chr10:119390752,0,0,0,0,0,0,0,0,0,0,0,0,0
chr10:119391086,0,0,0,0,0,0,0,0,0,0,0,0,0
chr10:119391671,0,0,0,0,0,0,0,0,0,0,0,0,0
chr10:119391721,0,0,0,0,0,0,0,0,0,0,0,0,0
chr10:119391756,0,0,0,0,0,0,0,0,0,0,0,0,0
chr10:119392786,0,0,0,0,0,0,0,0,0,0,0,0,0
chr10:119393765,0,0,0,0,0,0,0,0,0,0,0,0,0
chr10:119394350,0,0,0,0,0,0,0,0,0,0,0,0,0
chr10:119427126,0,0,0,0,0,0,0,0,0,0,0,0,0
chr10:119427330,0,0,0,0,0,0,0,0,0,0,0,0,0
chr10:119427559,0,0,0,0,0,0,0,0,0,0,0,0,0
chr10:119427664,0,0,0,0,0,0,0,0,0,0,0,0,0
chr10:119427781,0,0,0,0,0,0,0,0,0,0,0,0,0
chr10:119449519,0,0,0,0,0,0,0,0,0,0,0,0,0
chr10:119449545,0,0,0,0,0,0,0,0,0,0,0,0,0
chr10:119449617,0,0,0,0,0,0,0,0,0,0,0,0,0
chr10:119449727,0,0,0,0,0,0,0,0,0,0,0,0,0
chr10:119451794,1,0,0,0,1,0,0,0,0,0,0,0,0
chr10:119452938,0,0,0,0,0,0,0,0,0,0,0,0,0
chr10:119615254,0,0,0,0,0,0,0,0,0,0,0,0,0
chr10:119738214,0,0,0,0,0,0,0,0,0,0,0,0,0
chr10:119830711,0,0,0,0,0,0,0,0,0,0,0,0,0
chr10:119838215,0,0,0,0,0,0,0,0,0,0,0,0,0
chr10:119849755,0,0,0,0,0,0,0,0,0,0,0,0,0
chr10:119882882,0,0,0,0,0,0,0,0,0,0,0,0,0
chr10:119887793,1,0,0,0,1,0,0,0,1,0,1,1,0
chr10:119931124,0,0,0,0,0,0,0,0,0,0,0,0,0
chr10:119932860,0,0,0,0,0,0,0,0,0,0,0,0,0
chr10:120037180,0,0,0,0,0,0,0,0,0,0,0,0,0
chr10:120038735,0,0,0,0,0,0,0,0,0,0,0,0,0
chr10:120039240,0,0,0,0,0,0,0,0,0,0,0,0,0
chr10:120041584,1,0,0,0,1,0,0,0,1,1,0,0,0
chr10:120047282,0,0,0,0,0,0,0,0,0,0,0,0,0
chr10:120047505,0,0,0,0,0,0,0,0,0,0,0,0,0
chr10:120050904,0,0,0,0,0,0,0,0,0,0,0,0,0
chr10:120114205,0,0,0,0,0,0,0,0,0,0,0,0,0
chr10:120152274,0,0,0,0,0,0,0,0,0,0,0,0,0
chr10:120154201,0,0,0,0,0,0,0,0,0,0,0,0,0
chr10:120155886,0,0,0,0,0,0,0,0,0,0,0,0,0
chr10:120157421,0,0,0,0,0,0,0,0,0,0,0,0,0
chr10:120163323,0,0,0,0,0,0,0,0,0,0,0,0,0
chr10:120163962,0,0,0,0,0,0,0,0,0,0,0,0,0
chr10:120165403,0,0,0,0,0,0,0,0,0,0,0,0,0
chr10:120196465,0,0,0,0,0,0,0,0,0,0,0,0,0
chr10:120196511,0,0,0,0,0,0,0,0,0,0,0,0,0
chr10:120196552,0,0,0,0,0,0,0,0,0,0,0,0,0
chr10:120199077,0,0,0,0,0,0,0,0,0,0,0,0,0
chr10:120199094,0,0,0,0,0,0,0,0,0,0,0,0,0
chr10:120225052,1,0,0,0,1,0,0,0,0,0,0,0,0
chr10:120229740,0,0,0,0,0,0,0,0,0,0,0,0,0
chr10:120230799,0,0,0,0,0,0,0,0,0,0,0,0,0
chr10:120245506,0,0,0,0,0,0,0,0,0,0,0,0,0
chr10:120260247,0,0,0,0,0,0,0,0,0,0,0,0,0
chr10:120269827,0,0,0,0,0,0,0,0,0,0,0,0,0
chr10:120275998,0,0,0,0,0,0,0,0,0,0,0,0,0
chr10:120278131,0,0,0,0,0,0,0,0,0,0,0,0,0
chr10:120314577,0,0,0,0,0,0,0,0,0,0,0,0,0
chr10:120382530,0,0,0,0,0,0,0,0,0,0,0,0,0
chr10:120423440,0,0,0,0,0,0,0,0,0,0,0,0,0
chr10:120425741,1,0,0,0,1,0,0,0,0,0,0,0,0
chr10:120427111,1,0,0,0,1,0,0,0,0,0,0,0,0
chr10:120460326,0,0,0,0,0,0,0,0,0,0,0,0,0
chr10:120463353,0,0,0,0,0,0,0,0,0,0,0,0,0
chr10:120465906,0,0,0,0,0,0,0,0,0,0,0,0,0
chr10:120503174,1,0,0,0,1,0,0,0,0,0,0,0,0
chr10:120651776,0,0,0,0,0,0,0,0,0,0,0,0,0
chr10:120754541,1,0,0,0,1,0,0,0,0,0,0,0,0
chr10:120794098,0,0,0,0,0,0,0,0,0,0,0,0,0
chr10:120959004,0,0,0,0,0,0,0,0,0,0,0,0,0
chr10:120966808,0,0,0,0,0,0,0,0,0,0,0,0,0
chr10:120967840,0,0,0,0,0,0,0,0,0,0,0,0,0
chr10:120967859,0,0,0,0,0,0,0,0,0,0,0,0,0
chr10:120971379,0,0,0,0,0,0,0,0,0,0,0,0,0
chr10:120971547,0,0,0,0,0,0,0,0,0,0,0,0,0
chr10:120971570,0,0,0,0,0,0,0,0,0,0,0,0,0
chr10:120971576,0,0,0,0,0,0,0,0,0,0,0,0,0
chr10:120989563,0,0,0,0,0,0,0,0,0,0,0,0,0
chr10:120989799,0,0,0,0,0,0,0,0,0,0,0,0,0
chr10:120992387,0,0,0,0,0,0,0,0,0,0,0,0,0
chr10:121001918,0,0,0,0,0,0,0,0,0,0,0,0,0
chr10:121001937,0,0,0,0,0,0,0,0,0,0,0,0,0
chr10:121002234,0,0,0,0,0,0,0,0,0,0,0,0,0
chr10:121007775,0,0,0,0,0,0,0,0,0,0,0,0,0
chr10:121008159,0,0,0,0,0,0,0,0,0,0,0,0,0
chr10:121008266,0,0,0,0,0,0,0,0,0,0,0,0,0
chr10:121008745,0,0,0,0,0,0,0,0,0,0,0,0,0
chr10:121008870,0,0,0,0,0,0,0,0,0,0,0,0,0
chr10:121009495,0,0,0,0,0,0,0,0,0,0,0,0,0
chr10:121009589,0,0,0,0,0,0,0,0,0,0,0,0,0
chr10:121009756,0,0,0,0,0,0,0,0,0,0,0,0,0
chr10:121010440,0,0,0,0,0,0,0,0,0,0,0,0,0
chr10:121011807,0,0,0,0,0,0,0,0,0,0,0,0,0
chr10:121011857,0,0,0,0,0,0,0,0,0,0,0,0,0
chr10:121011979,0,0,0,0,0,0,0,0,0,0,0,0,0
chr10:121025355,0,0,0,0,0,0,0,0,0,0,0,0,0
chr10:121026275,0,0,0,0,0,0,0,0,0,0,0,0,0
chr10:121027278,0,0,0,0,0,0,0,0,0,0,0,0,0
chr10:121029488,1,0,0,0,1,0,0,0,1,0,1,0,0
chr10:121031232,1,0,0,0,1,0,0,0,0,0,0,0,0
chr10:121032341,0,0,0,0,0,0,0,0,0,0,0,0,0
chr10:121059883,0,0,0,0,0,0,0,0,0,0,0,0,0
chr10:121061990,1,0,0,0,1,0,0,0,0,0,0,0,0
chr10:121063783,0,0,0,0,0,0,0,0,0,0,0,0,0
chr10:121170337,1,0,0,0,1,0,0,0,1,1,0,0,0
chr10:121214731,0,0,0,0,0,0,0,0,0,0,0,0,0
chr10:121268683,1,0,0,0,1,0,0,0,1,1,0,0,0
chr10:121521713,1,0,0,0,1,0,0,0,0,0,0,0,0
chr10:121569710,0,0,0,0,0,0,0,0,0,0,0,0,0
chr10:121570823,0,0,0,0,0,0,0,0,0,0,0,0,0
chr10:121607096,0,0,0,0,0,0,0,0,0,0,0,0,0
chr10:121608621,1,0,0,0,1,0,0,0,1,1,0,0,0
chr10:121612010,0,0,0,0,0,0,0,0,0,0,0,0,0
chr10:121614133,0,0,0,0,0,0,0,0,0,0,0,0,0
chr10:121624519,0,0,0,0,0,0,0,0,0,0,0,0,0
chr10:121660232,0,0,0,0,0,0,0,0,0,0,0,0,0
chr10:121661250,0,0,0,0,0,0,0,0,0,0,0,0,0
chr10:121700247,0,0,0,0,0,0,0,0,0,0,0,0,0
chr10:121719050,1,0,0,0,1,0,0,0,1,0,1,0,0
chr10:121720502,1,0,0,0,1,0,0,0,0,0,0,0,0
chr10:121722430,1,0,0,0,1,0,0,0,1,1,1,0,0
chr10:121722838,1,0,0,0,1,0,0,0,1,0,1,1,0
chr10:121725235,1,0,0,0,1,0,0,0,1,1,0,1,0
chr10:121725242,1,0,0,0,1,0,0,0,1,1,0,1,0
chr10:121726275,1,0,0,0,1,0,0,0,1,0,0,1,0
chr10:121755878,0,0,0,0,0,0,0,0,0,0,0,0,0
chr10:121755916,0,0,0,0,0,0,0,0,0,0,0,0,0
chr10:121756473,0,0,0,0,0,0,0,0,0,0,0,0,0
chr10:121757325,0,0,0,0,0,0,0,0,0,0,0,0,0
chr10:121757718,1,0,0,0,1,0,0,0,1,1,0,0,0
chr10:121938691,1,0,0,0,1,0,0,0,1,1,0,0,0
chr10:122017876,0,0,0,0,0,0,0,0,0,0,0,0,0
chr10:122041532,0,0,0,0,0,0,0,0,0,0,0,0,0
chr10:122043809,0,0,0,0,0,0,0,0,0,0,0,0,0
chr10:122152163,0,0,0,0,0,0,0,0,0,0,0,0,0
chr10:122290611,0,0,0,0,0,0,0,0,0,0,0,0,0
chr10:122367091,0,0,0,0,0,0,0,0,0,0,0,0,0
chr10:122376189,0,0,0,0,0,0,0,0,0,0,0,0,0
chr10:122430022,0,0,0,0,0,0,0,0,0,0,0,0,0
chr10:122480199,0,0,0,0,0,0,0,0,0,0,0,0,0
chr10:122482278,0,0,0,0,0,0,0,0,0,0,0,0,0
chr10:122483470,0,0,0,0,0,0,0,0,0,0,0,0,0
chr10:122484777,0,0,0,0,0,0,0,0,0,0,0,0,0
chr10:122504071,0,0,0,0,0,0,0,0,0,0,0,0,0
chr10:122504247,0,0,0,0,0,0,0,0,0,0,0,0,0
chr10:122507114,0,0,0,0,0,0,0,0,0,0,0,0,0
chr10:122507240,0,0,0,0,0,0,0,0,0,0,0,0,0
chr10:122509234,0,0,0,0,0,0,0,0,0,0,0,0,0
chr10:122510135,1,0,0,0,1,0,0,0,0,0,0,0,0
chr10:122511906,0,0,0,0,0,0,0,0,0,0,0,0,0
chr10:122546266,0,0,0,0,0,0,0,0,0,0,0,0,0
chr10:122549848,0,0,0,0,0,0,0,0,0,0,0,0,0
chr10:122637652,0,0,0,0,0,0,0,0,0,0,0,0,0
chr10:122637937,0,0,0,0,0,0,0,0,0,0,0,0,0
chr10:122709310,1,0,0,0,1,0,0,0,1,1,0,0,0
chr10:122709378,1,0,0,0,1,0,0,0,1,1,0,0,0
chr10:122710775,0,0,0,0,0,0,0,0,0,0,0,0,0
chr10:122710813,0,0,0,0,0,0,0,0,0,0,0,0,0
chr10:122743809,0,0,0,0,0,0,0,0,0,0,0,0,0
chr10:122795844,0,0,0,0,0,0,0,0,0,0,0,0,0
chr10:122833140,1,0,0,0,1,0,0,0,0,0,0,0,0
chr10:122833200,1,0,0,0,1,0,0,0,1,0,1,0,0
chr10:122848520,0,0,0,0,0,0,0,0,0,0,0,0,0
chr10:122850165,0,0,0,0,0,0,0,0,0,0,0,0,0
chr10:122852051,0,0,0,0,0,0,0,0,0,0,0,0,0
chr10:122852134,0,0,0,0,0,0,0,0,0,0,0,0,0
chr10:122852815,0,0,0,0,0,0,0,0,0,0,0,0,0
chr10:122853868,1,0,0,0,1,0,0,0,0,0,0,0,0
chr10:122855200,0,0,0,0,0,0,0,0,0,0,0,0,0
chr10:122861669,0,0,0,0,0,0,0,0,0,0,0,0,0
chr10:122920066,0,0,0,0,0,0,0,0,0,0,0,0,0
chr10:122920158,0,0,0,0,0,0,0,0,0,0,0,0,0
chr10:122963357,0,0,0,0,0,0,0,0,0,0,0,0,0
chr10:123032916,0,0,0,0,0,0,0,0,0,0,0,0,0
chr10:123034165,0,0,0,0,0,0,0,0,0,0,0,0,0
chr10:123035408,0,0,0,0,0,0,0,0,0,0,0,0,0
chr10:123036438,0,0,0,0,0,0,0,0,0,0,0,0,0
chr10:123038101,0,0,0,0,0,0,0,0,0,0,0,0,0
chr10:123039754,0,0,0,0,0,0,0,0,0,0,0,0,0
chr10:123047527,0,0,0,0,0,0,0,0,0,0,0,0,0
chr10:123078509,0,0,0,0,0,0,0,0,0,0,0,0,0
chr10:123079532,0,0,0,0,0,0,0,0,0,0,0,0,0
chr10:123080993,0,0,0,0,0,0,0,0,0,0,0,0,0
chr10:123082904,0,0,0,0,0,0,0,0,0,0,0,0,0
chr10:123085623,0,0,0,0,0,0,0,0,0,0,0,0,0
chr10:123094749,0,0,0,0,0,0,0,0,0,0,0,0,0
chr10:123106809,0,0,0,0,0,0,0,0,0,0,0,0,0
chr10:123108511,0,0,0,0,0,0,0,0,0,0,0,0,0
chr10:123124828,0,0,0,0,0,0,0,0,0,0,0,0,0
chr10:123126057,0,0,0,0,0,0,0,0,0,0,0,0,0
chr10:123139814,0,0,0,0,0,0,0,0,0,0,0,0,0
chr10:123140929,0,0,0,0,0,0,0,0,0,0,0,0,0
chr10:123159573,0,0,0,0,0,0,0,0,0,0,0,0,0
chr10:123160848,0,0,0,0,0,0,0,0,0,0,0,0,0
chr10:123162881,0,0,0,0,0,0,0,0,0,0,0,0,0
chr10:123167298,0,0,0,0,0,0,0,0,0,0,0,0,0
chr10:123180937,0,0,0,0,0,0,0,0,0,0,0,0,0
chr10:123182774,0,0,0,0,0,0,0,0,0,0,0,0,0
chr10:123183801,0,0,0,0,0,0,0,0,0,0,0,0,0
chr10:123185467,0,0,0,0,0,0,0,0,0,0,0,0,0
chr10:123198738,0,0,0,0,0,0,0,0,0,0,0,0,0
chr10:123203068,0,0,0,0,0,0,0,0,0,0,0,0,0
chr10:123207134,0,0,0,0,0,0,0,0,0,0,0,0,0
chr10:123210912,0,0,0,0,0,0,0,0,0,0,0,0,0
chr10:123212866,0,0,0,0,0,0,0,0,0,0,0,0,0
chr10:123212869,0,0,0,0,0,0,0,0,0,0,0,0,0
chr10:123273098,0,0,0,0,0,0,0,0,0,0,0,0,0
chr10:123274670,0,0,0,0,0,0,0,0,0,0,0,0,0
chr10:123276374,0,0,0,0,0,0,0,0,0,0,0,0,0
chr10:123276385,0,0,0,0,0,0,0,0,0,0,0,0,0
chr10:123277081,0,0,0,0,0,0,0,0,0,0,0,0,0
chr10:123278128,0,0,0,0,0,0,0,0,0,0,0,0,0
chr10:123282154,0,0,0,0,0,0,0,0,0,0,0,0,0
chr10:123283253,0,0,0,0,0,0,0,0,0,0,0,0,0
chr10:123283312,0,0,0,0,0,0,0,0,0,0,0,0,0
chr10:123295701,1,0,0,0,1,0,0,0,0,0,0,0,0
chr10:123296454,1,0,0,0,1,0,0,0,1,1,0,0,0
chr10:123296469,1,0,0,0,1,0,0,0,1,1,0,0,0
chr10:123296977,1,0,0,0,1,0,0,0,1,1,0,0,0
chr10:123297524,1,0,0,0,1,0,0,0,1,0,0,1,0
chr10:123299553,0,0,0,0,0,0,0,0,0,0,0,0,0
chr10:123302245,1,0,0,0,1,0,0,0,1,0,1,0,0
chr10:123302325,1,0,0,0,1,0,0,0,1,0,1,0,0
chr10:123308721,0,0,0,0,0,0,0,0,0,0,0,0,0
chr10:123318923,0,0,0,0,0,0,0,0,0,0,0,0,0
chr10:123321725,1,0,0,0,1,0,0,0,1,0,0,1,0
chr10:123322190,1,0,0,0,1,0,0,0,1,1,0,1,0
chr10:123325640,1,0,0,0,1,0,0,0,1,1,1,0,0
chr10:123325801,1,0,0,0,1,0,0,0,0,0,0,0,0
chr10:123326269,1,0,0,0,1,0,0,0,1,1,1,0,0
chr10:123326326,1,0,0,0,1,0,0,0,1,1,1,0,0
chr10:123326446,1,0,0,0,1,0,0,0,1,1,1,0,0
chr10:123327030,1,0,0,0,1,0,0,0,1,1,1,0,0
chr10:123327117,1,0,0,0,1,0,0,0,1,1,1,0,0
chr10:123327159,1,0,0,0,1,0,0,0,1,0,1,0,0
chr10:123329337,0,0,0,0,0,0,0,0,0,0,0,0,0
chr10:123329350,0,0,0,0,0,0,0,0,0,0,0,0,0
chr10:123359062,0,0,0,0,0,0,0,0,0,0,0,0,0
chr10:123788145,0,0,0,0,0,0,0,0,0,0,0,0,0
chr10:123880592,0,0,0,0,0,0,0,0,0,0,0,0,0
chr10:123886143,0,0,0,0,0,0,0,0,0,0,0,0,0
chr10:123896986,1,0,0,0,1,0,0,0,1,0,1,0,0
chr10:123913907,0,0,0,0,0,0,0,0,0,0,0,0,0
chr10:123926426,0,0,0,0,0,0,0,0,0,0,0,0,0
chr10:123938218,0,0,0,0,0,0,0,0,0,0,0,0,0
chr10:123993306,1,0,0,0,1,0,0,0,1,1,0,0,0
chr10:123993340,1,0,0,0,1,0,0,0,1,1,0,0,0
chr10:123994463,0,0,0,0,0,0,0,0,0,0,0,0,0
chr10:123994485,0,0,0,0,0,0,0,0,0,0,0,0,0
chr10:123994768,0,0,0,0,0,0,0,0,0,0,0,0,0
chr10:123994991,0,0,0,0,0,0,0,0,0,0,0,0,0
chr10:123995096,0,0,0,0,0,0,0,0,0,0,0,0,0
chr10:123996410,0,0,0,0,0,0,0,0,0,0,0,0,0
chr10:123996816,0,0,0,0,0,0,0,0,0,0,0,0,0
chr10:123997080,0,0,0,0,0,0,0,0,0,0,0,0,0
chr10:123997114,0,0,0,0,0,0,0,0,0,0,0,0,0
chr10:123998704,0,0,0,0,0,0,0,0,0,0,0,0,0
chr10:123998719,0,0,0,0,0,0,0,0,0,0,0,0,0
chr10:123998739,0,0,0,0,0,0,0,0,0,0,0,0,0
chr10:123998750,0,0,0,0,0,0,0,0,0,0,0,0,0
chr10:124008661,0,0,0,0,0,0,0,0,0,0,0,0,0
chr10:124010986,0,0,0,0,0,0,0,0,0,0,0,0,0
chr10:124011211,0,0,0,0,0,0,0,0,0,0,0,0,0
chr10:124011452,0,0,0,0,0,0,0,0,0,0,0,0,0
chr10:124036658,0,0,0,0,0,0,0,0,0,0,0,0,0
chr10:124036777,0,0,0,0,0,0,0,0,0,0,0,0,0
chr10:124036806,0,0,0,0,0,0,0,0,0,0,0,0,0
chr10:124036940,0,0,0,0,0,0,0,0,0,0,0,0,0
chr10:124037012,0,0,0,0,0,0,0,0,0,0,0,0,0
chr10:124040196,0,0,0,0,0,0,0,0,0,0,0,0,0
chr10:124055613,0,0,0,0,0,0,0,0,0,0,0,0,0
chr10:124073943,0,0,0,0,0,0,0,0,0,0,0,0,0
chr10:124118595,0,0,0,0,0,0,0,0,0,0,0,0,0
chr10:124123075,0,0,0,0,0,0,0,0,0,0,0,0,0
chr10:124123359,0,0,0,0,0,0,0,0,0,0,0,0,0
chr10:124124391,0,0,0,0,0,0,0,0,0,0,0,0,0
chr10:124125114,0,0,0,0,0,0,0,0,0,0,0,0,0
chr10:124143263,0,0,0,0,0,0,0,0,0,0,0,0,0
chr10:124143314,0,0,0,0,0,0,0,0,0,0,0,0,0
chr10:124144267,0,0,0,0,0,0,0,0,0,0,0,0,0
chr10:124145605,1,0,1,0,1,0,1,0,1,0,1,0,0
chr10:124147789,1,0,0,0,1,0,0,0,1,0,1,1,0
chr10:124226337,0,0,0,0,0,0,0,0,0,0,0,0,0
chr10:124227195,0,0,0,0,0,0,0,0,0,0,0,0,0
chr10:124228588,1,0,0,0,1,0,0,0,1,1,0,0,0
chr10:124228967,0,0,0,0,0,0,0,0,0,0,0,0,0
chr10:124229057,0,0,0,0,0,0,0,0,0,0,0,0,0
chr10:124229191,0,0,0,0,0,0,0,0,0,0,0,0,0
chr10:124267132,1,0,0,0,1,0,0,0,1,1,0,0,0
chr10:124269557,0,0,0,0,0,0,0,0,0,0,0,0,0
chr10:124269565,0,0,0,0,0,0,0,0,0,0,0,0,0
chr10:124383858,0,0,0,0,0,0,0,0,0,0,0,0,0
chr10:124386012,0,0,0,0,0,0,0,0,0,0,0,0,0
chr10:124404164,0,0,0,0,0,0,0,0,0,0,0,0,0
chr10:124406111,0,0,0,0,0,0,0,0,0,0,0,0,0
chr10:124406418,0,0,0,0,0,0,0,0,0,0,0,0,0
chr10:124407142,0,0,0,0,0,0,0,0,0,0,0,0,0
chr10:124407206,0,0,0,0,0,0,0,0,0,0,0,0,0
chr10:124408287,1,0,0,0,1,0,0,0,1,1,0,0,0
chr10:124408297,1,0,0,0,1,0,0,0,1,1,0,0,0
chr10:124408613,1,0,0,0,1,0,0,0,1,1,0,0,0
chr10:124409798,0,0,0,0,0,0,0,0,0,0,0,0,0
chr10:124410812,1,0,0,0,1,0,0,0,1,1,0,0,0
chr10:124413318,1,0,0,0,1,0,0,0,0,0,0,0,0
chr10:124414800,1,0,0,0,1,0,0,0,1,1,1,0,0
chr10:124518479,0,0,0,0,0,0,0,0,0,0,0,0,0
chr10:124519450,0,0,0,0,0,0,0,0,0,0,0,0,0
chr10:124519622,0,0,0,0,0,0,0,0,0,0,0,0,0
chr10:124520409,0,0,0,0,0,0,0,0,0,0,0,0,0
chr10:124522034,0,0,0,0,0,0,0,0,0,0,0,0,0
chr10:124522914,0,0,0,0,0,0,0,0,0,0,0,0,0
chr10:124523273,0,0,0,0,0,0,0,0,0,0,0,0,0
chr10:124524731,0,0,0,0,0,0,0,0,0,0,0,0,0
chr10:124525185,0,0,0,0,0,0,0,0,0,0,0,0,0
chr10:124525195,0,0,0,0,0,0,0,0,0,0,0,0,0
chr10:124525823,0,0,0,0,0,0,0,0,0,0,0,0,0
chr10:124525945,0,0,0,0,0,0,0,0,0,0,0,0,0
chr10:124526118,0,0,0,0,0,0,0,0,0,0,0,0,0
chr10:124552992,0,0,0,0,0,0,0,0,0,0,0,0,0
chr10:124553071,0,0,0,0,0,0,0,0,0,0,0,0,0
chr10:124572461,0,0,0,0,0,0,0,0,0,0,0,0,0
chr10:124572675,0,0,0,0,0,0,0,0,0,0,0,0,0
chr10:124573563,0,0,0,0,0,0,0,0,0,0,0,0,0
chr10:124574684,0,0,0,0,0,0,0,0,0,0,0,0,0
chr10:125146869,0,0,0,0,0,0,0,0,0,0,0,0,0
chr10:125146891,0,0,0,0,0,0,0,0,0,0,0,0,0
chr10:125146909,0,0,0,0,0,0,0,0,0,0,0,0,0
chr10:125147989,0,0,0,0,0,0,0,0,0,0,0,0,0
chr10:125148292,0,0,0,0,0,0,0,0,0,0,0,0,0
chr10:125342828,1,0,0,0,1,0,0,0,0,0,0,0,0
chr10:125343851,1,0,0,0,1,0,0,0,1,1,0,0,0
chr10:125344934,1,0,0,0,1,0,0,0,1,0,0,1,0
chr10:125363090,0,0,0,0,0,0,0,0,0,0,0,0,0
chr10:125363159,0,0,0,0,0,0,0,0,0,0,0,0,0
chr10:125372118,0,0,0,0,0,0,0,0,0,0,0,0,0
chr10:125373108,0,0,0,0,0,0,0,0,0,0,0,0,0
chr10:125373139,0,0,0,0,0,0,0,0,0,0,0,0,0
chr10:125373169,1,0,0,0,1,0,0,0,1,0,0,1,0
chr10:125373905,1,0,0,0,1,0,0,0,0,0,0,0,0
chr10:125378353,1,0,0,0,1,0,0,0,0,0,0,0,0
chr10:125434767,0,0,0,0,0,0,0,0,0,0,0,0,0
chr10:125763591,0,0,0,0,0,0,0,0,0,0,0,0,0
chr10:125763715,0,0,0,0,0,0,0,0,0,0,0,0,0
chr10:125763735,0,0,0,0,0,0,0,0,0,0,0,0,0
chr10:125785449,0,0,0,0,0,0,0,0,0,0,0,0,0
chr10:125785658,0,0,0,0,0,0,0,0,0,0,0,0,0
chr10:125787829,1,0,0,0,1,0,0,0,1,0,0,1,0
chr10:125787937,1,0,0,0,1,0,0,0,1,0,0,1,0
chr10:125787993,1,0,0,0,1,0,0,0,1,0,0,1,0
chr10:125788081,1,0,0,0,1,0,0,0,1,0,0,1,0
chr10:125895888,1,0,0,0,1,0,0,0,1,0,1,1,0
chr10:125913991,0,0,0,0,0,0,0,0,0,0,0,0,0
chr10:125990240,0,0,0,0,0,0,0,0,0,0,0,0,0
chr10:126088307,0,0,0,0,0,0,0,0,0,0,0,0,0
chr10:126089849,1,0,0,0,1,0,0,0,1,1,0,0,0
chr10:126091938,1,0,0,0,1,0,0,0,1,1,0,0,0
chr10:126096784,0,0,0,0,0,0,0,0,0,0,0,0,0
chr10:126185517,0,0,0,0,0,0,0,0,0,0,0,0,0
chr10:126187405,1,0,0,0,1,0,0,0,1,1,0,0,0
chr10:126188744,1,0,0,0,1,0,0,0,0,0,0,0,0
chr10:126628168,0,0,0,0,0,0,0,0,0,0,0,0,0
chr10:126675761,0,0,0,0,0,0,0,0,0,0,0,0,0
chr10:126788143,0,0,0,0,0,0,0,0,0,0,0,0,0
chr10:128282778,1,0,0,0,1,0,0,0,1,1,0,0,0
chr10:128282895,1,0,0,0,1,0,0,0,1,1,0,0,0
chr10:128283169,1,0,0,0,1,0,0,0,0,0,0,0,0
chr10:128283200,1,0,0,0,1,0,0,0,0,0,0,0,0
chr10:128283261,1,0,0,0,1,0,0,0,0,0,0,0,0
chr10:128284599,1,0,0,0,1,0,0,0,0,0,0,0,0
chr10:128285175,1,0,0,0,1,0,0,0,0,0,0,0,0
chr10:128290977,0,0,0,0,0,0,0,0,0,0,0,0,0
chr10:128292712,0,0,0,0,0,0,0,0,0,0,0,0,0
chr10:128292740,0,0,0,0,0,0,0,0,0,0,0,0,0
chr10:128335208,0,0,0,0,0,0,0,0,0,0,0,0,0
chr10:128336498,0,0,0,0,0,0,0,0,0,0,0,0,0
chr10:128360703,0,0,0,0,0,0,0,0,0,0,0,0,0
chr10:128365191,0,0,0,0,0,0,0,0,0,0,0,0,0
chr10:128375322,1,0,0,0,1,0,0,0,0,0,0,0,0
chr10:129679864,1,0,0,0,1,0,0,0,1,0,0,1,0
chr10:129847102,1,0,0,0,1,0,0,0,0,0,0,0,0
chr10:131075592,0,0,0,0,0,0,0,0,0,0,0,0,0
chr10:131075621,0,0,0,0,0,0,0,0,0,0,0,0,0
chr10:131075672,0,0,0,0,0,0,0,0,0,0,0,0,0
chr10:131524373,0,0,0,0,0,0,0,0,0,0,0,0,0
chr10:131567352,0,0,0,0,0,0,0,0,0,0,0,0,0
chr10:131570989,0,0,0,0,0,0,0,0,0,0,0,0,0
chr10:131692243,1,0,0,0,1,0,0,0,0,0,0,0,0
chr10:131692247,1,0,0,0,1,0,0,0,0,0,0,0,0
chr10:131793639,0,0,0,0,0,0,0,0,0,0,0,0,0
chr10:131803238,1,0,0,0,1,0,0,0,0,0,0,0,0
chr10:131870139,0,0,0,0,0,0,0,0,0,0,0,0,0
chr10:131871551,0,0,0,0,0,0,0,0,0,0,0,0,0
chr10:131907310,0,0,0,0,0,0,0,0,0,0,0,0,0
chr10:132241335,0,0,0,0,0,0,0,0,0,0,0,0,0
chr10:132245790,1,0,0,0,1,0,0,0,0,0,0,0,0
chr10:133591149,0,0,0,0,0,0,0,0,0,0,0,0,0
chr10:133609449,1,0,0,0,1,0,0,0,0,0,0,0,0
chr10:133612227,1,0,0,0,1,0,0,0,1,0,0,1,0
chr10:133621282,0,0,0,0,0,0,0,0,0,0,0,0,0
chr10:133621363,0,0,0,0,0,0,0,0,0,0,0,0,0
chr10:133759060,0,0,0,0,0,0,0,0,0,0,0,0,0
chr10:134061701,0,0,0,0,0,0,0,0,0,0,0,0,0
chr10:134101592,0,0,0,0,0,0,0,0,0,0,0,0,0
chr10:134313069,0,0,0,0,0,0,0,0,0,0,0,0,0
chr10:134944734,0,0,0,0,0,0,0,0,0,0,0,0,0
chr10:134956078,1,0,0,0,1,0,0,0,0,0,0,0,0
chr10:134956127,1,0,0,0,1,0,0,0,0,0,0,0,0
chr10:135069131,0,0,0,0,0,0,0,0,0,0,0,0,0
chr10:135241467,1,0,0,0,1,0,0,0,1,1,1,0,0
chr10:135289664,1,0,0,0,1,0,0,0,1,0,0,1,0
chr10:135493878,1,0,0,0,1,0,0,0,0,0,0,0,0
chr10:135577254,1,0,0,0,1,0,0,0,0,0,0,0,0
chr10:135578782,1,0,0,0,1,0,0,0,1,1,0,0,0
chr10:135578799,1,0,0,0,1,0,0,0,1,1,0,0,0
chr10:135653548,0,0,0,0,0,0,0,0,0,0,0,0,0
chr10:135741158,0,0,0,0,0,0,0,0,0,0,0,0,0
chr10:135815438,0,0,0,0,0,0,0,0,0,0,0,0,0
chr10:135841987,0,0,0,0,0,0,0,0,0,0,0,0,0
chr10:135847349,0,0,0,0,0,0,0,0,0,0,0,0,0
chr10:135895596,0,0,0,0,0,0,0,0,0,0,0,0,0
chr10:135904425,1,0,0,0,1,0,0,0,1,0,1,1,0
chr10:135905548,1,0,0,0,1,0,0,0,1,1,0,1,0
chr10:135966865,1,0,0,0,1,0,0,0,1,1,0,0,0
chr10:136026845,0,0,0,0,0,0,0,0,0,0,0,0,0
chr10:136038858,1,0,0,0,1,0,0,0,1,0,1,0,0
chr10:136039432,1,0,0,0,1,0,0,0,1,0,1,0,0
chr10:136040370,1,0,0,0,1,0,0,0,0,0,0,0,0
chr10:136048350,1,0,0,0,1,0,0,0,0,0,0,0,0
chr10:136049600,0,0,0,0,0,0,0,0,0,0,0,0,0
chr10:136073483,1,0,0,0,1,0,0,0,1,0,0,1,0
chr10:136073645,1,0,0,0,1,0,0,0,1,1,0,0,0
chr10:136073687,1,0,0,0,1,0,0,0,1,1,0,0,0
chr10:136073745,1,0,0,0,1,0,0,0,1,1,0,0,0
chr10:136074014,1,0,0,0,1,0,0,0,1,1,0,0,0
chr10:136074208,1,0,0,0,1,0,0,0,1,1,0,0,0
chr10:136075046,1,0,0,0,1,0,0,0,1,1,1,0,0
chr10:136075070,1,0,0,0,1,0,0,0,1,1,1,0,0
chr10:136175240,1,0,0,0,1,0,0,0,1,1,0,0,0
chr10:136178170,1,0,0,0,1,0,0,0,0,0,0,0,0
chr10:136178351,1,0,0,0,1,0,0,0,0,0,0,0,0
chr10:136228354,1,0,0,0,1,0,0,0,1,0,0,1,0
chr10:136232990,0,0,0,0,0,0,0,0,0,0,0,0,0
chr10:136247598,0,0,0,0,0,0,0,0,0,0,0,0,0
chr10:136247866,0,0,0,0,0,0,0,0,0,0,0,0,0
chr10:136296616,1,0,0,0,1,0,0,0,1,0,0,1,0
chr10:136305917,0,0,0,0,0,0,0,0,0,0,0,0,0
chr10:136306939,0,0,0,0,0,0,0,0,0,0,0,0,0
chr10:136307625,1,0,0,0,1,0,0,0,1,0,0,1,0
chr10:136307715,1,0,0,0,1,0,0,0,1,1,0,0,0
chr10:136310413,0,0,0,0,0,0,0,0,0,0,0,0,0
chr10:136484548,0,0,0,0,0,0,0,0,0,0,0,0,0
chr10:136488105,0,0,0,0,0,0,0,0,0,0,0,0,0
chr10:136488578,0,0,0,0,0,0,0,0,0,0,0,0,0
chr10:136619453,0,0,0,0,0,0,0,0,0,0,0,0,0
chr10:136647770,0,0,0,0,0,0,0,0,0,0,0,0,0
chr10:136687637,0,0,0,0,0,0,0,0,0,0,0,0,0
chr10:136804172,1,0,0,0,1,0,0,0,1,0,1,0,0
chr10:137001840,0,0,0,0,0,0,0,0,0,0,0,0,0
chr10:138680221,1,0,0,0,1,0,0,0,1,1,0,0,0
chr10:138681099,0,0,0,0,0,0,0,0,0,0,0,0,0
chr10:138694844,0,0,0,0,0,0,0,0,0,0,0,0,0
chr10:138895290,1,0,0,0,1,0,0,0,1,1,0,0,0
chr10:138975741,1,0,0,0,1,0,0,0,0,0,0,0,0
chr10:138978859,0,0,0,0,0,0,0,0,0,0,0,0,0
chr10:138980673,0,0,0,0,0,0,0,0,0,0,0,0,0
chr10:138982875,0,0,0,0,0,0,0,0,0,0,0,0,0
chr10:139019927,0,0,0,0,0,0,0,0,0,0,0,0,0
chr10:139024978,0,0,0,0,0,0,0,0,0,0,0,0,0
chr10:139051907,0,0,0,0,0,0,0,0,0,0,0,0,0
chr10:139300588,1,0,0,0,1,0,0,0,1,1,0,1,0
chr10:139303121,1,0,0,0,1,0,0,0,1,1,0,0,0
chr10:139304419,0,0,0,0,0,0,0,0,0,0,0,0,0
chr10:139306519,0,0,0,0,0,0,0,0,0,0,0,0,0
chr10:139306725,0,0,0,0,0,0,0,0,0,0,0,0,0
chr10:139307114,0,0,0,0,0,0,0,0,0,0,0,0,0
chr10:139317606,0,0,0,0,0,0,0,0,0,0,0,0,0
chr10:139319181,0,0,0,0,0,0,0,0,0,0,0,0,0
chr10:139536647,0,0,0,0,0,0,0,0,0,0,0,0,0
chr10:139791643,0,0,0,0,0,0,0,0,0,0,0,0,0
chr10:139987459,0,0,0,0,0,0,0,0,0,0,0,0,0
chr10:140018376,0,0,0,0,0,0,0,0,0,0,0,0,0
chr10:140504692,0,0,0,0,0,0,0,0,0,0,0,0,0
chr10:140511837,0,0,0,0,0,0,0,0,0,0,0,0,0
chr10:140758420,1,0,0,0,1,0,0,0,1,1,0,0,0
chr10:140761866,0,0,0,0,0,0,0,0,0,0,0,0,0
chr10:140836076,1,0,0,0,1,0,0,0,1,1,0,0,0
chr10:140888275,0,0,0,0,0,0,0,0,0,0,0,0,0
chr10:141451016,1,0,0,0,1,0,0,0,1,0,0,1,0
chr10:141451045,1,0,0,0,1,0,0,0,1,0,0,1,0
chr10:141995358,1,0,0,0,1,0,0,0,1,0,1,0,0
chr10:142052350,0,0,0,0,0,0,0,0,0,0,0,0,0
chr10:142081124,0,0,0,0,0,0,0,0,0,0,0,0,0
chr10:142129321,0,0,0,0,0,0,0,0,0,0,0,0,0
chr10:142329644,0,0,0,0,0,0,0,0,0,0,0,0,0
chr10:142389784,0,0,0,0,0,0,0,0,0,0,0,0,0
chr10:142401879,0,0,0,0,0,0,0,0,0,0,0,0,0
chr10:142607340,0,0,0,0,0,0,0,0,0,0,0,0,0
chr10:142621270,1,0,0,0,1,0,0,0,0,0,0,0,0
chr10:142757371,0,0,0,0,0,0,0,0,0,0,0,0,0
chr10:142867992,1,0,0,0,1,0,0,0,0,0,0,0,0
chr10:142990238,1,0,0,0,1,0,0,0,1,0,1,0,0
chr10:143139318,0,0,0,0,0,0,0,0,0,0,0,0,0
chr10:143163419,0,0,0,0,0,0,0,0,0,0,0,0,0
chr10:143363907,0,0,0,0,0,0,0,0,0,0,0,0,0
chr10:143596900,0,0,0,0,0,0,0,0,0,0,0,0,0
chr10:143960081,1,0,0,0,1,0,0,0,1,0,1,0,0
chr10:144257791,0,0,0,0,0,0,0,0,0,0,0,0,0
chr10:144259731,0,0,0,0,0,0,0,0,0,0,0,0,0
chr10:144888502,1,0,0,0,1,0,0,0,1,0,1,0,0
chr10:144893667,0,0,0,0,0,0,0,0,0,0,0,0,0
chr10:144894744,0,0,0,0,0,0,0,0,0,0,0,0,0
chr10:144895358,0,0,0,0,0,0,0,0,0,0,0,0,0
chr10:144896479,0,0,0,0,0,0,0,0,0,0,0,0,0
chr10:145203398,0,0,0,0,0,0,0,0,0,0,0,0,0
chr10:145634219,1,0,0,0,1,0,0,0,1,1,0,0,0
chr10:145644924,0,0,0,0,0,0,0,0,0,0,0,0,0
chr10:145645064,0,0,0,0,0,0,0,0,0,0,0,0,0
chr10:145645153,0,0,0,0,0,0,0,0,0,0,0,0,0
chr10:145792585,0,0,0,0,0,0,0,0,0,0,0,0,0
chr10:145904081,1,0,0,0,1,0,0,0,0,0,0,0,0
chr10:145954119,0,0,0,0,0,0,0,0,0,0,0,0,0
chr10:145954184,0,0,0,0,0,0,0,0,0,0,0,0,0
chr10:145956997,0,0,0,0,0,0,0,0,0,0,0,0,0
chr10:146119794,0,0,0,0,0,0,0,0,0,0,0,0,0
chr10:146126379,0,0,0,0,0,0,0,0,0,0,0,0,0
chr10:146128701,0,0,0,0,0,0,0,0,0,0,0,0,0
chr10:146956618,1,0,0,0,1,0,0,0,1,0,1,0,0
chr10:146956796,1,0,0,0,1,0,0,0,1,0,1,0,0
chr10:148050586,1,0,0,0,1,0,0,0,0,0,0,0,0
chr10:148193804,1,0,0,0,1,0,0,0,1,1,1,0,0
chr10:149460860,1,0,0,0,1,0,0,0,0,0,0,0,0
chr10:149785498,0,0,0,0,0,0,0,0,0,0,0,0,0
chr10:150122611,0,0,0,0,0,0,0,0,0,0,0,0,0
